  0
SECTION
  2
HEADER
  9
$ACADVER
  1
AC1009
  9
$FILLMODE
 70
1
  9
$EXTMIN
 10
-0.012000
 20
0.000000
 30
0.000000
  9
$EXTMAX
 10
1.772000
 20
2.950000
 30
0.000000
  0
ENDSEC
  0
SECTION
  2
TABLES
  0
TABLE
  2
LTYPE
 70
1
  0
LTYPE
  2
CONTINUOUS
 70
64
  3
Solid line
 72
65
 73
0
 40
0
  0
ENDTAB
  0
TABLE
  2
LAYER
 70
255
  0
LAYER
  2
1
 70
64
 62
12
  6
CONTINUOUS
  0
LAYER
  2
16
 70
64
 62
132
  6
CONTINUOUS
  0
LAYER
  2
17
 70
64
 62
110
  6
CONTINUOUS
  0
LAYER
  2
18
 70
64
 62
110
  6
CONTINUOUS
  0
LAYER
  2
19
 70
64
 62
53
  6
CONTINUOUS
  0
LAYER
  2
20
 70
64
 62
31
  6
CONTINUOUS
  0
LAYER
  2
21
 70
64
 62
253
  6
CONTINUOUS
  0
LAYER
  2
22
 70
64
 62
253
  6
CONTINUOUS
  0
LAYER
  2
23
 70
64
 62
53
  6
CONTINUOUS
  0
LAYER
  2
24
 70
64
 62
53
  6
CONTINUOUS
  0
LAYER
  2
25
 70
64
 62
253
  6
CONTINUOUS
  0
LAYER
  2
26
 70
64
 62
253
  6
CONTINUOUS
  0
LAYER
  2
27
 70
64
 62
253
  6
CONTINUOUS
  0
LAYER
  2
28
 70
64
 62
253
  6
CONTINUOUS
  0
LAYER
  2
39
 70
64
 62
12
  6
CONTINUOUS
  0
LAYER
  2
40
 70
64
 62
132
  6
CONTINUOUS
  0
LAYER
  2
41
 70
64
 62
12
  6
CONTINUOUS
  0
LAYER
  2
42
 70
64
 62
132
  6
CONTINUOUS
  0
LAYER
  2
43
 70
64
 62
110
  6
CONTINUOUS
  0
LAYER
  2
45
 70
64
 62
253
  6
CONTINUOUS
  0
LAYER
  2
48
 70
64
 62
253
  6
CONTINUOUS
  0
LAYER
  2
49
 70
64
 62
253
  6
CONTINUOUS
  0
LAYER
  2
51
 70
64
 62
253
  6
CONTINUOUS
  0
LAYER
  2
52
 70
64
 62
253
  6
CONTINUOUS
  0
ENDTAB
  0
ENDSEC
  0
SECTION
  2
BLOCKS
  0
BLOCK
  8
0
  2
RECT
 70
64
 10
0.000000
 20
0.000000
 30
0.000000
  3
RECT
  0
SOLID
  8
0
 10
-0.500000
 20
-0.500000
 30
0.000000
 11
0.500000
 21
-0.500000
 31
0.000000
 12
-0.500000
 22
0.500000
 32
0.000000
 13
0.500000
 23
0.500000
 33
0.000000
  0
ENDBLK
  8
0
  0
BLOCK
  8
0
  2
PIE
 70
64
 10
0.000000
 20
0.000000
 30
0.000000
  3
PIE
  0
POLYLINE
  8
0
 66
1
 10
0.000000
 20
0.000000
 30
0.000000
 40
0.500000
 41
0.500000
 70
0
  0
VERTEX
  8
0
 10
0.000000
 20
-0.250000
 30
0.000000
 42
1.000000
  0
VERTEX
  8
0
 10
0.000000
 20
0.250000
 30
0.000000
 42
1.000000
  0
VERTEX
  8
0
 10
0.000000
 20
-0.250000
 30
0.000000
  0
SEQEND
  8
0
  0
ENDBLK
  8
0
  0
BLOCK
  8
0
  2
OCTAGONP
 70
64
 10
0.000000
 20
0.000000
 30
0.000000
  3
OCTAGONP
  0
POLYLINE
  8
0
 66
1
 10
0.000000
 20
0.000000
 30
0.000000
 40
0.500000
 41
0.500000
 70
0
  0
VERTEX
  8
0
 10
-0.250000
 20
-0.103553
 30
0.000000
  0
VERTEX
  8
0
 10
-0.250000
 20
0.103553
 30
0.000000
  0
VERTEX
  8
0
 10
-0.103553
 20
0.250000
 30
0.000000
  0
VERTEX
  8
0
 10
0.103553
 20
0.250000
 30
0.000000
  0
VERTEX
  8
0
 10
0.250000
 20
0.103553
 30
0.000000
  0
VERTEX
  8
0
 10
0.250000
 20
-0.103553
 30
0.000000
  0
VERTEX
  8
0
 10
0.103553
 20
-0.250000
 30
0.000000
  0
VERTEX
  8
0
 10
-0.103553
 20
-0.250000
 30
0.000000
  0
VERTEX
  8
0
 10
-0.250000
 20
-0.103553
 30
0.000000
  0
VERTEX
  8
0
 10
-0.250000
 20
0.103553
 30
0.000000
  0
SEQEND
  8
0
  0
ENDBLK
  8
0
  0
BLOCK
  8
0
  2
SQUAREP
 70
64
 10
0.000000
 20
0.000000
 30
0.000000
  3
SQUAREP
  0
SOLID
  8
0
 10
-0.500000
 20
-0.500000
 30
0.000000
 11
0.500000
 21
-0.500000
 31
0.000000
 12
-0.500000
 22
0.500000
 32
0.000000
 13
0.500000
 23
0.500000
 33
0.000000
  0
ENDBLK
  8
0
  0
BLOCK
  8
0
  2
ROUNDP
 70
64
 10
0.000000
 20
0.000000
 30
0.000000
  3
ROUNDP
  0
POLYLINE
  8
0
 66
1
 10
0.000000
 20
0.000000
 30
0.000000
 40
0.500000
 41
0.500000
 70
0
  0
VERTEX
  8
0
 10
0.000000
 20
-0.250000
 30
0.000000
 42
1.000000
  0
VERTEX
  8
0
 10
0.000000
 20
0.250000
 30
0.000000
 42
1.000000
  0
VERTEX
  8
0
 10
0.000000
 20
-0.250000
 30
0.000000
  0
SEQEND
  8
0
  0
ENDBLK
  8
0
  0
BLOCK
  8
0
  2
ANNULUSP
 70
64
 10
0.000000
 20
0.000000
 30
0.000000
  3
ANNULUSP
  0
POLYLINE
  8
0
 66
1
 10
0.000000
 20
0.000000
 30
0.000000
 40
0.500000
 41
0.500000
 70
0
  0
VERTEX
  8
0
 10
0.000000
 20
-0.250000
 30
0.000000
 42
1.000000
  0
VERTEX
  8
0
 10
0.000000
 20
0.250000
 30
0.000000
 42
1.000000
  0
VERTEX
  8
0
 10
0.000000
 20
-0.250000
 30
0.000000
  0
SEQEND
  8
0
  0
ENDBLK
  8
0
  0
BLOCK
  8
0
  2
THERMALP
 70
64
 10
0.000000
 20
0.000000
 30
0.000000
  3
THERMALP
  0
POLYLINE
  8
0
 66
1
 10
0.000000
 20
0.000000
 30
0.000000
 40
0.100000
 41
0.100000
 70
0
  0
VERTEX
  8
0
 10
-0.237868
 20
0.450000
 30
0.000000
  0
VERTEX
  8
0
 10
0.237868
 20
0.450000
 30
0.000000
  0
SEQEND
  8
0
  0
POLYLINE
  8
0
 66
1
 10
0.000000
 20
0.000000
 30
0.000000
 40
0.050000
 41
0.050000
 70
0
  0
VERTEX
  8
0
 10
0.237868
 20
0.425000
 30
0.000000
 42
1.000000
  0
VERTEX
  8
0
 10
0.237868
 20
0.475000
 30
0.000000
  0
SEQEND
  8
0
  0
POLYLINE
  8
0
 66
1
 10
0.000000
 20
0.000000
 30
0.000000
 40
0.050000
 41
0.050000
 70
0
  0
VERTEX
  8
0
 10
-0.237868
 20
0.475000
 30
0.000000
 42
1.000000
  0
VERTEX
  8
0
 10
-0.237868
 20
0.425000
 30
0.000000
  0
SEQEND
  8
0
  0
POLYLINE
  8
0
 66
1
 10
0.000000
 20
0.000000
 30
0.000000
 40
0.100000
 41
0.100000
 70
0
  0
VERTEX
  8
0
 10
0.450000
 20
0.237868
 30
0.000000
  0
VERTEX
  8
0
 10
0.450000
 20
-0.237868
 30
0.000000
  0
SEQEND
  8
0
  0
POLYLINE
  8
0
 66
1
 10
0.000000
 20
0.000000
 30
0.000000
 40
0.050000
 41
0.050000
 70
0
  0
VERTEX
  8
0
 10
0.425000
 20
-0.237868
 30
0.000000
 42
1.000000
  0
VERTEX
  8
0
 10
0.475000
 20
-0.237868
 30
0.000000
  0
SEQEND
  8
0
  0
POLYLINE
  8
0
 66
1
 10
0.000000
 20
0.000000
 30
0.000000
 40
0.050000
 41
0.050000
 70
0
  0
VERTEX
  8
0
 10
0.475000
 20
0.237868
 30
0.000000
 42
1.000000
  0
VERTEX
  8
0
 10
0.425000
 20
0.237868
 30
0.000000
  0
SEQEND
  8
0
  0
POLYLINE
  8
0
 66
1
 10
0.000000
 20
0.000000
 30
0.000000
 40
0.100000
 41
0.100000
 70
0
  0
VERTEX
  8
0
 10
0.237868
 20
-0.450000
 30
0.000000
  0
VERTEX
  8
0
 10
-0.237868
 20
-0.450000
 30
0.000000
  0
SEQEND
  8
0
  0
POLYLINE
  8
0
 66
1
 10
0.000000
 20
0.000000
 30
0.000000
 40
0.050000
 41
0.050000
 70
0
  0
VERTEX
  8
0
 10
-0.237868
 20
-0.425000
 30
0.000000
 42
1.000000
  0
VERTEX
  8
0
 10
-0.237868
 20
-0.475000
 30
0.000000
  0
SEQEND
  8
0
  0
POLYLINE
  8
0
 66
1
 10
0.000000
 20
0.000000
 30
0.000000
 40
0.050000
 41
0.050000
 70
0
  0
VERTEX
  8
0
 10
0.237868
 20
-0.475000
 30
0.000000
 42
1.000000
  0
VERTEX
  8
0
 10
0.237868
 20
-0.425000
 30
0.000000
  0
SEQEND
  8
0
  0
POLYLINE
  8
0
 66
1
 10
0.000000
 20
0.000000
 30
0.000000
 40
0.100000
 41
0.100000
 70
0
  0
VERTEX
  8
0
 10
-0.450000
 20
-0.237868
 30
0.000000
  0
VERTEX
  8
0
 10
-0.450000
 20
0.237868
 30
0.000000
  0
SEQEND
  8
0
  0
POLYLINE
  8
0
 66
1
 10
0.000000
 20
0.000000
 30
0.000000
 40
0.050000
 41
0.050000
 70
0
  0
VERTEX
  8
0
 10
-0.425000
 20
0.237868
 30
0.000000
 42
1.000000
  0
VERTEX
  8
0
 10
-0.475000
 20
0.237868
 30
0.000000
  0
SEQEND
  8
0
  0
POLYLINE
  8
0
 66
1
 10
0.000000
 20
0.000000
 30
0.000000
 40
0.050000
 41
0.050000
 70
0
  0
VERTEX
  8
0
 10
-0.475000
 20
-0.237868
 30
0.000000
 42
1.000000
  0
VERTEX
  8
0
 10
-0.425000
 20
-0.237868
 30
0.000000
  0
SEQEND
  8
0
  0
ENDBLK
  8
0
  0
BLOCK
  8
0
  2
OCTAGONV
 70
64
 10
0.000000
 20
0.000000
 30
0.000000
  3
OCTAGONV
  0
POLYLINE
  8
0
 66
1
 10
0.000000
 20
0.000000
 30
0.000000
 40
0.500000
 41
0.500000
 70
0
  0
VERTEX
  8
0
 10
-0.250000
 20
-0.103553
 30
0.000000
  0
VERTEX
  8
0
 10
-0.250000
 20
0.103553
 30
0.000000
  0
VERTEX
  8
0
 10
-0.103553
 20
0.250000
 30
0.000000
  0
VERTEX
  8
0
 10
0.103553
 20
0.250000
 30
0.000000
  0
VERTEX
  8
0
 10
0.250000
 20
0.103553
 30
0.000000
  0
VERTEX
  8
0
 10
0.250000
 20
-0.103553
 30
0.000000
  0
VERTEX
  8
0
 10
0.103553
 20
-0.250000
 30
0.000000
  0
VERTEX
  8
0
 10
-0.103553
 20
-0.250000
 30
0.000000
  0
VERTEX
  8
0
 10
-0.250000
 20
-0.103553
 30
0.000000
  0
VERTEX
  8
0
 10
-0.250000
 20
0.103553
 30
0.000000
  0
SEQEND
  8
0
  0
ENDBLK
  8
0
  0
BLOCK
  8
0
  2
SQUAREV
 70
64
 10
0.000000
 20
0.000000
 30
0.000000
  3
SQUAREV
  0
SOLID
  8
0
 10
-0.500000
 20
-0.500000
 30
0.000000
 11
0.500000
 21
-0.500000
 31
0.000000
 12
-0.500000
 22
0.500000
 32
0.000000
 13
0.500000
 23
0.500000
 33
0.000000
  0
ENDBLK
  8
0
  0
BLOCK
  8
0
  2
ROUNDV
 70
64
 10
0.000000
 20
0.000000
 30
0.000000
  3
ROUNDV
  0
POLYLINE
  8
0
 66
1
 10
0.000000
 20
0.000000
 30
0.000000
 40
0.500000
 41
0.500000
 70
0
  0
VERTEX
  8
0
 10
0.000000
 20
-0.250000
 30
0.000000
 42
1.000000
  0
VERTEX
  8
0
 10
0.000000
 20
0.250000
 30
0.000000
 42
1.000000
  0
VERTEX
  8
0
 10
0.000000
 20
-0.250000
 30
0.000000
  0
SEQEND
  8
0
  0
ENDBLK
  8
0
  0
BLOCK
  8
0
  2
ANNULUSV
 70
64
 10
0.000000
 20
0.000000
 30
0.000000
  3
ANNULUSV
  0
POLYLINE
  8
0
 66
1
 10
0.000000
 20
0.000000
 30
0.000000
 40
0.500000
 41
0.500000
 70
0
  0
VERTEX
  8
0
 10
0.000000
 20
-0.250000
 30
0.000000
 42
1.000000
  0
VERTEX
  8
0
 10
0.000000
 20
0.250000
 30
0.000000
 42
1.000000
  0
VERTEX
  8
0
 10
0.000000
 20
-0.250000
 30
0.000000
  0
SEQEND
  8
0
  0
ENDBLK
  8
0
  0
BLOCK
  8
0
  2
THERMALV
 70
64
 10
0.000000
 20
0.000000
 30
0.000000
  3
THERMALV
  0
POLYLINE
  8
0
 66
1
 10
0.000000
 20
0.000000
 30
0.000000
 40
0.100000
 41
0.100000
 70
0
  0
VERTEX
  8
0
 10
-0.237868
 20
0.450000
 30
0.000000
  0
VERTEX
  8
0
 10
0.237868
 20
0.450000
 30
0.000000
  0
SEQEND
  8
0
  0
POLYLINE
  8
0
 66
1
 10
0.000000
 20
0.000000
 30
0.000000
 40
0.050000
 41
0.050000
 70
0
  0
VERTEX
  8
0
 10
0.237868
 20
0.425000
 30
0.000000
 42
1.000000
  0
VERTEX
  8
0
 10
0.237868
 20
0.475000
 30
0.000000
  0
SEQEND
  8
0
  0
POLYLINE
  8
0
 66
1
 10
0.000000
 20
0.000000
 30
0.000000
 40
0.050000
 41
0.050000
 70
0
  0
VERTEX
  8
0
 10
-0.237868
 20
0.475000
 30
0.000000
 42
1.000000
  0
VERTEX
  8
0
 10
-0.237868
 20
0.425000
 30
0.000000
  0
SEQEND
  8
0
  0
POLYLINE
  8
0
 66
1
 10
0.000000
 20
0.000000
 30
0.000000
 40
0.100000
 41
0.100000
 70
0
  0
VERTEX
  8
0
 10
0.450000
 20
0.237868
 30
0.000000
  0
VERTEX
  8
0
 10
0.450000
 20
-0.237868
 30
0.000000
  0
SEQEND
  8
0
  0
POLYLINE
  8
0
 66
1
 10
0.000000
 20
0.000000
 30
0.000000
 40
0.050000
 41
0.050000
 70
0
  0
VERTEX
  8
0
 10
0.425000
 20
-0.237868
 30
0.000000
 42
1.000000
  0
VERTEX
  8
0
 10
0.475000
 20
-0.237868
 30
0.000000
  0
SEQEND
  8
0
  0
POLYLINE
  8
0
 66
1
 10
0.000000
 20
0.000000
 30
0.000000
 40
0.050000
 41
0.050000
 70
0
  0
VERTEX
  8
0
 10
0.475000
 20
0.237868
 30
0.000000
 42
1.000000
  0
VERTEX
  8
0
 10
0.425000
 20
0.237868
 30
0.000000
  0
SEQEND
  8
0
  0
POLYLINE
  8
0
 66
1
 10
0.000000
 20
0.000000
 30
0.000000
 40
0.100000
 41
0.100000
 70
0
  0
VERTEX
  8
0
 10
0.237868
 20
-0.450000
 30
0.000000
  0
VERTEX
  8
0
 10
-0.237868
 20
-0.450000
 30
0.000000
  0
SEQEND
  8
0
  0
POLYLINE
  8
0
 66
1
 10
0.000000
 20
0.000000
 30
0.000000
 40
0.050000
 41
0.050000
 70
0
  0
VERTEX
  8
0
 10
-0.237868
 20
-0.425000
 30
0.000000
 42
1.000000
  0
VERTEX
  8
0
 10
-0.237868
 20
-0.475000
 30
0.000000
  0
SEQEND
  8
0
  0
POLYLINE
  8
0
 66
1
 10
0.000000
 20
0.000000
 30
0.000000
 40
0.050000
 41
0.050000
 70
0
  0
VERTEX
  8
0
 10
0.237868
 20
-0.475000
 30
0.000000
 42
1.000000
  0
VERTEX
  8
0
 10
0.237868
 20
-0.425000
 30
0.000000
  0
SEQEND
  8
0
  0
POLYLINE
  8
0
 66
1
 10
0.000000
 20
0.000000
 30
0.000000
 40
0.100000
 41
0.100000
 70
0
  0
VERTEX
  8
0
 10
-0.450000
 20
-0.237868
 30
0.000000
  0
VERTEX
  8
0
 10
-0.450000
 20
0.237868
 30
0.000000
  0
SEQEND
  8
0
  0
POLYLINE
  8
0
 66
1
 10
0.000000
 20
0.000000
 30
0.000000
 40
0.050000
 41
0.050000
 70
0
  0
VERTEX
  8
0
 10
-0.425000
 20
0.237868
 30
0.000000
 42
1.000000
  0
VERTEX
  8
0
 10
-0.475000
 20
0.237868
 30
0.000000
  0
SEQEND
  8
0
  0
POLYLINE
  8
0
 66
1
 10
0.000000
 20
0.000000
 30
0.000000
 40
0.050000
 41
0.050000
 70
0
  0
VERTEX
  8
0
 10
-0.475000
 20
-0.237868
 30
0.000000
 42
1.000000
  0
VERTEX
  8
0
 10
-0.425000
 20
-0.237868
 30
0.000000
  0
SEQEND
  8
0
  0
ENDBLK
  8
0
  0
BLOCK
  8
0
  2
LONGP100
 70
64
 10
0.000000
 20
0.000000
 30
0.000000
  3
LONGP100
  0
POLYLINE
  8
0
 66
1
 10
0.000000
 20
0.000000
 30
0.000000
 40
1.000000
 41
1.000000
 70
0
  0
VERTEX
  8
0
 10
-0.500000
 20
0.000000
 30
0.000000
  0
VERTEX
  8
0
 10
0.500000
 20
0.000000
 30
0.000000
  0
SEQEND
  8
0
  0
POLYLINE
  8
0
 66
1
 10
0.000000
 20
0.000000
 30
0.000000
 40
0.500000
 41
0.500000
 70
0
  0
VERTEX
  8
0
 10
0.500000
 20
-0.250000
 30
0.000000
 42
1.000000
  0
VERTEX
  8
0
 10
0.500000
 20
0.250000
 30
0.000000
  0
SEQEND
  8
0
  0
POLYLINE
  8
0
 66
1
 10
0.000000
 20
0.000000
 30
0.000000
 40
0.500000
 41
0.500000
 70
0
  0
VERTEX
  8
0
 10
-0.500000
 20
0.250000
 30
0.000000
 42
1.000000
  0
VERTEX
  8
0
 10
-0.500000
 20
-0.250000
 30
0.000000
  0
SEQEND
  8
0
  0
ENDBLK
  8
0
  0
ENDSEC
  0
SECTION
  2
ENTITIES
  0
LINE
  8
20
 10
0.000000
 20
0.000000
 30
0.000000
 11
1.700000
 21
0.000000
 31
0.000000
  0
LINE
  8
20
 10
1.700000
 20
0.000000
 30
0.000000
 11
1.700000
 21
0.600000
 31
0.000000
  0
LINE
  8
20
 10
1.700000
 20
2.950000
 30
0.000000
 11
0.000000
 21
2.950000
 31
0.000000
  0
LINE
  8
20
 10
0.000000
 20
0.600000
 30
0.000000
 11
0.250000
 21
0.600000
 31
0.000000
  0
LINE
  8
20
 10
0.400000
 20
0.600000
 30
0.000000
 11
0.650000
 21
0.600000
 31
0.000000
  0
LINE
  8
20
 10
1.050000
 20
0.600000
 30
0.000000
 11
1.300000
 21
0.600000
 31
0.000000
  0
LINE
  8
20
 10
1.450000
 20
0.600000
 30
0.000000
 11
1.700000
 21
0.600000
 31
0.000000
  0
LINE
  8
20
 10
0.000000
 20
0.650000
 30
0.000000
 11
0.250000
 21
0.650000
 31
0.000000
  0
LINE
  8
20
 10
0.400000
 20
0.650000
 30
0.000000
 11
1.300000
 21
0.650000
 31
0.000000
  0
LINE
  8
20
 10
1.450000
 20
0.650000
 30
0.000000
 11
1.700000
 21
0.650000
 31
0.000000
  0
ARC
  8
20
 10
0.850000
 20
0.600000
 30
0.000000
 40
0.200000
 50
180.000000
 51
0.000000
  0
ARC
  8
20
 10
0.250000
 20
0.625000
 30
0.000000
 40
0.025000
 50
270.000000
 51
90.000000
  0
ARC
  8
20
 10
0.400000
 20
0.625000
 30
0.000000
 40
0.025000
 50
90.000000
 51
270.000000
  0
ARC
  8
20
 10
1.450000
 20
0.625000
 30
0.000000
 40
0.025000
 50
90.000000
 51
270.000000
  0
ARC
  8
20
 10
1.300000
 20
0.625000
 30
0.000000
 40
0.025000
 50
270.000000
 51
90.000000
  0
LINE
  8
20
 10
0.000000
 20
0.000000
 30
0.000000
 11
0.000000
 21
0.600000
 31
0.000000
  0
LINE
  8
20
 10
0.000000
 20
0.650000
 30
0.000000
 11
0.000000
 21
2.950000
 31
0.000000
  0
LINE
  8
20
 10
1.700000
 20
0.650000
 30
0.000000
 11
1.700000
 21
2.950000
 31
0.000000
  0
CIRCLE
  8
20
 10
0.525000
 20
0.450000
 30
0.000000
 40
0.039370
  0
CIRCLE
  8
20
 10
1.175000
 20
0.450000
 30
0.000000
 40
0.039370
  0
CIRCLE
  8
20
 10
0.125000
 20
2.125000
 30
0.000000
 40
0.062500
  0
CIRCLE
  8
20
 10
0.125000
 20
1.725000
 30
0.000000
 40
0.062500
  0
CIRCLE
  8
20
 10
0.125000
 20
1.325000
 30
0.000000
 40
0.062500
  0
CIRCLE
  8
20
 10
1.575000
 20
2.125000
 30
0.000000
 40
0.062500
  0
CIRCLE
  8
20
 10
1.575000
 20
1.725000
 30
0.000000
 40
0.062500
  0
CIRCLE
  8
20
 10
1.575000
 20
1.325000
 30
0.000000
 40
0.062500
  0
POINT
  8
23
 10
1.575000
 20
0.600000
 30
0.000000
  0
POLYLINE
  8
21
 66
1
 10
0.000000
 20
0.000000
 30
0.000000
 40
0.006000
 41
0.006000
 70
0
  0
VERTEX
  8
21
 10
1.675000
 20
0.675000
 30
0.000000
  0
VERTEX
  8
21
 10
1.575000
 20
0.675000
 30
0.000000
  0
SEQEND
  8
0
  0
POLYLINE
  8
21
 66
1
 10
0.000000
 20
0.000000
 30
0.000000
 40
0.003000
 41
0.003000
 70
0
  0
VERTEX
  8
21
 10
1.575000
 20
0.676500
 30
0.000000
 42
1.000000
  0
VERTEX
  8
21
 10
1.575000
 20
0.673500
 30
0.000000
  0
SEQEND
  8
0
  0
POLYLINE
  8
21
 66
1
 10
0.000000
 20
0.000000
 30
0.000000
 40
0.003000
 41
0.003000
 70
0
  0
VERTEX
  8
21
 10
1.675000
 20
0.673500
 30
0.000000
 42
1.000000
  0
VERTEX
  8
21
 10
1.675000
 20
0.676500
 30
0.000000
  0
SEQEND
  8
0
  0
POLYLINE
  8
21
 66
1
 10
0.000000
 20
0.000000
 30
0.000000
 40
0.006000
 41
0.006000
 70
0
  0
VERTEX
  8
21
 10
1.575000
 20
0.675000
 30
0.000000
  0
VERTEX
  8
21
 10
1.575000
 20
0.575000
 30
0.000000
  0
SEQEND
  8
0
  0
POLYLINE
  8
21
 66
1
 10
0.000000
 20
0.000000
 30
0.000000
 40
0.003000
 41
0.003000
 70
0
  0
VERTEX
  8
21
 10
1.573500
 20
0.575000
 30
0.000000
 42
1.000000
  0
VERTEX
  8
21
 10
1.576500
 20
0.575000
 30
0.000000
  0
SEQEND
  8
0
  0
POLYLINE
  8
21
 66
1
 10
0.000000
 20
0.000000
 30
0.000000
 40
0.003000
 41
0.003000
 70
0
  0
VERTEX
  8
21
 10
1.576500
 20
0.675000
 30
0.000000
 42
1.000000
  0
VERTEX
  8
21
 10
1.573500
 20
0.675000
 30
0.000000
  0
SEQEND
  8
0
  0
POLYLINE
  8
21
 66
1
 10
0.000000
 20
0.000000
 30
0.000000
 40
0.006000
 41
0.006000
 70
0
  0
VERTEX
  8
21
 10
1.575000
 20
0.575000
 30
0.000000
  0
VERTEX
  8
21
 10
1.675000
 20
0.575000
 30
0.000000
  0
SEQEND
  8
0
  0
POLYLINE
  8
21
 66
1
 10
0.000000
 20
0.000000
 30
0.000000
 40
0.003000
 41
0.003000
 70
0
  0
VERTEX
  8
21
 10
1.675000
 20
0.573500
 30
0.000000
 42
1.000000
  0
VERTEX
  8
21
 10
1.675000
 20
0.576500
 30
0.000000
  0
SEQEND
  8
0
  0
POLYLINE
  8
21
 66
1
 10
0.000000
 20
0.000000
 30
0.000000
 40
0.003000
 41
0.003000
 70
0
  0
VERTEX
  8
21
 10
1.575000
 20
0.576500
 30
0.000000
 42
1.000000
  0
VERTEX
  8
21
 10
1.575000
 20
0.573500
 30
0.000000
  0
SEQEND
  8
0
  0
POLYLINE
  8
21
 66
1
 10
0.000000
 20
0.000000
 30
0.000000
 40
0.006000
 41
0.006000
 70
0
  0
VERTEX
  8
21
 10
1.675000
 20
0.575000
 30
0.000000
  0
VERTEX
  8
21
 10
1.675000
 20
0.675000
 30
0.000000
  0
SEQEND
  8
0
  0
POLYLINE
  8
21
 66
1
 10
0.000000
 20
0.000000
 30
0.000000
 40
0.003000
 41
0.003000
 70
0
  0
VERTEX
  8
21
 10
1.676500
 20
0.675000
 30
0.000000
 42
1.000000
  0
VERTEX
  8
21
 10
1.673500
 20
0.675000
 30
0.000000
  0
SEQEND
  8
0
  0
POLYLINE
  8
21
 66
1
 10
0.000000
 20
0.000000
 30
0.000000
 40
0.003000
 41
0.003000
 70
0
  0
VERTEX
  8
21
 10
1.673500
 20
0.575000
 30
0.000000
 42
1.000000
  0
VERTEX
  8
21
 10
1.676500
 20
0.575000
 30
0.000000
  0
SEQEND
  8
0
  0
POLYLINE
  8
21
 66
1
 10
0.000000
 20
0.000000
 30
0.000000
 40
0.030000
 41
0.030000
 70
0
  0
VERTEX
  8
21
 10
1.625000
 20
0.325000
 30
0.000000
  0
VERTEX
  8
21
 10
1.625000
 20
0.550000
 30
0.000000
  0
SEQEND
  8
0
  0
POLYLINE
  8
21
 66
1
 10
0.000000
 20
0.000000
 30
0.000000
 40
0.015000
 41
0.015000
 70
0
  0
VERTEX
  8
21
 10
1.632500
 20
0.550000
 30
0.000000
 42
1.000000
  0
VERTEX
  8
21
 10
1.617500
 20
0.550000
 30
0.000000
  0
SEQEND
  8
0
  0
POLYLINE
  8
21
 66
1
 10
0.000000
 20
0.000000
 30
0.000000
 40
0.015000
 41
0.015000
 70
0
  0
VERTEX
  8
21
 10
1.617500
 20
0.325000
 30
0.000000
 42
1.000000
  0
VERTEX
  8
21
 10
1.632500
 20
0.325000
 30
0.000000
  0
SEQEND
  8
0
  0
POLYLINE
  8
21
 66
1
 10
0.000000
 20
0.000000
 30
0.000000
 40
0.006000
 41
0.006000
 70
0
  0
VERTEX
  8
21
 10
1.575000
 20
0.675000
 30
0.000000
  0
VERTEX
  8
21
 10
1.475000
 20
0.675000
 30
0.000000
  0
SEQEND
  8
0
  0
POLYLINE
  8
21
 66
1
 10
0.000000
 20
0.000000
 30
0.000000
 40
0.003000
 41
0.003000
 70
0
  0
VERTEX
  8
21
 10
1.475000
 20
0.676500
 30
0.000000
 42
1.000000
  0
VERTEX
  8
21
 10
1.475000
 20
0.673500
 30
0.000000
  0
SEQEND
  8
0
  0
POLYLINE
  8
21
 66
1
 10
0.000000
 20
0.000000
 30
0.000000
 40
0.003000
 41
0.003000
 70
0
  0
VERTEX
  8
21
 10
1.575000
 20
0.673500
 30
0.000000
 42
1.000000
  0
VERTEX
  8
21
 10
1.575000
 20
0.676500
 30
0.000000
  0
SEQEND
  8
0
  0
POLYLINE
  8
21
 66
1
 10
0.000000
 20
0.000000
 30
0.000000
 40
0.006000
 41
0.006000
 70
0
  0
VERTEX
  8
21
 10
1.475000
 20
0.675000
 30
0.000000
  0
VERTEX
  8
21
 10
1.475000
 20
0.575000
 30
0.000000
  0
SEQEND
  8
0
  0
POLYLINE
  8
21
 66
1
 10
0.000000
 20
0.000000
 30
0.000000
 40
0.003000
 41
0.003000
 70
0
  0
VERTEX
  8
21
 10
1.473500
 20
0.575000
 30
0.000000
 42
1.000000
  0
VERTEX
  8
21
 10
1.476500
 20
0.575000
 30
0.000000
  0
SEQEND
  8
0
  0
POLYLINE
  8
21
 66
1
 10
0.000000
 20
0.000000
 30
0.000000
 40
0.003000
 41
0.003000
 70
0
  0
VERTEX
  8
21
 10
1.476500
 20
0.675000
 30
0.000000
 42
1.000000
  0
VERTEX
  8
21
 10
1.473500
 20
0.675000
 30
0.000000
  0
SEQEND
  8
0
  0
POLYLINE
  8
21
 66
1
 10
0.000000
 20
0.000000
 30
0.000000
 40
0.006000
 41
0.006000
 70
0
  0
VERTEX
  8
21
 10
1.475000
 20
0.575000
 30
0.000000
  0
VERTEX
  8
21
 10
1.575000
 20
0.575000
 30
0.000000
  0
SEQEND
  8
0
  0
POLYLINE
  8
21
 66
1
 10
0.000000
 20
0.000000
 30
0.000000
 40
0.003000
 41
0.003000
 70
0
  0
VERTEX
  8
21
 10
1.575000
 20
0.573500
 30
0.000000
 42
1.000000
  0
VERTEX
  8
21
 10
1.575000
 20
0.576500
 30
0.000000
  0
SEQEND
  8
0
  0
POLYLINE
  8
21
 66
1
 10
0.000000
 20
0.000000
 30
0.000000
 40
0.003000
 41
0.003000
 70
0
  0
VERTEX
  8
21
 10
1.475000
 20
0.576500
 30
0.000000
 42
1.000000
  0
VERTEX
  8
21
 10
1.475000
 20
0.573500
 30
0.000000
  0
SEQEND
  8
0
  0
POLYLINE
  8
21
 66
1
 10
0.000000
 20
0.000000
 30
0.000000
 40
0.030000
 41
0.030000
 70
0
  0
VERTEX
  8
21
 10
1.525000
 20
0.325000
 30
0.000000
  0
VERTEX
  8
21
 10
1.525000
 20
0.550000
 30
0.000000
  0
SEQEND
  8
0
  0
POLYLINE
  8
21
 66
1
 10
0.000000
 20
0.000000
 30
0.000000
 40
0.015000
 41
0.015000
 70
0
  0
VERTEX
  8
21
 10
1.532500
 20
0.550000
 30
0.000000
 42
1.000000
  0
VERTEX
  8
21
 10
1.517500
 20
0.550000
 30
0.000000
  0
SEQEND
  8
0
  0
POLYLINE
  8
21
 66
1
 10
0.000000
 20
0.000000
 30
0.000000
 40
0.015000
 41
0.015000
 70
0
  0
VERTEX
  8
21
 10
1.517500
 20
0.325000
 30
0.000000
 42
1.000000
  0
VERTEX
  8
21
 10
1.532500
 20
0.325000
 30
0.000000
  0
SEQEND
  8
0
  0
INSERT
  8
21
  2
RECT
 10
1.625000
 20
0.565000
 30
0.000000
 41
0.030000
 42
0.020000
 43
1.000000
 50
180.000000
  0
INSERT
  8
21
  2
RECT
 10
1.525000
 20
0.565000
 30
0.000000
 41
0.030000
 42
0.020000
 43
1.000000
 50
180.000000
  0
INSERT
  8
21
  2
RECT
 10
1.625000
 20
0.695000
 30
0.000000
 41
0.030000
 42
0.040000
 43
1.000000
 50
180.000000
  0
INSERT
  8
21
  2
RECT
 10
1.525000
 20
0.695000
 30
0.000000
 41
0.030000
 42
0.040000
 43
1.000000
 50
180.000000
  0
INSERT
  8
17
  2
LONGP100
 10
1.625000
 20
0.750000
 30
0.000000
 41
0.060000
 42
0.060000
 43
1.000000
 50
270.000000
  0
INSERT
  8
17
  2
LONGP100
 10
1.625000
 20
0.750000
 30
0.000000
 41
0.060000
 42
0.060000
 43
1.000000
 50
270.000000
  0
INSERT
  8
17
  2
LONGP100
 10
1.525000
 20
0.750000
 30
0.000000
 41
0.060000
 42
0.060000
 43
1.000000
 50
270.000000
  0
INSERT
  8
17
  2
LONGP100
 10
1.525000
 20
0.750000
 30
0.000000
 41
0.060000
 42
0.060000
 43
1.000000
 50
270.000000
  0
POLYLINE
  8
25
 66
1
 10
0.000000
 20
0.000000
 30
0.000000
 40
0.005000
 41
0.005000
 70
0
  0
VERTEX
  8
25
 10
1.702500
 20
0.656206
 30
0.000000
  0
VERTEX
  8
25
 10
1.737500
 20
0.656206
 30
0.000000
  0
SEQEND
  8
0
  0
POLYLINE
  8
25
 66
1
 10
0.000000
 20
0.000000
 30
0.000000
 40
0.002500
 41
0.002500
 70
0
  0
VERTEX
  8
25
 10
1.737500
 20
0.654956
 30
0.000000
 42
1.000000
  0
VERTEX
  8
25
 10
1.737500
 20
0.657456
 30
0.000000
  0
SEQEND
  8
0
  0
POLYLINE
  8
25
 66
1
 10
0.000000
 20
0.000000
 30
0.000000
 40
0.002500
 41
0.002500
 70
0
  0
VERTEX
  8
25
 10
1.702500
 20
0.657456
 30
0.000000
 42
1.000000
  0
VERTEX
  8
25
 10
1.702500
 20
0.654956
 30
0.000000
  0
SEQEND
  8
0
  0
POLYLINE
  8
25
 66
1
 10
0.000000
 20
0.000000
 30
0.000000
 40
0.005000
 41
0.005000
 70
0
  0
VERTEX
  8
25
 10
1.747500
 20
0.646206
 30
0.000000
 42
0.414214
  0
VERTEX
  8
25
 10
1.737500
 20
0.656206
 30
0.000000
  0
SEQEND
  8
0
  0
POLYLINE
  8
25
 66
1
 10
0.000000
 20
0.000000
 30
0.000000
 40
0.002500
 41
0.002500
 70
0
  0
VERTEX
  8
25
 10
1.746250
 20
0.646206
 30
0.000000
 42
1.000000
  0
VERTEX
  8
25
 10
1.748750
 20
0.646206
 30
0.000000
  0
SEQEND
  8
0
  0
POLYLINE
  8
25
 66
1
 10
0.000000
 20
0.000000
 30
0.000000
 40
0.002500
 41
0.002500
 70
0
  0
VERTEX
  8
25
 10
1.737500
 20
0.657456
 30
0.000000
 42
1.000000
  0
VERTEX
  8
25
 10
1.737500
 20
0.654956
 30
0.000000
  0
SEQEND
  8
0
  0
POLYLINE
  8
25
 66
1
 10
0.000000
 20
0.000000
 30
0.000000
 40
0.005000
 41
0.005000
 70
0
  0
VERTEX
  8
25
 10
1.747500
 20
0.646206
 30
0.000000
  0
VERTEX
  8
25
 10
1.747500
 20
0.641206
 30
0.000000
  0
SEQEND
  8
0
  0
POLYLINE
  8
25
 66
1
 10
0.000000
 20
0.000000
 30
0.000000
 40
0.002500
 41
0.002500
 70
0
  0
VERTEX
  8
25
 10
1.746250
 20
0.641206
 30
0.000000
 42
1.000000
  0
VERTEX
  8
25
 10
1.748750
 20
0.641206
 30
0.000000
  0
SEQEND
  8
0
  0
POLYLINE
  8
25
 66
1
 10
0.000000
 20
0.000000
 30
0.000000
 40
0.002500
 41
0.002500
 70
0
  0
VERTEX
  8
25
 10
1.748750
 20
0.646206
 30
0.000000
 42
1.000000
  0
VERTEX
  8
25
 10
1.746250
 20
0.646206
 30
0.000000
  0
SEQEND
  8
0
  0
POLYLINE
  8
25
 66
1
 10
0.000000
 20
0.000000
 30
0.000000
 40
0.005000
 41
0.005000
 70
0
  0
VERTEX
  8
25
 10
1.747500
 20
0.679750
 30
0.000000
  0
VERTEX
  8
25
 10
1.702500
 20
0.679750
 30
0.000000
  0
SEQEND
  8
0
  0
POLYLINE
  8
25
 66
1
 10
0.000000
 20
0.000000
 30
0.000000
 40
0.002500
 41
0.002500
 70
0
  0
VERTEX
  8
25
 10
1.702500
 20
0.681000
 30
0.000000
 42
1.000000
  0
VERTEX
  8
25
 10
1.702500
 20
0.678500
 30
0.000000
  0
SEQEND
  8
0
  0
POLYLINE
  8
25
 66
1
 10
0.000000
 20
0.000000
 30
0.000000
 40
0.002500
 41
0.002500
 70
0
  0
VERTEX
  8
25
 10
1.747500
 20
0.678500
 30
0.000000
 42
1.000000
  0
VERTEX
  8
25
 10
1.747500
 20
0.681000
 30
0.000000
  0
SEQEND
  8
0
  0
POLYLINE
  8
25
 66
1
 10
0.000000
 20
0.000000
 30
0.000000
 40
0.005000
 41
0.005000
 70
0
  0
VERTEX
  8
25
 10
1.702500
 20
0.679750
 30
0.000000
  0
VERTEX
  8
25
 10
1.702500
 20
0.692250
 30
0.000000
  0
SEQEND
  8
0
  0
POLYLINE
  8
25
 66
1
 10
0.000000
 20
0.000000
 30
0.000000
 40
0.002500
 41
0.002500
 70
0
  0
VERTEX
  8
25
 10
1.703750
 20
0.692250
 30
0.000000
 42
1.000000
  0
VERTEX
  8
25
 10
1.701250
 20
0.692250
 30
0.000000
  0
SEQEND
  8
0
  0
POLYLINE
  8
25
 66
1
 10
0.000000
 20
0.000000
 30
0.000000
 40
0.002500
 41
0.002500
 70
0
  0
VERTEX
  8
25
 10
1.701250
 20
0.679750
 30
0.000000
 42
1.000000
  0
VERTEX
  8
25
 10
1.703750
 20
0.679750
 30
0.000000
  0
SEQEND
  8
0
  0
POLYLINE
  8
25
 66
1
 10
0.000000
 20
0.000000
 30
0.000000
 40
0.005000
 41
0.005000
 70
0
  0
VERTEX
  8
25
 10
1.727500
 20
0.692250
 30
0.000000
 42
1.000000
  0
VERTEX
  8
25
 10
1.702500
 20
0.692250
 30
0.000000
  0
SEQEND
  8
0
  0
POLYLINE
  8
25
 66
1
 10
0.000000
 20
0.000000
 30
0.000000
 40
0.002500
 41
0.002500
 70
0
  0
VERTEX
  8
25
 10
1.726250
 20
0.692250
 30
0.000000
 42
1.000000
  0
VERTEX
  8
25
 10
1.728750
 20
0.692250
 30
0.000000
  0
SEQEND
  8
0
  0
POLYLINE
  8
25
 66
1
 10
0.000000
 20
0.000000
 30
0.000000
 40
0.002500
 41
0.002500
 70
0
  0
VERTEX
  8
25
 10
1.701250
 20
0.692250
 30
0.000000
 42
1.000000
  0
VERTEX
  8
25
 10
1.703750
 20
0.692250
 30
0.000000
  0
SEQEND
  8
0
  0
POLYLINE
  8
25
 66
1
 10
0.000000
 20
0.000000
 30
0.000000
 40
0.005000
 41
0.005000
 70
0
  0
VERTEX
  8
25
 10
1.727500
 20
0.692250
 30
0.000000
  0
VERTEX
  8
25
 10
1.727500
 20
0.679750
 30
0.000000
  0
SEQEND
  8
0
  0
POLYLINE
  8
25
 66
1
 10
0.000000
 20
0.000000
 30
0.000000
 40
0.002500
 41
0.002500
 70
0
  0
VERTEX
  8
25
 10
1.726250
 20
0.679750
 30
0.000000
 42
1.000000
  0
VERTEX
  8
25
 10
1.728750
 20
0.679750
 30
0.000000
  0
SEQEND
  8
0
  0
POLYLINE
  8
25
 66
1
 10
0.000000
 20
0.000000
 30
0.000000
 40
0.002500
 41
0.002500
 70
0
  0
VERTEX
  8
25
 10
1.728750
 20
0.692250
 30
0.000000
 42
1.000000
  0
VERTEX
  8
25
 10
1.726250
 20
0.692250
 30
0.000000
  0
SEQEND
  8
0
  0
POLYLINE
  8
25
 66
1
 10
0.000000
 20
0.000000
 30
0.000000
 40
0.005000
 41
0.005000
 70
0
  0
VERTEX
  8
25
 10
1.712500
 20
0.722500
 30
0.000000
  0
VERTEX
  8
25
 10
1.702500
 20
0.735000
 30
0.000000
  0
SEQEND
  8
0
  0
POLYLINE
  8
25
 66
1
 10
0.000000
 20
0.000000
 30
0.000000
 40
0.002500
 41
0.002500
 70
0
  0
VERTEX
  8
25
 10
1.703476
 20
0.735781
 30
0.000000
 42
1.000000
  0
VERTEX
  8
25
 10
1.701524
 20
0.734219
 30
0.000000
  0
SEQEND
  8
0
  0
POLYLINE
  8
25
 66
1
 10
0.000000
 20
0.000000
 30
0.000000
 40
0.002500
 41
0.002500
 70
0
  0
VERTEX
  8
25
 10
1.711524
 20
0.721719
 30
0.000000
 42
1.000000
  0
VERTEX
  8
25
 10
1.713476
 20
0.723281
 30
0.000000
  0
SEQEND
  8
0
  0
POLYLINE
  8
25
 66
1
 10
0.000000
 20
0.000000
 30
0.000000
 40
0.005000
 41
0.005000
 70
0
  0
VERTEX
  8
25
 10
1.702500
 20
0.735000
 30
0.000000
  0
VERTEX
  8
25
 10
1.747500
 20
0.735000
 30
0.000000
  0
SEQEND
  8
0
  0
POLYLINE
  8
25
 66
1
 10
0.000000
 20
0.000000
 30
0.000000
 40
0.002500
 41
0.002500
 70
0
  0
VERTEX
  8
25
 10
1.747500
 20
0.733750
 30
0.000000
 42
1.000000
  0
VERTEX
  8
25
 10
1.747500
 20
0.736250
 30
0.000000
  0
SEQEND
  8
0
  0
POLYLINE
  8
25
 66
1
 10
0.000000
 20
0.000000
 30
0.000000
 40
0.002500
 41
0.002500
 70
0
  0
VERTEX
  8
25
 10
1.702500
 20
0.736250
 30
0.000000
 42
1.000000
  0
VERTEX
  8
25
 10
1.702500
 20
0.733750
 30
0.000000
  0
SEQEND
  8
0
  0
POLYLINE
  8
25
 66
1
 10
0.000000
 20
0.000000
 30
0.000000
 40
0.005000
 41
0.005000
 70
0
  0
VERTEX
  8
25
 10
1.747500
 20
0.722500
 30
0.000000
  0
VERTEX
  8
25
 10
1.747500
 20
0.747500
 30
0.000000
  0
SEQEND
  8
0
  0
POLYLINE
  8
25
 66
1
 10
0.000000
 20
0.000000
 30
0.000000
 40
0.002500
 41
0.002500
 70
0
  0
VERTEX
  8
25
 10
1.748750
 20
0.747500
 30
0.000000
 42
1.000000
  0
VERTEX
  8
25
 10
1.746250
 20
0.747500
 30
0.000000
  0
SEQEND
  8
0
  0
POLYLINE
  8
25
 66
1
 10
0.000000
 20
0.000000
 30
0.000000
 40
0.002500
 41
0.002500
 70
0
  0
VERTEX
  8
25
 10
1.746250
 20
0.722500
 30
0.000000
 42
1.000000
  0
VERTEX
  8
25
 10
1.748750
 20
0.722500
 30
0.000000
  0
SEQEND
  8
0
  0
POINT
  8
23
 10
1.575000
 20
0.620000
 30
0.000000
  0
POLYLINE
  8
21
 66
1
 10
0.000000
 20
0.000000
 30
0.000000
 40
0.006000
 41
0.006000
 70
0
  0
VERTEX
  8
21
 10
1.475000
 20
0.545000
 30
0.000000
  0
VERTEX
  8
21
 10
1.575000
 20
0.545000
 30
0.000000
  0
SEQEND
  8
0
  0
POLYLINE
  8
21
 66
1
 10
0.000000
 20
0.000000
 30
0.000000
 40
0.003000
 41
0.003000
 70
0
  0
VERTEX
  8
21
 10
1.575000
 20
0.543500
 30
0.000000
 42
1.000000
  0
VERTEX
  8
21
 10
1.575000
 20
0.546500
 30
0.000000
  0
SEQEND
  8
0
  0
POLYLINE
  8
21
 66
1
 10
0.000000
 20
0.000000
 30
0.000000
 40
0.003000
 41
0.003000
 70
0
  0
VERTEX
  8
21
 10
1.475000
 20
0.546500
 30
0.000000
 42
1.000000
  0
VERTEX
  8
21
 10
1.475000
 20
0.543500
 30
0.000000
  0
SEQEND
  8
0
  0
POLYLINE
  8
21
 66
1
 10
0.000000
 20
0.000000
 30
0.000000
 40
0.006000
 41
0.006000
 70
0
  0
VERTEX
  8
21
 10
1.575000
 20
0.545000
 30
0.000000
  0
VERTEX
  8
21
 10
1.575000
 20
0.645000
 30
0.000000
  0
SEQEND
  8
0
  0
POLYLINE
  8
21
 66
1
 10
0.000000
 20
0.000000
 30
0.000000
 40
0.003000
 41
0.003000
 70
0
  0
VERTEX
  8
21
 10
1.576500
 20
0.645000
 30
0.000000
 42
1.000000
  0
VERTEX
  8
21
 10
1.573500
 20
0.645000
 30
0.000000
  0
SEQEND
  8
0
  0
POLYLINE
  8
21
 66
1
 10
0.000000
 20
0.000000
 30
0.000000
 40
0.003000
 41
0.003000
 70
0
  0
VERTEX
  8
21
 10
1.573500
 20
0.545000
 30
0.000000
 42
1.000000
  0
VERTEX
  8
21
 10
1.576500
 20
0.545000
 30
0.000000
  0
SEQEND
  8
0
  0
POLYLINE
  8
21
 66
1
 10
0.000000
 20
0.000000
 30
0.000000
 40
0.006000
 41
0.006000
 70
0
  0
VERTEX
  8
21
 10
1.575000
 20
0.645000
 30
0.000000
  0
VERTEX
  8
21
 10
1.475000
 20
0.645000
 30
0.000000
  0
SEQEND
  8
0
  0
POLYLINE
  8
21
 66
1
 10
0.000000
 20
0.000000
 30
0.000000
 40
0.003000
 41
0.003000
 70
0
  0
VERTEX
  8
21
 10
1.475000
 20
0.646500
 30
0.000000
 42
1.000000
  0
VERTEX
  8
21
 10
1.475000
 20
0.643500
 30
0.000000
  0
SEQEND
  8
0
  0
POLYLINE
  8
21
 66
1
 10
0.000000
 20
0.000000
 30
0.000000
 40
0.003000
 41
0.003000
 70
0
  0
VERTEX
  8
21
 10
1.575000
 20
0.643500
 30
0.000000
 42
1.000000
  0
VERTEX
  8
21
 10
1.575000
 20
0.646500
 30
0.000000
  0
SEQEND
  8
0
  0
POLYLINE
  8
21
 66
1
 10
0.000000
 20
0.000000
 30
0.000000
 40
0.006000
 41
0.006000
 70
0
  0
VERTEX
  8
21
 10
1.475000
 20
0.645000
 30
0.000000
  0
VERTEX
  8
21
 10
1.475000
 20
0.545000
 30
0.000000
  0
SEQEND
  8
0
  0
POLYLINE
  8
21
 66
1
 10
0.000000
 20
0.000000
 30
0.000000
 40
0.003000
 41
0.003000
 70
0
  0
VERTEX
  8
21
 10
1.473500
 20
0.545000
 30
0.000000
 42
1.000000
  0
VERTEX
  8
21
 10
1.476500
 20
0.545000
 30
0.000000
  0
SEQEND
  8
0
  0
POLYLINE
  8
21
 66
1
 10
0.000000
 20
0.000000
 30
0.000000
 40
0.003000
 41
0.003000
 70
0
  0
VERTEX
  8
21
 10
1.476500
 20
0.645000
 30
0.000000
 42
1.000000
  0
VERTEX
  8
21
 10
1.473500
 20
0.645000
 30
0.000000
  0
SEQEND
  8
0
  0
POLYLINE
  8
21
 66
1
 10
0.000000
 20
0.000000
 30
0.000000
 40
0.030000
 41
0.030000
 70
0
  0
VERTEX
  8
21
 10
1.525000
 20
0.895000
 30
0.000000
  0
VERTEX
  8
21
 10
1.525000
 20
0.670000
 30
0.000000
  0
SEQEND
  8
0
  0
POLYLINE
  8
21
 66
1
 10
0.000000
 20
0.000000
 30
0.000000
 40
0.015000
 41
0.015000
 70
0
  0
VERTEX
  8
21
 10
1.517500
 20
0.670000
 30
0.000000
 42
1.000000
  0
VERTEX
  8
21
 10
1.532500
 20
0.670000
 30
0.000000
  0
SEQEND
  8
0
  0
POLYLINE
  8
21
 66
1
 10
0.000000
 20
0.000000
 30
0.000000
 40
0.015000
 41
0.015000
 70
0
  0
VERTEX
  8
21
 10
1.532500
 20
0.895000
 30
0.000000
 42
1.000000
  0
VERTEX
  8
21
 10
1.517500
 20
0.895000
 30
0.000000
  0
SEQEND
  8
0
  0
POLYLINE
  8
21
 66
1
 10
0.000000
 20
0.000000
 30
0.000000
 40
0.006000
 41
0.006000
 70
0
  0
VERTEX
  8
21
 10
1.575000
 20
0.545000
 30
0.000000
  0
VERTEX
  8
21
 10
1.675000
 20
0.545000
 30
0.000000
  0
SEQEND
  8
0
  0
POLYLINE
  8
21
 66
1
 10
0.000000
 20
0.000000
 30
0.000000
 40
0.003000
 41
0.003000
 70
0
  0
VERTEX
  8
21
 10
1.675000
 20
0.543500
 30
0.000000
 42
1.000000
  0
VERTEX
  8
21
 10
1.675000
 20
0.546500
 30
0.000000
  0
SEQEND
  8
0
  0
POLYLINE
  8
21
 66
1
 10
0.000000
 20
0.000000
 30
0.000000
 40
0.003000
 41
0.003000
 70
0
  0
VERTEX
  8
21
 10
1.575000
 20
0.546500
 30
0.000000
 42
1.000000
  0
VERTEX
  8
21
 10
1.575000
 20
0.543500
 30
0.000000
  0
SEQEND
  8
0
  0
POLYLINE
  8
21
 66
1
 10
0.000000
 20
0.000000
 30
0.000000
 40
0.006000
 41
0.006000
 70
0
  0
VERTEX
  8
21
 10
1.675000
 20
0.545000
 30
0.000000
  0
VERTEX
  8
21
 10
1.675000
 20
0.645000
 30
0.000000
  0
SEQEND
  8
0
  0
POLYLINE
  8
21
 66
1
 10
0.000000
 20
0.000000
 30
0.000000
 40
0.003000
 41
0.003000
 70
0
  0
VERTEX
  8
21
 10
1.676500
 20
0.645000
 30
0.000000
 42
1.000000
  0
VERTEX
  8
21
 10
1.673500
 20
0.645000
 30
0.000000
  0
SEQEND
  8
0
  0
POLYLINE
  8
21
 66
1
 10
0.000000
 20
0.000000
 30
0.000000
 40
0.003000
 41
0.003000
 70
0
  0
VERTEX
  8
21
 10
1.673500
 20
0.545000
 30
0.000000
 42
1.000000
  0
VERTEX
  8
21
 10
1.676500
 20
0.545000
 30
0.000000
  0
SEQEND
  8
0
  0
POLYLINE
  8
21
 66
1
 10
0.000000
 20
0.000000
 30
0.000000
 40
0.006000
 41
0.006000
 70
0
  0
VERTEX
  8
21
 10
1.675000
 20
0.645000
 30
0.000000
  0
VERTEX
  8
21
 10
1.575000
 20
0.645000
 30
0.000000
  0
SEQEND
  8
0
  0
POLYLINE
  8
21
 66
1
 10
0.000000
 20
0.000000
 30
0.000000
 40
0.003000
 41
0.003000
 70
0
  0
VERTEX
  8
21
 10
1.575000
 20
0.646500
 30
0.000000
 42
1.000000
  0
VERTEX
  8
21
 10
1.575000
 20
0.643500
 30
0.000000
  0
SEQEND
  8
0
  0
POLYLINE
  8
21
 66
1
 10
0.000000
 20
0.000000
 30
0.000000
 40
0.003000
 41
0.003000
 70
0
  0
VERTEX
  8
21
 10
1.675000
 20
0.643500
 30
0.000000
 42
1.000000
  0
VERTEX
  8
21
 10
1.675000
 20
0.646500
 30
0.000000
  0
SEQEND
  8
0
  0
POLYLINE
  8
21
 66
1
 10
0.000000
 20
0.000000
 30
0.000000
 40
0.030000
 41
0.030000
 70
0
  0
VERTEX
  8
21
 10
1.625000
 20
0.895000
 30
0.000000
  0
VERTEX
  8
21
 10
1.625000
 20
0.670000
 30
0.000000
  0
SEQEND
  8
0
  0
POLYLINE
  8
21
 66
1
 10
0.000000
 20
0.000000
 30
0.000000
 40
0.015000
 41
0.015000
 70
0
  0
VERTEX
  8
21
 10
1.617500
 20
0.670000
 30
0.000000
 42
1.000000
  0
VERTEX
  8
21
 10
1.632500
 20
0.670000
 30
0.000000
  0
SEQEND
  8
0
  0
POLYLINE
  8
21
 66
1
 10
0.000000
 20
0.000000
 30
0.000000
 40
0.015000
 41
0.015000
 70
0
  0
VERTEX
  8
21
 10
1.632500
 20
0.895000
 30
0.000000
 42
1.000000
  0
VERTEX
  8
21
 10
1.617500
 20
0.895000
 30
0.000000
  0
SEQEND
  8
0
  0
INSERT
  8
21
  2
RECT
 10
1.525000
 20
0.655000
 30
0.000000
 41
0.030000
 42
0.020000
 43
1.000000
 50
0.000000
  0
INSERT
  8
21
  2
RECT
 10
1.625000
 20
0.655000
 30
0.000000
 41
0.030000
 42
0.020000
 43
1.000000
 50
0.000000
  0
INSERT
  8
21
  2
RECT
 10
1.525000
 20
0.525000
 30
0.000000
 41
0.030000
 42
0.040000
 43
1.000000
 50
0.000000
  0
INSERT
  8
21
  2
RECT
 10
1.625000
 20
0.525000
 30
0.000000
 41
0.030000
 42
0.040000
 43
1.000000
 50
0.000000
  0
INSERT
  8
17
  2
LONGP100
 10
1.525000
 20
0.470000
 30
0.000000
 41
0.060000
 42
0.060000
 43
1.000000
 50
90.000000
  0
INSERT
  8
17
  2
LONGP100
 10
1.525000
 20
0.470000
 30
0.000000
 41
0.060000
 42
0.060000
 43
1.000000
 50
90.000000
  0
INSERT
  8
17
  2
LONGP100
 10
1.625000
 20
0.470000
 30
0.000000
 41
0.060000
 42
0.060000
 43
1.000000
 50
90.000000
  0
INSERT
  8
17
  2
LONGP100
 10
1.625000
 20
0.470000
 30
0.000000
 41
0.060000
 42
0.060000
 43
1.000000
 50
90.000000
  0
POLYLINE
  8
25
 66
1
 10
0.000000
 20
0.000000
 30
0.000000
 40
0.005000
 41
0.005000
 70
0
  0
VERTEX
  8
25
 10
1.402500
 20
0.487500
 30
0.000000
  0
VERTEX
  8
25
 10
1.437500
 20
0.487500
 30
0.000000
  0
SEQEND
  8
0
  0
POLYLINE
  8
25
 66
1
 10
0.000000
 20
0.000000
 30
0.000000
 40
0.002500
 41
0.002500
 70
0
  0
VERTEX
  8
25
 10
1.437500
 20
0.486250
 30
0.000000
 42
1.000000
  0
VERTEX
  8
25
 10
1.437500
 20
0.488750
 30
0.000000
  0
SEQEND
  8
0
  0
POLYLINE
  8
25
 66
1
 10
0.000000
 20
0.000000
 30
0.000000
 40
0.002500
 41
0.002500
 70
0
  0
VERTEX
  8
25
 10
1.402500
 20
0.488750
 30
0.000000
 42
1.000000
  0
VERTEX
  8
25
 10
1.402500
 20
0.486250
 30
0.000000
  0
SEQEND
  8
0
  0
POLYLINE
  8
25
 66
1
 10
0.000000
 20
0.000000
 30
0.000000
 40
0.005000
 41
0.005000
 70
0
  0
VERTEX
  8
25
 10
1.447500
 20
0.477500
 30
0.000000
 42
0.414214
  0
VERTEX
  8
25
 10
1.437500
 20
0.487500
 30
0.000000
  0
SEQEND
  8
0
  0
POLYLINE
  8
25
 66
1
 10
0.000000
 20
0.000000
 30
0.000000
 40
0.002500
 41
0.002500
 70
0
  0
VERTEX
  8
25
 10
1.446250
 20
0.477500
 30
0.000000
 42
1.000000
  0
VERTEX
  8
25
 10
1.448750
 20
0.477500
 30
0.000000
  0
SEQEND
  8
0
  0
POLYLINE
  8
25
 66
1
 10
0.000000
 20
0.000000
 30
0.000000
 40
0.002500
 41
0.002500
 70
0
  0
VERTEX
  8
25
 10
1.437500
 20
0.488750
 30
0.000000
 42
1.000000
  0
VERTEX
  8
25
 10
1.437500
 20
0.486250
 30
0.000000
  0
SEQEND
  8
0
  0
POLYLINE
  8
25
 66
1
 10
0.000000
 20
0.000000
 30
0.000000
 40
0.005000
 41
0.005000
 70
0
  0
VERTEX
  8
25
 10
1.447500
 20
0.477500
 30
0.000000
  0
VERTEX
  8
25
 10
1.447500
 20
0.472500
 30
0.000000
  0
SEQEND
  8
0
  0
POLYLINE
  8
25
 66
1
 10
0.000000
 20
0.000000
 30
0.000000
 40
0.002500
 41
0.002500
 70
0
  0
VERTEX
  8
25
 10
1.446250
 20
0.472500
 30
0.000000
 42
1.000000
  0
VERTEX
  8
25
 10
1.448750
 20
0.472500
 30
0.000000
  0
SEQEND
  8
0
  0
POLYLINE
  8
25
 66
1
 10
0.000000
 20
0.000000
 30
0.000000
 40
0.002500
 41
0.002500
 70
0
  0
VERTEX
  8
25
 10
1.448750
 20
0.477500
 30
0.000000
 42
1.000000
  0
VERTEX
  8
25
 10
1.446250
 20
0.477500
 30
0.000000
  0
SEQEND
  8
0
  0
POLYLINE
  8
25
 66
1
 10
0.000000
 20
0.000000
 30
0.000000
 40
0.005000
 41
0.005000
 70
0
  0
VERTEX
  8
25
 10
1.447500
 20
0.511044
 30
0.000000
  0
VERTEX
  8
25
 10
1.402500
 20
0.511044
 30
0.000000
  0
SEQEND
  8
0
  0
POLYLINE
  8
25
 66
1
 10
0.000000
 20
0.000000
 30
0.000000
 40
0.002500
 41
0.002500
 70
0
  0
VERTEX
  8
25
 10
1.402500
 20
0.512294
 30
0.000000
 42
1.000000
  0
VERTEX
  8
25
 10
1.402500
 20
0.509794
 30
0.000000
  0
SEQEND
  8
0
  0
POLYLINE
  8
25
 66
1
 10
0.000000
 20
0.000000
 30
0.000000
 40
0.002500
 41
0.002500
 70
0
  0
VERTEX
  8
25
 10
1.447500
 20
0.509794
 30
0.000000
 42
1.000000
  0
VERTEX
  8
25
 10
1.447500
 20
0.512294
 30
0.000000
  0
SEQEND
  8
0
  0
POLYLINE
  8
25
 66
1
 10
0.000000
 20
0.000000
 30
0.000000
 40
0.005000
 41
0.005000
 70
0
  0
VERTEX
  8
25
 10
1.402500
 20
0.511044
 30
0.000000
  0
VERTEX
  8
25
 10
1.402500
 20
0.523544
 30
0.000000
  0
SEQEND
  8
0
  0
POLYLINE
  8
25
 66
1
 10
0.000000
 20
0.000000
 30
0.000000
 40
0.002500
 41
0.002500
 70
0
  0
VERTEX
  8
25
 10
1.403750
 20
0.523544
 30
0.000000
 42
1.000000
  0
VERTEX
  8
25
 10
1.401250
 20
0.523544
 30
0.000000
  0
SEQEND
  8
0
  0
POLYLINE
  8
25
 66
1
 10
0.000000
 20
0.000000
 30
0.000000
 40
0.002500
 41
0.002500
 70
0
  0
VERTEX
  8
25
 10
1.401250
 20
0.511044
 30
0.000000
 42
1.000000
  0
VERTEX
  8
25
 10
1.403750
 20
0.511044
 30
0.000000
  0
SEQEND
  8
0
  0
POLYLINE
  8
25
 66
1
 10
0.000000
 20
0.000000
 30
0.000000
 40
0.005000
 41
0.005000
 70
0
  0
VERTEX
  8
25
 10
1.427500
 20
0.523544
 30
0.000000
 42
1.000000
  0
VERTEX
  8
25
 10
1.402500
 20
0.523544
 30
0.000000
  0
SEQEND
  8
0
  0
POLYLINE
  8
25
 66
1
 10
0.000000
 20
0.000000
 30
0.000000
 40
0.002500
 41
0.002500
 70
0
  0
VERTEX
  8
25
 10
1.426250
 20
0.523544
 30
0.000000
 42
1.000000
  0
VERTEX
  8
25
 10
1.428750
 20
0.523544
 30
0.000000
  0
SEQEND
  8
0
  0
POLYLINE
  8
25
 66
1
 10
0.000000
 20
0.000000
 30
0.000000
 40
0.002500
 41
0.002500
 70
0
  0
VERTEX
  8
25
 10
1.401250
 20
0.523544
 30
0.000000
 42
1.000000
  0
VERTEX
  8
25
 10
1.403750
 20
0.523544
 30
0.000000
  0
SEQEND
  8
0
  0
POLYLINE
  8
25
 66
1
 10
0.000000
 20
0.000000
 30
0.000000
 40
0.005000
 41
0.005000
 70
0
  0
VERTEX
  8
25
 10
1.427500
 20
0.523544
 30
0.000000
  0
VERTEX
  8
25
 10
1.427500
 20
0.511044
 30
0.000000
  0
SEQEND
  8
0
  0
POLYLINE
  8
25
 66
1
 10
0.000000
 20
0.000000
 30
0.000000
 40
0.002500
 41
0.002500
 70
0
  0
VERTEX
  8
25
 10
1.426250
 20
0.511044
 30
0.000000
 42
1.000000
  0
VERTEX
  8
25
 10
1.428750
 20
0.511044
 30
0.000000
  0
SEQEND
  8
0
  0
POLYLINE
  8
25
 66
1
 10
0.000000
 20
0.000000
 30
0.000000
 40
0.002500
 41
0.002500
 70
0
  0
VERTEX
  8
25
 10
1.428750
 20
0.523544
 30
0.000000
 42
1.000000
  0
VERTEX
  8
25
 10
1.426250
 20
0.523544
 30
0.000000
  0
SEQEND
  8
0
  0
POLYLINE
  8
25
 66
1
 10
0.000000
 20
0.000000
 30
0.000000
 40
0.005000
 41
0.005000
 70
0
  0
VERTEX
  8
25
 10
1.413750
 20
0.578794
 30
0.000000
 42
0.414214
  0
VERTEX
  8
25
 10
1.402500
 20
0.567544
 30
0.000000
  0
SEQEND
  8
0
  0
POLYLINE
  8
25
 66
1
 10
0.000000
 20
0.000000
 30
0.000000
 40
0.002500
 41
0.002500
 70
0
  0
VERTEX
  8
25
 10
1.413750
 20
0.577544
 30
0.000000
 42
1.000000
  0
VERTEX
  8
25
 10
1.413750
 20
0.580044
 30
0.000000
  0
SEQEND
  8
0
  0
POLYLINE
  8
25
 66
1
 10
0.000000
 20
0.000000
 30
0.000000
 40
0.002500
 41
0.002500
 70
0
  0
VERTEX
  8
25
 10
1.401250
 20
0.567544
 30
0.000000
 42
1.000000
  0
VERTEX
  8
25
 10
1.403750
 20
0.567544
 30
0.000000
  0
SEQEND
  8
0
  0
POLYLINE
  8
25
 66
1
 10
0.000000
 20
0.000000
 30
0.000000
 40
0.005000
 41
0.005000
 70
0
  0
VERTEX
  8
25
 10
1.402500
 20
0.567544
 30
0.000000
 42
0.325184
  0
VERTEX
  8
25
 10
1.412500
 20
0.553794
 30
0.000000
  0
SEQEND
  8
0
  0
POLYLINE
  8
25
 66
1
 10
0.000000
 20
0.000000
 30
0.000000
 40
0.002500
 41
0.002500
 70
0
  0
VERTEX
  8
25
 10
1.403750
 20
0.567544
 30
0.000000
 42
1.000000
  0
VERTEX
  8
25
 10
1.401250
 20
0.567544
 30
0.000000
  0
SEQEND
  8
0
  0
POLYLINE
  8
25
 66
1
 10
0.000000
 20
0.000000
 30
0.000000
 40
0.002500
 41
0.002500
 70
0
  0
VERTEX
  8
25
 10
1.412115
 20
0.552605
 30
0.000000
 42
1.000000
  0
VERTEX
  8
25
 10
1.412885
 20
0.554983
 30
0.000000
  0
SEQEND
  8
0
  0
POLYLINE
  8
25
 66
1
 10
0.000000
 20
0.000000
 30
0.000000
 40
0.005000
 41
0.005000
 70
0
  0
VERTEX
  8
25
 10
1.422500
 20
0.575044
 30
0.000000
 42
0.205258
  0
VERTEX
  8
25
 10
1.413750
 20
0.578794
 30
0.000000
  0
SEQEND
  8
0
  0
POLYLINE
  8
25
 66
1
 10
0.000000
 20
0.000000
 30
0.000000
 40
0.002500
 41
0.002500
 70
0
  0
VERTEX
  8
25
 10
1.421595
 20
0.574182
 30
0.000000
 42
1.000000
  0
VERTEX
  8
25
 10
1.423405
 20
0.575906
 30
0.000000
  0
SEQEND
  8
0
  0
POLYLINE
  8
25
 66
1
 10
0.000000
 20
0.000000
 30
0.000000
 40
0.002500
 41
0.002500
 70
0
  0
VERTEX
  8
25
 10
1.413750
 20
0.580044
 30
0.000000
 42
1.000000
  0
VERTEX
  8
25
 10
1.413750
 20
0.577544
 30
0.000000
  0
SEQEND
  8
0
  0
POLYLINE
  8
25
 66
1
 10
0.000000
 20
0.000000
 30
0.000000
 40
0.005000
 41
0.005000
 70
0
  0
VERTEX
  8
25
 10
1.422500
 20
0.575044
 30
0.000000
  0
VERTEX
  8
25
 10
1.447500
 20
0.553794
 30
0.000000
  0
SEQEND
  8
0
  0
POLYLINE
  8
25
 66
1
 10
0.000000
 20
0.000000
 30
0.000000
 40
0.002500
 41
0.002500
 70
0
  0
VERTEX
  8
25
 10
1.446690
 20
0.552842
 30
0.000000
 42
1.000000
  0
VERTEX
  8
25
 10
1.448310
 20
0.554746
 30
0.000000
  0
SEQEND
  8
0
  0
POLYLINE
  8
25
 66
1
 10
0.000000
 20
0.000000
 30
0.000000
 40
0.002500
 41
0.002500
 70
0
  0
VERTEX
  8
25
 10
1.423310
 20
0.575996
 30
0.000000
 42
1.000000
  0
VERTEX
  8
25
 10
1.421690
 20
0.574092
 30
0.000000
  0
SEQEND
  8
0
  0
POLYLINE
  8
25
 66
1
 10
0.000000
 20
0.000000
 30
0.000000
 40
0.005000
 41
0.005000
 70
0
  0
VERTEX
  8
25
 10
1.447500
 20
0.553794
 30
0.000000
  0
VERTEX
  8
25
 10
1.447500
 20
0.578794
 30
0.000000
  0
SEQEND
  8
0
  0
POLYLINE
  8
25
 66
1
 10
0.000000
 20
0.000000
 30
0.000000
 40
0.002500
 41
0.002500
 70
0
  0
VERTEX
  8
25
 10
1.448750
 20
0.578794
 30
0.000000
 42
1.000000
  0
VERTEX
  8
25
 10
1.446250
 20
0.578794
 30
0.000000
  0
SEQEND
  8
0
  0
POLYLINE
  8
25
 66
1
 10
0.000000
 20
0.000000
 30
0.000000
 40
0.002500
 41
0.002500
 70
0
  0
VERTEX
  8
25
 10
1.446250
 20
0.553794
 30
0.000000
 42
1.000000
  0
VERTEX
  8
25
 10
1.448750
 20
0.553794
 30
0.000000
  0
SEQEND
  8
0
  0
POINT
  8
23
 10
0.125000
 20
0.600000
 30
0.000000
  0
POLYLINE
  8
21
 66
1
 10
0.000000
 20
0.000000
 30
0.000000
 40
0.006000
 41
0.006000
 70
0
  0
VERTEX
  8
21
 10
0.225000
 20
0.675000
 30
0.000000
  0
VERTEX
  8
21
 10
0.125000
 20
0.675000
 30
0.000000
  0
SEQEND
  8
0
  0
POLYLINE
  8
21
 66
1
 10
0.000000
 20
0.000000
 30
0.000000
 40
0.003000
 41
0.003000
 70
0
  0
VERTEX
  8
21
 10
0.125000
 20
0.676500
 30
0.000000
 42
1.000000
  0
VERTEX
  8
21
 10
0.125000
 20
0.673500
 30
0.000000
  0
SEQEND
  8
0
  0
POLYLINE
  8
21
 66
1
 10
0.000000
 20
0.000000
 30
0.000000
 40
0.003000
 41
0.003000
 70
0
  0
VERTEX
  8
21
 10
0.225000
 20
0.673500
 30
0.000000
 42
1.000000
  0
VERTEX
  8
21
 10
0.225000
 20
0.676500
 30
0.000000
  0
SEQEND
  8
0
  0
POLYLINE
  8
21
 66
1
 10
0.000000
 20
0.000000
 30
0.000000
 40
0.006000
 41
0.006000
 70
0
  0
VERTEX
  8
21
 10
0.125000
 20
0.675000
 30
0.000000
  0
VERTEX
  8
21
 10
0.125000
 20
0.575000
 30
0.000000
  0
SEQEND
  8
0
  0
POLYLINE
  8
21
 66
1
 10
0.000000
 20
0.000000
 30
0.000000
 40
0.003000
 41
0.003000
 70
0
  0
VERTEX
  8
21
 10
0.123500
 20
0.575000
 30
0.000000
 42
1.000000
  0
VERTEX
  8
21
 10
0.126500
 20
0.575000
 30
0.000000
  0
SEQEND
  8
0
  0
POLYLINE
  8
21
 66
1
 10
0.000000
 20
0.000000
 30
0.000000
 40
0.003000
 41
0.003000
 70
0
  0
VERTEX
  8
21
 10
0.126500
 20
0.675000
 30
0.000000
 42
1.000000
  0
VERTEX
  8
21
 10
0.123500
 20
0.675000
 30
0.000000
  0
SEQEND
  8
0
  0
POLYLINE
  8
21
 66
1
 10
0.000000
 20
0.000000
 30
0.000000
 40
0.006000
 41
0.006000
 70
0
  0
VERTEX
  8
21
 10
0.125000
 20
0.575000
 30
0.000000
  0
VERTEX
  8
21
 10
0.225000
 20
0.575000
 30
0.000000
  0
SEQEND
  8
0
  0
POLYLINE
  8
21
 66
1
 10
0.000000
 20
0.000000
 30
0.000000
 40
0.003000
 41
0.003000
 70
0
  0
VERTEX
  8
21
 10
0.225000
 20
0.573500
 30
0.000000
 42
1.000000
  0
VERTEX
  8
21
 10
0.225000
 20
0.576500
 30
0.000000
  0
SEQEND
  8
0
  0
POLYLINE
  8
21
 66
1
 10
0.000000
 20
0.000000
 30
0.000000
 40
0.003000
 41
0.003000
 70
0
  0
VERTEX
  8
21
 10
0.125000
 20
0.576500
 30
0.000000
 42
1.000000
  0
VERTEX
  8
21
 10
0.125000
 20
0.573500
 30
0.000000
  0
SEQEND
  8
0
  0
POLYLINE
  8
21
 66
1
 10
0.000000
 20
0.000000
 30
0.000000
 40
0.006000
 41
0.006000
 70
0
  0
VERTEX
  8
21
 10
0.225000
 20
0.575000
 30
0.000000
  0
VERTEX
  8
21
 10
0.225000
 20
0.675000
 30
0.000000
  0
SEQEND
  8
0
  0
POLYLINE
  8
21
 66
1
 10
0.000000
 20
0.000000
 30
0.000000
 40
0.003000
 41
0.003000
 70
0
  0
VERTEX
  8
21
 10
0.226500
 20
0.675000
 30
0.000000
 42
1.000000
  0
VERTEX
  8
21
 10
0.223500
 20
0.675000
 30
0.000000
  0
SEQEND
  8
0
  0
POLYLINE
  8
21
 66
1
 10
0.000000
 20
0.000000
 30
0.000000
 40
0.003000
 41
0.003000
 70
0
  0
VERTEX
  8
21
 10
0.223500
 20
0.575000
 30
0.000000
 42
1.000000
  0
VERTEX
  8
21
 10
0.226500
 20
0.575000
 30
0.000000
  0
SEQEND
  8
0
  0
POLYLINE
  8
21
 66
1
 10
0.000000
 20
0.000000
 30
0.000000
 40
0.030000
 41
0.030000
 70
0
  0
VERTEX
  8
21
 10
0.175000
 20
0.325000
 30
0.000000
  0
VERTEX
  8
21
 10
0.175000
 20
0.550000
 30
0.000000
  0
SEQEND
  8
0
  0
POLYLINE
  8
21
 66
1
 10
0.000000
 20
0.000000
 30
0.000000
 40
0.015000
 41
0.015000
 70
0
  0
VERTEX
  8
21
 10
0.182500
 20
0.550000
 30
0.000000
 42
1.000000
  0
VERTEX
  8
21
 10
0.167500
 20
0.550000
 30
0.000000
  0
SEQEND
  8
0
  0
POLYLINE
  8
21
 66
1
 10
0.000000
 20
0.000000
 30
0.000000
 40
0.015000
 41
0.015000
 70
0
  0
VERTEX
  8
21
 10
0.167500
 20
0.325000
 30
0.000000
 42
1.000000
  0
VERTEX
  8
21
 10
0.182500
 20
0.325000
 30
0.000000
  0
SEQEND
  8
0
  0
POLYLINE
  8
21
 66
1
 10
0.000000
 20
0.000000
 30
0.000000
 40
0.006000
 41
0.006000
 70
0
  0
VERTEX
  8
21
 10
0.125000
 20
0.675000
 30
0.000000
  0
VERTEX
  8
21
 10
0.025000
 20
0.675000
 30
0.000000
  0
SEQEND
  8
0
  0
POLYLINE
  8
21
 66
1
 10
0.000000
 20
0.000000
 30
0.000000
 40
0.003000
 41
0.003000
 70
0
  0
VERTEX
  8
21
 10
0.025000
 20
0.676500
 30
0.000000
 42
1.000000
  0
VERTEX
  8
21
 10
0.025000
 20
0.673500
 30
0.000000
  0
SEQEND
  8
0
  0
POLYLINE
  8
21
 66
1
 10
0.000000
 20
0.000000
 30
0.000000
 40
0.003000
 41
0.003000
 70
0
  0
VERTEX
  8
21
 10
0.125000
 20
0.673500
 30
0.000000
 42
1.000000
  0
VERTEX
  8
21
 10
0.125000
 20
0.676500
 30
0.000000
  0
SEQEND
  8
0
  0
POLYLINE
  8
21
 66
1
 10
0.000000
 20
0.000000
 30
0.000000
 40
0.006000
 41
0.006000
 70
0
  0
VERTEX
  8
21
 10
0.025000
 20
0.675000
 30
0.000000
  0
VERTEX
  8
21
 10
0.025000
 20
0.575000
 30
0.000000
  0
SEQEND
  8
0
  0
POLYLINE
  8
21
 66
1
 10
0.000000
 20
0.000000
 30
0.000000
 40
0.003000
 41
0.003000
 70
0
  0
VERTEX
  8
21
 10
0.023500
 20
0.575000
 30
0.000000
 42
1.000000
  0
VERTEX
  8
21
 10
0.026500
 20
0.575000
 30
0.000000
  0
SEQEND
  8
0
  0
POLYLINE
  8
21
 66
1
 10
0.000000
 20
0.000000
 30
0.000000
 40
0.003000
 41
0.003000
 70
0
  0
VERTEX
  8
21
 10
0.026500
 20
0.675000
 30
0.000000
 42
1.000000
  0
VERTEX
  8
21
 10
0.023500
 20
0.675000
 30
0.000000
  0
SEQEND
  8
0
  0
POLYLINE
  8
21
 66
1
 10
0.000000
 20
0.000000
 30
0.000000
 40
0.006000
 41
0.006000
 70
0
  0
VERTEX
  8
21
 10
0.025000
 20
0.575000
 30
0.000000
  0
VERTEX
  8
21
 10
0.125000
 20
0.575000
 30
0.000000
  0
SEQEND
  8
0
  0
POLYLINE
  8
21
 66
1
 10
0.000000
 20
0.000000
 30
0.000000
 40
0.003000
 41
0.003000
 70
0
  0
VERTEX
  8
21
 10
0.125000
 20
0.573500
 30
0.000000
 42
1.000000
  0
VERTEX
  8
21
 10
0.125000
 20
0.576500
 30
0.000000
  0
SEQEND
  8
0
  0
POLYLINE
  8
21
 66
1
 10
0.000000
 20
0.000000
 30
0.000000
 40
0.003000
 41
0.003000
 70
0
  0
VERTEX
  8
21
 10
0.025000
 20
0.576500
 30
0.000000
 42
1.000000
  0
VERTEX
  8
21
 10
0.025000
 20
0.573500
 30
0.000000
  0
SEQEND
  8
0
  0
POLYLINE
  8
21
 66
1
 10
0.000000
 20
0.000000
 30
0.000000
 40
0.030000
 41
0.030000
 70
0
  0
VERTEX
  8
21
 10
0.075000
 20
0.325000
 30
0.000000
  0
VERTEX
  8
21
 10
0.075000
 20
0.550000
 30
0.000000
  0
SEQEND
  8
0
  0
POLYLINE
  8
21
 66
1
 10
0.000000
 20
0.000000
 30
0.000000
 40
0.015000
 41
0.015000
 70
0
  0
VERTEX
  8
21
 10
0.082500
 20
0.550000
 30
0.000000
 42
1.000000
  0
VERTEX
  8
21
 10
0.067500
 20
0.550000
 30
0.000000
  0
SEQEND
  8
0
  0
POLYLINE
  8
21
 66
1
 10
0.000000
 20
0.000000
 30
0.000000
 40
0.015000
 41
0.015000
 70
0
  0
VERTEX
  8
21
 10
0.067500
 20
0.325000
 30
0.000000
 42
1.000000
  0
VERTEX
  8
21
 10
0.082500
 20
0.325000
 30
0.000000
  0
SEQEND
  8
0
  0
INSERT
  8
21
  2
RECT
 10
0.175000
 20
0.565000
 30
0.000000
 41
0.030000
 42
0.020000
 43
1.000000
 50
180.000000
  0
INSERT
  8
21
  2
RECT
 10
0.075000
 20
0.565000
 30
0.000000
 41
0.030000
 42
0.020000
 43
1.000000
 50
180.000000
  0
INSERT
  8
21
  2
RECT
 10
0.175000
 20
0.695000
 30
0.000000
 41
0.030000
 42
0.040000
 43
1.000000
 50
180.000000
  0
INSERT
  8
21
  2
RECT
 10
0.075000
 20
0.695000
 30
0.000000
 41
0.030000
 42
0.040000
 43
1.000000
 50
180.000000
  0
INSERT
  8
17
  2
LONGP100
 10
0.175000
 20
0.750000
 30
0.000000
 41
0.060000
 42
0.060000
 43
1.000000
 50
270.000000
  0
INSERT
  8
17
  2
LONGP100
 10
0.175000
 20
0.750000
 30
0.000000
 41
0.060000
 42
0.060000
 43
1.000000
 50
270.000000
  0
INSERT
  8
17
  2
LONGP100
 10
0.075000
 20
0.750000
 30
0.000000
 41
0.060000
 42
0.060000
 43
1.000000
 50
270.000000
  0
INSERT
  8
17
  2
LONGP100
 10
0.075000
 20
0.750000
 30
0.000000
 41
0.060000
 42
0.060000
 43
1.000000
 50
270.000000
  0
POLYLINE
  8
25
 66
1
 10
0.000000
 20
0.000000
 30
0.000000
 40
0.005000
 41
0.005000
 70
0
  0
VERTEX
  8
25
 10
0.252500
 20
0.656206
 30
0.000000
  0
VERTEX
  8
25
 10
0.287500
 20
0.656206
 30
0.000000
  0
SEQEND
  8
0
  0
POLYLINE
  8
25
 66
1
 10
0.000000
 20
0.000000
 30
0.000000
 40
0.002500
 41
0.002500
 70
0
  0
VERTEX
  8
25
 10
0.287500
 20
0.654956
 30
0.000000
 42
1.000000
  0
VERTEX
  8
25
 10
0.287500
 20
0.657456
 30
0.000000
  0
SEQEND
  8
0
  0
POLYLINE
  8
25
 66
1
 10
0.000000
 20
0.000000
 30
0.000000
 40
0.002500
 41
0.002500
 70
0
  0
VERTEX
  8
25
 10
0.252500
 20
0.657456
 30
0.000000
 42
1.000000
  0
VERTEX
  8
25
 10
0.252500
 20
0.654956
 30
0.000000
  0
SEQEND
  8
0
  0
POLYLINE
  8
25
 66
1
 10
0.000000
 20
0.000000
 30
0.000000
 40
0.005000
 41
0.005000
 70
0
  0
VERTEX
  8
25
 10
0.297500
 20
0.646206
 30
0.000000
 42
0.414214
  0
VERTEX
  8
25
 10
0.287500
 20
0.656206
 30
0.000000
  0
SEQEND
  8
0
  0
POLYLINE
  8
25
 66
1
 10
0.000000
 20
0.000000
 30
0.000000
 40
0.002500
 41
0.002500
 70
0
  0
VERTEX
  8
25
 10
0.296250
 20
0.646206
 30
0.000000
 42
1.000000
  0
VERTEX
  8
25
 10
0.298750
 20
0.646206
 30
0.000000
  0
SEQEND
  8
0
  0
POLYLINE
  8
25
 66
1
 10
0.000000
 20
0.000000
 30
0.000000
 40
0.002500
 41
0.002500
 70
0
  0
VERTEX
  8
25
 10
0.287500
 20
0.657456
 30
0.000000
 42
1.000000
  0
VERTEX
  8
25
 10
0.287500
 20
0.654956
 30
0.000000
  0
SEQEND
  8
0
  0
POLYLINE
  8
25
 66
1
 10
0.000000
 20
0.000000
 30
0.000000
 40
0.005000
 41
0.005000
 70
0
  0
VERTEX
  8
25
 10
0.297500
 20
0.646206
 30
0.000000
  0
VERTEX
  8
25
 10
0.297500
 20
0.641206
 30
0.000000
  0
SEQEND
  8
0
  0
POLYLINE
  8
25
 66
1
 10
0.000000
 20
0.000000
 30
0.000000
 40
0.002500
 41
0.002500
 70
0
  0
VERTEX
  8
25
 10
0.296250
 20
0.641206
 30
0.000000
 42
1.000000
  0
VERTEX
  8
25
 10
0.298750
 20
0.641206
 30
0.000000
  0
SEQEND
  8
0
  0
POLYLINE
  8
25
 66
1
 10
0.000000
 20
0.000000
 30
0.000000
 40
0.002500
 41
0.002500
 70
0
  0
VERTEX
  8
25
 10
0.298750
 20
0.646206
 30
0.000000
 42
1.000000
  0
VERTEX
  8
25
 10
0.296250
 20
0.646206
 30
0.000000
  0
SEQEND
  8
0
  0
POLYLINE
  8
25
 66
1
 10
0.000000
 20
0.000000
 30
0.000000
 40
0.005000
 41
0.005000
 70
0
  0
VERTEX
  8
25
 10
0.297500
 20
0.679750
 30
0.000000
  0
VERTEX
  8
25
 10
0.252500
 20
0.679750
 30
0.000000
  0
SEQEND
  8
0
  0
POLYLINE
  8
25
 66
1
 10
0.000000
 20
0.000000
 30
0.000000
 40
0.002500
 41
0.002500
 70
0
  0
VERTEX
  8
25
 10
0.252500
 20
0.681000
 30
0.000000
 42
1.000000
  0
VERTEX
  8
25
 10
0.252500
 20
0.678500
 30
0.000000
  0
SEQEND
  8
0
  0
POLYLINE
  8
25
 66
1
 10
0.000000
 20
0.000000
 30
0.000000
 40
0.002500
 41
0.002500
 70
0
  0
VERTEX
  8
25
 10
0.297500
 20
0.678500
 30
0.000000
 42
1.000000
  0
VERTEX
  8
25
 10
0.297500
 20
0.681000
 30
0.000000
  0
SEQEND
  8
0
  0
POLYLINE
  8
25
 66
1
 10
0.000000
 20
0.000000
 30
0.000000
 40
0.005000
 41
0.005000
 70
0
  0
VERTEX
  8
25
 10
0.252500
 20
0.679750
 30
0.000000
  0
VERTEX
  8
25
 10
0.252500
 20
0.692250
 30
0.000000
  0
SEQEND
  8
0
  0
POLYLINE
  8
25
 66
1
 10
0.000000
 20
0.000000
 30
0.000000
 40
0.002500
 41
0.002500
 70
0
  0
VERTEX
  8
25
 10
0.253750
 20
0.692250
 30
0.000000
 42
1.000000
  0
VERTEX
  8
25
 10
0.251250
 20
0.692250
 30
0.000000
  0
SEQEND
  8
0
  0
POLYLINE
  8
25
 66
1
 10
0.000000
 20
0.000000
 30
0.000000
 40
0.002500
 41
0.002500
 70
0
  0
VERTEX
  8
25
 10
0.251250
 20
0.679750
 30
0.000000
 42
1.000000
  0
VERTEX
  8
25
 10
0.253750
 20
0.679750
 30
0.000000
  0
SEQEND
  8
0
  0
POLYLINE
  8
25
 66
1
 10
0.000000
 20
0.000000
 30
0.000000
 40
0.005000
 41
0.005000
 70
0
  0
VERTEX
  8
25
 10
0.277500
 20
0.692250
 30
0.000000
 42
1.000000
  0
VERTEX
  8
25
 10
0.252500
 20
0.692250
 30
0.000000
  0
SEQEND
  8
0
  0
POLYLINE
  8
25
 66
1
 10
0.000000
 20
0.000000
 30
0.000000
 40
0.002500
 41
0.002500
 70
0
  0
VERTEX
  8
25
 10
0.276250
 20
0.692250
 30
0.000000
 42
1.000000
  0
VERTEX
  8
25
 10
0.278750
 20
0.692250
 30
0.000000
  0
SEQEND
  8
0
  0
POLYLINE
  8
25
 66
1
 10
0.000000
 20
0.000000
 30
0.000000
 40
0.002500
 41
0.002500
 70
0
  0
VERTEX
  8
25
 10
0.251250
 20
0.692250
 30
0.000000
 42
1.000000
  0
VERTEX
  8
25
 10
0.253750
 20
0.692250
 30
0.000000
  0
SEQEND
  8
0
  0
POLYLINE
  8
25
 66
1
 10
0.000000
 20
0.000000
 30
0.000000
 40
0.005000
 41
0.005000
 70
0
  0
VERTEX
  8
25
 10
0.277500
 20
0.692250
 30
0.000000
  0
VERTEX
  8
25
 10
0.277500
 20
0.679750
 30
0.000000
  0
SEQEND
  8
0
  0
POLYLINE
  8
25
 66
1
 10
0.000000
 20
0.000000
 30
0.000000
 40
0.002500
 41
0.002500
 70
0
  0
VERTEX
  8
25
 10
0.276250
 20
0.679750
 30
0.000000
 42
1.000000
  0
VERTEX
  8
25
 10
0.278750
 20
0.679750
 30
0.000000
  0
SEQEND
  8
0
  0
POLYLINE
  8
25
 66
1
 10
0.000000
 20
0.000000
 30
0.000000
 40
0.002500
 41
0.002500
 70
0
  0
VERTEX
  8
25
 10
0.278750
 20
0.692250
 30
0.000000
 42
1.000000
  0
VERTEX
  8
25
 10
0.276250
 20
0.692250
 30
0.000000
  0
SEQEND
  8
0
  0
POLYLINE
  8
25
 66
1
 10
0.000000
 20
0.000000
 30
0.000000
 40
0.005000
 41
0.005000
 70
0
  0
VERTEX
  8
25
 10
0.297500
 20
0.722500
 30
0.000000
  0
VERTEX
  8
25
 10
0.297500
 20
0.735000
 30
0.000000
  0
SEQEND
  8
0
  0
POLYLINE
  8
25
 66
1
 10
0.000000
 20
0.000000
 30
0.000000
 40
0.002500
 41
0.002500
 70
0
  0
VERTEX
  8
25
 10
0.298750
 20
0.735000
 30
0.000000
 42
1.000000
  0
VERTEX
  8
25
 10
0.296250
 20
0.735000
 30
0.000000
  0
SEQEND
  8
0
  0
POLYLINE
  8
25
 66
1
 10
0.000000
 20
0.000000
 30
0.000000
 40
0.002500
 41
0.002500
 70
0
  0
VERTEX
  8
25
 10
0.296250
 20
0.722500
 30
0.000000
 42
1.000000
  0
VERTEX
  8
25
 10
0.298750
 20
0.722500
 30
0.000000
  0
SEQEND
  8
0
  0
POLYLINE
  8
25
 66
1
 10
0.000000
 20
0.000000
 30
0.000000
 40
0.005000
 41
0.005000
 70
0
  0
VERTEX
  8
25
 10
0.297500
 20
0.735000
 30
0.000000
 42
1.000000
  0
VERTEX
  8
25
 10
0.272500
 20
0.735000
 30
0.000000
  0
SEQEND
  8
0
  0
POLYLINE
  8
25
 66
1
 10
0.000000
 20
0.000000
 30
0.000000
 40
0.002500
 41
0.002500
 70
0
  0
VERTEX
  8
25
 10
0.296250
 20
0.735000
 30
0.000000
 42
1.000000
  0
VERTEX
  8
25
 10
0.298750
 20
0.735000
 30
0.000000
  0
SEQEND
  8
0
  0
POLYLINE
  8
25
 66
1
 10
0.000000
 20
0.000000
 30
0.000000
 40
0.002500
 41
0.002500
 70
0
  0
VERTEX
  8
25
 10
0.271250
 20
0.735000
 30
0.000000
 42
1.000000
  0
VERTEX
  8
25
 10
0.273750
 20
0.735000
 30
0.000000
  0
SEQEND
  8
0
  0
POLYLINE
  8
25
 66
1
 10
0.000000
 20
0.000000
 30
0.000000
 40
0.005000
 41
0.005000
 70
0
  0
VERTEX
  8
25
 10
0.252500
 20
0.722500
 30
0.000000
  0
VERTEX
  8
25
 10
0.252500
 20
0.737500
 30
0.000000
  0
SEQEND
  8
0
  0
POLYLINE
  8
25
 66
1
 10
0.000000
 20
0.000000
 30
0.000000
 40
0.002500
 41
0.002500
 70
0
  0
VERTEX
  8
25
 10
0.253750
 20
0.737500
 30
0.000000
 42
1.000000
  0
VERTEX
  8
25
 10
0.251250
 20
0.737500
 30
0.000000
  0
SEQEND
  8
0
  0
POLYLINE
  8
25
 66
1
 10
0.000000
 20
0.000000
 30
0.000000
 40
0.002500
 41
0.002500
 70
0
  0
VERTEX
  8
25
 10
0.251250
 20
0.722500
 30
0.000000
 42
1.000000
  0
VERTEX
  8
25
 10
0.253750
 20
0.722500
 30
0.000000
  0
SEQEND
  8
0
  0
POLYLINE
  8
25
 66
1
 10
0.000000
 20
0.000000
 30
0.000000
 40
0.005000
 41
0.005000
 70
0
  0
VERTEX
  8
25
 10
0.272500
 20
0.737500
 30
0.000000
 42
1.000000
  0
VERTEX
  8
25
 10
0.252500
 20
0.737500
 30
0.000000
  0
SEQEND
  8
0
  0
POLYLINE
  8
25
 66
1
 10
0.000000
 20
0.000000
 30
0.000000
 40
0.002500
 41
0.002500
 70
0
  0
VERTEX
  8
25
 10
0.271250
 20
0.737500
 30
0.000000
 42
1.000000
  0
VERTEX
  8
25
 10
0.273750
 20
0.737500
 30
0.000000
  0
SEQEND
  8
0
  0
POLYLINE
  8
25
 66
1
 10
0.000000
 20
0.000000
 30
0.000000
 40
0.002500
 41
0.002500
 70
0
  0
VERTEX
  8
25
 10
0.251250
 20
0.737500
 30
0.000000
 42
1.000000
  0
VERTEX
  8
25
 10
0.253750
 20
0.737500
 30
0.000000
  0
SEQEND
  8
0
  0
POLYLINE
  8
25
 66
1
 10
0.000000
 20
0.000000
 30
0.000000
 40
0.005000
 41
0.005000
 70
0
  0
VERTEX
  8
25
 10
0.272500
 20
0.737500
 30
0.000000
  0
VERTEX
  8
25
 10
0.272500
 20
0.727500
 30
0.000000
  0
SEQEND
  8
0
  0
POLYLINE
  8
25
 66
1
 10
0.000000
 20
0.000000
 30
0.000000
 40
0.002500
 41
0.002500
 70
0
  0
VERTEX
  8
25
 10
0.271250
 20
0.727500
 30
0.000000
 42
1.000000
  0
VERTEX
  8
25
 10
0.273750
 20
0.727500
 30
0.000000
  0
SEQEND
  8
0
  0
POLYLINE
  8
25
 66
1
 10
0.000000
 20
0.000000
 30
0.000000
 40
0.002500
 41
0.002500
 70
0
  0
VERTEX
  8
25
 10
0.273750
 20
0.737500
 30
0.000000
 42
1.000000
  0
VERTEX
  8
25
 10
0.271250
 20
0.737500
 30
0.000000
  0
SEQEND
  8
0
  0
POINT
  8
24
 10
0.125000
 20
0.620000
 30
0.000000
  0
POLYLINE
  8
22
 66
1
 10
0.000000
 20
0.000000
 30
0.000000
 40
0.006000
 41
0.006000
 70
0
  0
VERTEX
  8
22
 10
0.225000
 20
0.545000
 30
0.000000
  0
VERTEX
  8
22
 10
0.125000
 20
0.545000
 30
0.000000
  0
SEQEND
  8
0
  0
POLYLINE
  8
22
 66
1
 10
0.000000
 20
0.000000
 30
0.000000
 40
0.003000
 41
0.003000
 70
0
  0
VERTEX
  8
22
 10
0.125000
 20
0.546500
 30
0.000000
 42
1.000000
  0
VERTEX
  8
22
 10
0.125000
 20
0.543500
 30
0.000000
  0
SEQEND
  8
0
  0
POLYLINE
  8
22
 66
1
 10
0.000000
 20
0.000000
 30
0.000000
 40
0.003000
 41
0.003000
 70
0
  0
VERTEX
  8
22
 10
0.225000
 20
0.543500
 30
0.000000
 42
1.000000
  0
VERTEX
  8
22
 10
0.225000
 20
0.546500
 30
0.000000
  0
SEQEND
  8
0
  0
POLYLINE
  8
22
 66
1
 10
0.000000
 20
0.000000
 30
0.000000
 40
0.006000
 41
0.006000
 70
0
  0
VERTEX
  8
22
 10
0.125000
 20
0.545000
 30
0.000000
  0
VERTEX
  8
22
 10
0.125000
 20
0.645000
 30
0.000000
  0
SEQEND
  8
0
  0
POLYLINE
  8
22
 66
1
 10
0.000000
 20
0.000000
 30
0.000000
 40
0.003000
 41
0.003000
 70
0
  0
VERTEX
  8
22
 10
0.126500
 20
0.645000
 30
0.000000
 42
1.000000
  0
VERTEX
  8
22
 10
0.123500
 20
0.645000
 30
0.000000
  0
SEQEND
  8
0
  0
POLYLINE
  8
22
 66
1
 10
0.000000
 20
0.000000
 30
0.000000
 40
0.003000
 41
0.003000
 70
0
  0
VERTEX
  8
22
 10
0.123500
 20
0.545000
 30
0.000000
 42
1.000000
  0
VERTEX
  8
22
 10
0.126500
 20
0.545000
 30
0.000000
  0
SEQEND
  8
0
  0
POLYLINE
  8
22
 66
1
 10
0.000000
 20
0.000000
 30
0.000000
 40
0.006000
 41
0.006000
 70
0
  0
VERTEX
  8
22
 10
0.125000
 20
0.645000
 30
0.000000
  0
VERTEX
  8
22
 10
0.225000
 20
0.645000
 30
0.000000
  0
SEQEND
  8
0
  0
POLYLINE
  8
22
 66
1
 10
0.000000
 20
0.000000
 30
0.000000
 40
0.003000
 41
0.003000
 70
0
  0
VERTEX
  8
22
 10
0.225000
 20
0.643500
 30
0.000000
 42
1.000000
  0
VERTEX
  8
22
 10
0.225000
 20
0.646500
 30
0.000000
  0
SEQEND
  8
0
  0
POLYLINE
  8
22
 66
1
 10
0.000000
 20
0.000000
 30
0.000000
 40
0.003000
 41
0.003000
 70
0
  0
VERTEX
  8
22
 10
0.125000
 20
0.646500
 30
0.000000
 42
1.000000
  0
VERTEX
  8
22
 10
0.125000
 20
0.643500
 30
0.000000
  0
SEQEND
  8
0
  0
POLYLINE
  8
22
 66
1
 10
0.000000
 20
0.000000
 30
0.000000
 40
0.006000
 41
0.006000
 70
0
  0
VERTEX
  8
22
 10
0.225000
 20
0.645000
 30
0.000000
  0
VERTEX
  8
22
 10
0.225000
 20
0.545000
 30
0.000000
  0
SEQEND
  8
0
  0
POLYLINE
  8
22
 66
1
 10
0.000000
 20
0.000000
 30
0.000000
 40
0.003000
 41
0.003000
 70
0
  0
VERTEX
  8
22
 10
0.223500
 20
0.545000
 30
0.000000
 42
1.000000
  0
VERTEX
  8
22
 10
0.226500
 20
0.545000
 30
0.000000
  0
SEQEND
  8
0
  0
POLYLINE
  8
22
 66
1
 10
0.000000
 20
0.000000
 30
0.000000
 40
0.003000
 41
0.003000
 70
0
  0
VERTEX
  8
22
 10
0.226500
 20
0.645000
 30
0.000000
 42
1.000000
  0
VERTEX
  8
22
 10
0.223500
 20
0.645000
 30
0.000000
  0
SEQEND
  8
0
  0
POLYLINE
  8
22
 66
1
 10
0.000000
 20
0.000000
 30
0.000000
 40
0.030000
 41
0.030000
 70
0
  0
VERTEX
  8
22
 10
0.175000
 20
0.895000
 30
0.000000
  0
VERTEX
  8
22
 10
0.175000
 20
0.670000
 30
0.000000
  0
SEQEND
  8
0
  0
POLYLINE
  8
22
 66
1
 10
0.000000
 20
0.000000
 30
0.000000
 40
0.015000
 41
0.015000
 70
0
  0
VERTEX
  8
22
 10
0.167500
 20
0.670000
 30
0.000000
 42
1.000000
  0
VERTEX
  8
22
 10
0.182500
 20
0.670000
 30
0.000000
  0
SEQEND
  8
0
  0
POLYLINE
  8
22
 66
1
 10
0.000000
 20
0.000000
 30
0.000000
 40
0.015000
 41
0.015000
 70
0
  0
VERTEX
  8
22
 10
0.182500
 20
0.895000
 30
0.000000
 42
1.000000
  0
VERTEX
  8
22
 10
0.167500
 20
0.895000
 30
0.000000
  0
SEQEND
  8
0
  0
POLYLINE
  8
22
 66
1
 10
0.000000
 20
0.000000
 30
0.000000
 40
0.006000
 41
0.006000
 70
0
  0
VERTEX
  8
22
 10
0.125000
 20
0.545000
 30
0.000000
  0
VERTEX
  8
22
 10
0.025000
 20
0.545000
 30
0.000000
  0
SEQEND
  8
0
  0
POLYLINE
  8
22
 66
1
 10
0.000000
 20
0.000000
 30
0.000000
 40
0.003000
 41
0.003000
 70
0
  0
VERTEX
  8
22
 10
0.025000
 20
0.546500
 30
0.000000
 42
1.000000
  0
VERTEX
  8
22
 10
0.025000
 20
0.543500
 30
0.000000
  0
SEQEND
  8
0
  0
POLYLINE
  8
22
 66
1
 10
0.000000
 20
0.000000
 30
0.000000
 40
0.003000
 41
0.003000
 70
0
  0
VERTEX
  8
22
 10
0.125000
 20
0.543500
 30
0.000000
 42
1.000000
  0
VERTEX
  8
22
 10
0.125000
 20
0.546500
 30
0.000000
  0
SEQEND
  8
0
  0
POLYLINE
  8
22
 66
1
 10
0.000000
 20
0.000000
 30
0.000000
 40
0.006000
 41
0.006000
 70
0
  0
VERTEX
  8
22
 10
0.025000
 20
0.545000
 30
0.000000
  0
VERTEX
  8
22
 10
0.025000
 20
0.645000
 30
0.000000
  0
SEQEND
  8
0
  0
POLYLINE
  8
22
 66
1
 10
0.000000
 20
0.000000
 30
0.000000
 40
0.003000
 41
0.003000
 70
0
  0
VERTEX
  8
22
 10
0.026500
 20
0.645000
 30
0.000000
 42
1.000000
  0
VERTEX
  8
22
 10
0.023500
 20
0.645000
 30
0.000000
  0
SEQEND
  8
0
  0
POLYLINE
  8
22
 66
1
 10
0.000000
 20
0.000000
 30
0.000000
 40
0.003000
 41
0.003000
 70
0
  0
VERTEX
  8
22
 10
0.023500
 20
0.545000
 30
0.000000
 42
1.000000
  0
VERTEX
  8
22
 10
0.026500
 20
0.545000
 30
0.000000
  0
SEQEND
  8
0
  0
POLYLINE
  8
22
 66
1
 10
0.000000
 20
0.000000
 30
0.000000
 40
0.006000
 41
0.006000
 70
0
  0
VERTEX
  8
22
 10
0.025000
 20
0.645000
 30
0.000000
  0
VERTEX
  8
22
 10
0.125000
 20
0.645000
 30
0.000000
  0
SEQEND
  8
0
  0
POLYLINE
  8
22
 66
1
 10
0.000000
 20
0.000000
 30
0.000000
 40
0.003000
 41
0.003000
 70
0
  0
VERTEX
  8
22
 10
0.125000
 20
0.643500
 30
0.000000
 42
1.000000
  0
VERTEX
  8
22
 10
0.125000
 20
0.646500
 30
0.000000
  0
SEQEND
  8
0
  0
POLYLINE
  8
22
 66
1
 10
0.000000
 20
0.000000
 30
0.000000
 40
0.003000
 41
0.003000
 70
0
  0
VERTEX
  8
22
 10
0.025000
 20
0.646500
 30
0.000000
 42
1.000000
  0
VERTEX
  8
22
 10
0.025000
 20
0.643500
 30
0.000000
  0
SEQEND
  8
0
  0
POLYLINE
  8
22
 66
1
 10
0.000000
 20
0.000000
 30
0.000000
 40
0.030000
 41
0.030000
 70
0
  0
VERTEX
  8
22
 10
0.075000
 20
0.895000
 30
0.000000
  0
VERTEX
  8
22
 10
0.075000
 20
0.670000
 30
0.000000
  0
SEQEND
  8
0
  0
POLYLINE
  8
22
 66
1
 10
0.000000
 20
0.000000
 30
0.000000
 40
0.015000
 41
0.015000
 70
0
  0
VERTEX
  8
22
 10
0.067500
 20
0.670000
 30
0.000000
 42
1.000000
  0
VERTEX
  8
22
 10
0.082500
 20
0.670000
 30
0.000000
  0
SEQEND
  8
0
  0
POLYLINE
  8
22
 66
1
 10
0.000000
 20
0.000000
 30
0.000000
 40
0.015000
 41
0.015000
 70
0
  0
VERTEX
  8
22
 10
0.082500
 20
0.895000
 30
0.000000
 42
1.000000
  0
VERTEX
  8
22
 10
0.067500
 20
0.895000
 30
0.000000
  0
SEQEND
  8
0
  0
INSERT
  8
22
  2
RECT
 10
0.175000
 20
0.655000
 30
0.000000
 41
0.030000
 42
0.020000
 43
1.000000
 50
180.000000
  0
INSERT
  8
22
  2
RECT
 10
0.075000
 20
0.655000
 30
0.000000
 41
0.030000
 42
0.020000
 43
1.000000
 50
180.000000
  0
INSERT
  8
22
  2
RECT
 10
0.175000
 20
0.525000
 30
0.000000
 41
0.030000
 42
0.040000
 43
1.000000
 50
180.000000
  0
INSERT
  8
22
  2
RECT
 10
0.075000
 20
0.525000
 30
0.000000
 41
0.030000
 42
0.040000
 43
1.000000
 50
180.000000
  0
INSERT
  8
17
  2
LONGP100
 10
0.175000
 20
0.470000
 30
0.000000
 41
0.060000
 42
0.060000
 43
1.000000
 50
90.000000
  0
INSERT
  8
17
  2
LONGP100
 10
0.175000
 20
0.470000
 30
0.000000
 41
0.060000
 42
0.060000
 43
1.000000
 50
90.000000
  0
INSERT
  8
17
  2
LONGP100
 10
0.075000
 20
0.470000
 30
0.000000
 41
0.060000
 42
0.060000
 43
1.000000
 50
90.000000
  0
INSERT
  8
17
  2
LONGP100
 10
0.075000
 20
0.470000
 30
0.000000
 41
0.060000
 42
0.060000
 43
1.000000
 50
90.000000
  0
POLYLINE
  8
26
 66
1
 10
0.000000
 20
0.000000
 30
0.000000
 40
0.005000
 41
0.005000
 70
0
  0
VERTEX
  8
26
 10
0.297500
 20
0.487500
 30
0.000000
  0
VERTEX
  8
26
 10
0.262500
 20
0.487500
 30
0.000000
  0
SEQEND
  8
0
  0
POLYLINE
  8
26
 66
1
 10
0.000000
 20
0.000000
 30
0.000000
 40
0.002500
 41
0.002500
 70
0
  0
VERTEX
  8
26
 10
0.262500
 20
0.488750
 30
0.000000
 42
1.000000
  0
VERTEX
  8
26
 10
0.262500
 20
0.486250
 30
0.000000
  0
SEQEND
  8
0
  0
POLYLINE
  8
26
 66
1
 10
0.000000
 20
0.000000
 30
0.000000
 40
0.002500
 41
0.002500
 70
0
  0
VERTEX
  8
26
 10
0.297500
 20
0.486250
 30
0.000000
 42
1.000000
  0
VERTEX
  8
26
 10
0.297500
 20
0.488750
 30
0.000000
  0
SEQEND
  8
0
  0
POLYLINE
  8
26
 66
1
 10
0.000000
 20
0.000000
 30
0.000000
 40
0.005000
 41
0.005000
 70
0
  0
VERTEX
  8
26
 10
0.262500
 20
0.487500
 30
0.000000
 42
0.414214
  0
VERTEX
  8
26
 10
0.252500
 20
0.477500
 30
0.000000
  0
SEQEND
  8
0
  0
POLYLINE
  8
26
 66
1
 10
0.000000
 20
0.000000
 30
0.000000
 40
0.002500
 41
0.002500
 70
0
  0
VERTEX
  8
26
 10
0.262500
 20
0.486250
 30
0.000000
 42
1.000000
  0
VERTEX
  8
26
 10
0.262500
 20
0.488750
 30
0.000000
  0
SEQEND
  8
0
  0
POLYLINE
  8
26
 66
1
 10
0.000000
 20
0.000000
 30
0.000000
 40
0.002500
 41
0.002500
 70
0
  0
VERTEX
  8
26
 10
0.251250
 20
0.477500
 30
0.000000
 42
1.000000
  0
VERTEX
  8
26
 10
0.253750
 20
0.477500
 30
0.000000
  0
SEQEND
  8
0
  0
POLYLINE
  8
26
 66
1
 10
0.000000
 20
0.000000
 30
0.000000
 40
0.005000
 41
0.005000
 70
0
  0
VERTEX
  8
26
 10
0.252500
 20
0.477500
 30
0.000000
  0
VERTEX
  8
26
 10
0.252500
 20
0.472500
 30
0.000000
  0
SEQEND
  8
0
  0
POLYLINE
  8
26
 66
1
 10
0.000000
 20
0.000000
 30
0.000000
 40
0.002500
 41
0.002500
 70
0
  0
VERTEX
  8
26
 10
0.251250
 20
0.472500
 30
0.000000
 42
1.000000
  0
VERTEX
  8
26
 10
0.253750
 20
0.472500
 30
0.000000
  0
SEQEND
  8
0
  0
POLYLINE
  8
26
 66
1
 10
0.000000
 20
0.000000
 30
0.000000
 40
0.002500
 41
0.002500
 70
0
  0
VERTEX
  8
26
 10
0.253750
 20
0.477500
 30
0.000000
 42
1.000000
  0
VERTEX
  8
26
 10
0.251250
 20
0.477500
 30
0.000000
  0
SEQEND
  8
0
  0
POLYLINE
  8
26
 66
1
 10
0.000000
 20
0.000000
 30
0.000000
 40
0.005000
 41
0.005000
 70
0
  0
VERTEX
  8
26
 10
0.252500
 20
0.511044
 30
0.000000
  0
VERTEX
  8
26
 10
0.297500
 20
0.511044
 30
0.000000
  0
SEQEND
  8
0
  0
POLYLINE
  8
26
 66
1
 10
0.000000
 20
0.000000
 30
0.000000
 40
0.002500
 41
0.002500
 70
0
  0
VERTEX
  8
26
 10
0.297500
 20
0.509794
 30
0.000000
 42
1.000000
  0
VERTEX
  8
26
 10
0.297500
 20
0.512294
 30
0.000000
  0
SEQEND
  8
0
  0
POLYLINE
  8
26
 66
1
 10
0.000000
 20
0.000000
 30
0.000000
 40
0.002500
 41
0.002500
 70
0
  0
VERTEX
  8
26
 10
0.252500
 20
0.512294
 30
0.000000
 42
1.000000
  0
VERTEX
  8
26
 10
0.252500
 20
0.509794
 30
0.000000
  0
SEQEND
  8
0
  0
POLYLINE
  8
26
 66
1
 10
0.000000
 20
0.000000
 30
0.000000
 40
0.005000
 41
0.005000
 70
0
  0
VERTEX
  8
26
 10
0.297500
 20
0.511044
 30
0.000000
  0
VERTEX
  8
26
 10
0.297500
 20
0.523544
 30
0.000000
  0
SEQEND
  8
0
  0
POLYLINE
  8
26
 66
1
 10
0.000000
 20
0.000000
 30
0.000000
 40
0.002500
 41
0.002500
 70
0
  0
VERTEX
  8
26
 10
0.298750
 20
0.523544
 30
0.000000
 42
1.000000
  0
VERTEX
  8
26
 10
0.296250
 20
0.523544
 30
0.000000
  0
SEQEND
  8
0
  0
POLYLINE
  8
26
 66
1
 10
0.000000
 20
0.000000
 30
0.000000
 40
0.002500
 41
0.002500
 70
0
  0
VERTEX
  8
26
 10
0.296250
 20
0.511044
 30
0.000000
 42
1.000000
  0
VERTEX
  8
26
 10
0.298750
 20
0.511044
 30
0.000000
  0
SEQEND
  8
0
  0
POLYLINE
  8
26
 66
1
 10
0.000000
 20
0.000000
 30
0.000000
 40
0.005000
 41
0.005000
 70
0
  0
VERTEX
  8
26
 10
0.297500
 20
0.523544
 30
0.000000
 42
1.000000
  0
VERTEX
  8
26
 10
0.272500
 20
0.523544
 30
0.000000
  0
SEQEND
  8
0
  0
POLYLINE
  8
26
 66
1
 10
0.000000
 20
0.000000
 30
0.000000
 40
0.002500
 41
0.002500
 70
0
  0
VERTEX
  8
26
 10
0.296250
 20
0.523544
 30
0.000000
 42
1.000000
  0
VERTEX
  8
26
 10
0.298750
 20
0.523544
 30
0.000000
  0
SEQEND
  8
0
  0
POLYLINE
  8
26
 66
1
 10
0.000000
 20
0.000000
 30
0.000000
 40
0.002500
 41
0.002500
 70
0
  0
VERTEX
  8
26
 10
0.271250
 20
0.523544
 30
0.000000
 42
1.000000
  0
VERTEX
  8
26
 10
0.273750
 20
0.523544
 30
0.000000
  0
SEQEND
  8
0
  0
POLYLINE
  8
26
 66
1
 10
0.000000
 20
0.000000
 30
0.000000
 40
0.005000
 41
0.005000
 70
0
  0
VERTEX
  8
26
 10
0.272500
 20
0.523544
 30
0.000000
  0
VERTEX
  8
26
 10
0.272500
 20
0.511044
 30
0.000000
  0
SEQEND
  8
0
  0
POLYLINE
  8
26
 66
1
 10
0.000000
 20
0.000000
 30
0.000000
 40
0.002500
 41
0.002500
 70
0
  0
VERTEX
  8
26
 10
0.271250
 20
0.511044
 30
0.000000
 42
1.000000
  0
VERTEX
  8
26
 10
0.273750
 20
0.511044
 30
0.000000
  0
SEQEND
  8
0
  0
POLYLINE
  8
26
 66
1
 10
0.000000
 20
0.000000
 30
0.000000
 40
0.002500
 41
0.002500
 70
0
  0
VERTEX
  8
26
 10
0.273750
 20
0.523544
 30
0.000000
 42
1.000000
  0
VERTEX
  8
26
 10
0.271250
 20
0.523544
 30
0.000000
  0
SEQEND
  8
0
  0
POLYLINE
  8
26
 66
1
 10
0.000000
 20
0.000000
 30
0.000000
 40
0.005000
 41
0.005000
 70
0
  0
VERTEX
  8
26
 10
0.297500
 20
0.563794
 30
0.000000
  0
VERTEX
  8
26
 10
0.262500
 20
0.553794
 30
0.000000
  0
SEQEND
  8
0
  0
POLYLINE
  8
26
 66
1
 10
0.000000
 20
0.000000
 30
0.000000
 40
0.002500
 41
0.002500
 70
0
  0
VERTEX
  8
26
 10
0.262157
 20
0.554996
 30
0.000000
 42
1.000000
  0
VERTEX
  8
26
 10
0.262843
 20
0.552592
 30
0.000000
  0
SEQEND
  8
0
  0
POLYLINE
  8
26
 66
1
 10
0.000000
 20
0.000000
 30
0.000000
 40
0.002500
 41
0.002500
 70
0
  0
VERTEX
  8
26
 10
0.297843
 20
0.562592
 30
0.000000
 42
1.000000
  0
VERTEX
  8
26
 10
0.297157
 20
0.564996
 30
0.000000
  0
SEQEND
  8
0
  0
POLYLINE
  8
26
 66
1
 10
0.000000
 20
0.000000
 30
0.000000
 40
0.005000
 41
0.005000
 70
0
  0
VERTEX
  8
26
 10
0.262500
 20
0.553794
 30
0.000000
  0
VERTEX
  8
26
 10
0.262500
 20
0.578794
 30
0.000000
  0
SEQEND
  8
0
  0
POLYLINE
  8
26
 66
1
 10
0.000000
 20
0.000000
 30
0.000000
 40
0.002500
 41
0.002500
 70
0
  0
VERTEX
  8
26
 10
0.263750
 20
0.578794
 30
0.000000
 42
1.000000
  0
VERTEX
  8
26
 10
0.261250
 20
0.578794
 30
0.000000
  0
SEQEND
  8
0
  0
POLYLINE
  8
26
 66
1
 10
0.000000
 20
0.000000
 30
0.000000
 40
0.002500
 41
0.002500
 70
0
  0
VERTEX
  8
26
 10
0.261250
 20
0.553794
 30
0.000000
 42
1.000000
  0
VERTEX
  8
26
 10
0.263750
 20
0.553794
 30
0.000000
  0
SEQEND
  8
0
  0
POLYLINE
  8
26
 66
1
 10
0.000000
 20
0.000000
 30
0.000000
 40
0.005000
 41
0.005000
 70
0
  0
VERTEX
  8
26
 10
0.272500
 20
0.571294
 30
0.000000
  0
VERTEX
  8
26
 10
0.252500
 20
0.571294
 30
0.000000
  0
SEQEND
  8
0
  0
POLYLINE
  8
26
 66
1
 10
0.000000
 20
0.000000
 30
0.000000
 40
0.002500
 41
0.002500
 70
0
  0
VERTEX
  8
26
 10
0.252500
 20
0.572544
 30
0.000000
 42
1.000000
  0
VERTEX
  8
26
 10
0.252500
 20
0.570044
 30
0.000000
  0
SEQEND
  8
0
  0
POLYLINE
  8
26
 66
1
 10
0.000000
 20
0.000000
 30
0.000000
 40
0.002500
 41
0.002500
 70
0
  0
VERTEX
  8
26
 10
0.272500
 20
0.570044
 30
0.000000
 42
1.000000
  0
VERTEX
  8
26
 10
0.272500
 20
0.572544
 30
0.000000
  0
SEQEND
  8
0
  0
POINT
  8
23
 10
0.312500
 20
0.287500
 30
0.000000
  0
POLYLINE
  8
51
 66
1
 10
0.000000
 20
0.000000
 30
0.000000
 40
0.005000
 41
0.005000
 70
0
  0
VERTEX
  8
51
 10
0.227854
 20
0.118209
 30
0.000000
  0
VERTEX
  8
51
 10
0.227854
 20
0.456791
 30
0.000000
  0
SEQEND
  8
0
  0
POLYLINE
  8
51
 66
1
 10
0.000000
 20
0.000000
 30
0.000000
 40
0.002500
 41
0.002500
 70
0
  0
VERTEX
  8
51
 10
0.229104
 20
0.456791
 30
0.000000
 42
1.000000
  0
VERTEX
  8
51
 10
0.226604
 20
0.456791
 30
0.000000
  0
SEQEND
  8
0
  0
POLYLINE
  8
51
 66
1
 10
0.000000
 20
0.000000
 30
0.000000
 40
0.002500
 41
0.002500
 70
0
  0
VERTEX
  8
51
 10
0.226604
 20
0.118209
 30
0.000000
 42
1.000000
  0
VERTEX
  8
51
 10
0.229104
 20
0.118209
 30
0.000000
  0
SEQEND
  8
0
  0
POLYLINE
  8
51
 66
1
 10
0.000000
 20
0.000000
 30
0.000000
 40
0.005000
 41
0.005000
 70
0
  0
VERTEX
  8
51
 10
0.227854
 20
0.456791
 30
0.000000
  0
VERTEX
  8
51
 10
0.397146
 20
0.456791
 30
0.000000
  0
SEQEND
  8
0
  0
POLYLINE
  8
51
 66
1
 10
0.000000
 20
0.000000
 30
0.000000
 40
0.002500
 41
0.002500
 70
0
  0
VERTEX
  8
51
 10
0.397146
 20
0.455541
 30
0.000000
 42
1.000000
  0
VERTEX
  8
51
 10
0.397146
 20
0.458041
 30
0.000000
  0
SEQEND
  8
0
  0
POLYLINE
  8
51
 66
1
 10
0.000000
 20
0.000000
 30
0.000000
 40
0.002500
 41
0.002500
 70
0
  0
VERTEX
  8
51
 10
0.227854
 20
0.458041
 30
0.000000
 42
1.000000
  0
VERTEX
  8
51
 10
0.227854
 20
0.455541
 30
0.000000
  0
SEQEND
  8
0
  0
POLYLINE
  8
51
 66
1
 10
0.000000
 20
0.000000
 30
0.000000
 40
0.005000
 41
0.005000
 70
0
  0
VERTEX
  8
51
 10
0.397146
 20
0.456791
 30
0.000000
  0
VERTEX
  8
51
 10
0.397146
 20
0.118209
 30
0.000000
  0
SEQEND
  8
0
  0
POLYLINE
  8
51
 66
1
 10
0.000000
 20
0.000000
 30
0.000000
 40
0.002500
 41
0.002500
 70
0
  0
VERTEX
  8
51
 10
0.395896
 20
0.118209
 30
0.000000
 42
1.000000
  0
VERTEX
  8
51
 10
0.398396
 20
0.118209
 30
0.000000
  0
SEQEND
  8
0
  0
POLYLINE
  8
51
 66
1
 10
0.000000
 20
0.000000
 30
0.000000
 40
0.002500
 41
0.002500
 70
0
  0
VERTEX
  8
51
 10
0.398396
 20
0.456791
 30
0.000000
 42
1.000000
  0
VERTEX
  8
51
 10
0.395896
 20
0.456791
 30
0.000000
  0
SEQEND
  8
0
  0
POLYLINE
  8
51
 66
1
 10
0.000000
 20
0.000000
 30
0.000000
 40
0.005000
 41
0.005000
 70
0
  0
VERTEX
  8
51
 10
0.397146
 20
0.118209
 30
0.000000
  0
VERTEX
  8
51
 10
0.227854
 20
0.118209
 30
0.000000
  0
SEQEND
  8
0
  0
POLYLINE
  8
51
 66
1
 10
0.000000
 20
0.000000
 30
0.000000
 40
0.002500
 41
0.002500
 70
0
  0
VERTEX
  8
51
 10
0.227854
 20
0.119459
 30
0.000000
 42
1.000000
  0
VERTEX
  8
51
 10
0.227854
 20
0.116959
 30
0.000000
  0
SEQEND
  8
0
  0
POLYLINE
  8
51
 66
1
 10
0.000000
 20
0.000000
 30
0.000000
 40
0.002500
 41
0.002500
 70
0
  0
VERTEX
  8
51
 10
0.397146
 20
0.116959
 30
0.000000
 42
1.000000
  0
VERTEX
  8
51
 10
0.397146
 20
0.119459
 30
0.000000
  0
SEQEND
  8
0
  0
POLYLINE
  8
21
 66
1
 10
0.000000
 20
0.000000
 30
0.000000
 40
0.005000
 41
0.005000
 70
0
  0
VERTEX
  8
21
 10
0.363681
 20
0.118209
 30
0.000000
  0
VERTEX
  8
21
 10
0.397146
 20
0.118209
 30
0.000000
  0
SEQEND
  8
0
  0
POLYLINE
  8
21
 66
1
 10
0.000000
 20
0.000000
 30
0.000000
 40
0.002500
 41
0.002500
 70
0
  0
VERTEX
  8
21
 10
0.397146
 20
0.116959
 30
0.000000
 42
1.000000
  0
VERTEX
  8
21
 10
0.397146
 20
0.119459
 30
0.000000
  0
SEQEND
  8
0
  0
POLYLINE
  8
21
 66
1
 10
0.000000
 20
0.000000
 30
0.000000
 40
0.002500
 41
0.002500
 70
0
  0
VERTEX
  8
21
 10
0.363681
 20
0.119459
 30
0.000000
 42
1.000000
  0
VERTEX
  8
21
 10
0.363681
 20
0.116959
 30
0.000000
  0
SEQEND
  8
0
  0
POLYLINE
  8
21
 66
1
 10
0.000000
 20
0.000000
 30
0.000000
 40
0.005000
 41
0.005000
 70
0
  0
VERTEX
  8
21
 10
0.397146
 20
0.118209
 30
0.000000
  0
VERTEX
  8
21
 10
0.397146
 20
0.456791
 30
0.000000
  0
SEQEND
  8
0
  0
POLYLINE
  8
21
 66
1
 10
0.000000
 20
0.000000
 30
0.000000
 40
0.002500
 41
0.002500
 70
0
  0
VERTEX
  8
21
 10
0.398396
 20
0.456791
 30
0.000000
 42
1.000000
  0
VERTEX
  8
21
 10
0.395896
 20
0.456791
 30
0.000000
  0
SEQEND
  8
0
  0
POLYLINE
  8
21
 66
1
 10
0.000000
 20
0.000000
 30
0.000000
 40
0.002500
 41
0.002500
 70
0
  0
VERTEX
  8
21
 10
0.395896
 20
0.118209
 30
0.000000
 42
1.000000
  0
VERTEX
  8
21
 10
0.398396
 20
0.118209
 30
0.000000
  0
SEQEND
  8
0
  0
POLYLINE
  8
21
 66
1
 10
0.000000
 20
0.000000
 30
0.000000
 40
0.005000
 41
0.005000
 70
0
  0
VERTEX
  8
21
 10
0.397146
 20
0.456791
 30
0.000000
  0
VERTEX
  8
21
 10
0.367618
 20
0.456791
 30
0.000000
  0
SEQEND
  8
0
  0
POLYLINE
  8
21
 66
1
 10
0.000000
 20
0.000000
 30
0.000000
 40
0.002500
 41
0.002500
 70
0
  0
VERTEX
  8
21
 10
0.367618
 20
0.458041
 30
0.000000
 42
1.000000
  0
VERTEX
  8
21
 10
0.367618
 20
0.455541
 30
0.000000
  0
SEQEND
  8
0
  0
POLYLINE
  8
21
 66
1
 10
0.000000
 20
0.000000
 30
0.000000
 40
0.002500
 41
0.002500
 70
0
  0
VERTEX
  8
21
 10
0.397146
 20
0.455541
 30
0.000000
 42
1.000000
  0
VERTEX
  8
21
 10
0.397146
 20
0.458041
 30
0.000000
  0
SEQEND
  8
0
  0
POLYLINE
  8
21
 66
1
 10
0.000000
 20
0.000000
 30
0.000000
 40
0.005000
 41
0.005000
 70
0
  0
VERTEX
  8
21
 10
0.257382
 20
0.456791
 30
0.000000
  0
VERTEX
  8
21
 10
0.227854
 20
0.456791
 30
0.000000
  0
SEQEND
  8
0
  0
POLYLINE
  8
21
 66
1
 10
0.000000
 20
0.000000
 30
0.000000
 40
0.002500
 41
0.002500
 70
0
  0
VERTEX
  8
21
 10
0.227854
 20
0.458041
 30
0.000000
 42
1.000000
  0
VERTEX
  8
21
 10
0.227854
 20
0.455541
 30
0.000000
  0
SEQEND
  8
0
  0
POLYLINE
  8
21
 66
1
 10
0.000000
 20
0.000000
 30
0.000000
 40
0.002500
 41
0.002500
 70
0
  0
VERTEX
  8
21
 10
0.257382
 20
0.455541
 30
0.000000
 42
1.000000
  0
VERTEX
  8
21
 10
0.257382
 20
0.458041
 30
0.000000
  0
SEQEND
  8
0
  0
POLYLINE
  8
21
 66
1
 10
0.000000
 20
0.000000
 30
0.000000
 40
0.005000
 41
0.005000
 70
0
  0
VERTEX
  8
21
 10
0.227854
 20
0.456791
 30
0.000000
  0
VERTEX
  8
21
 10
0.227854
 20
0.118209
 30
0.000000
  0
SEQEND
  8
0
  0
POLYLINE
  8
21
 66
1
 10
0.000000
 20
0.000000
 30
0.000000
 40
0.002500
 41
0.002500
 70
0
  0
VERTEX
  8
21
 10
0.226604
 20
0.118209
 30
0.000000
 42
1.000000
  0
VERTEX
  8
21
 10
0.229104
 20
0.118209
 30
0.000000
  0
SEQEND
  8
0
  0
POLYLINE
  8
21
 66
1
 10
0.000000
 20
0.000000
 30
0.000000
 40
0.002500
 41
0.002500
 70
0
  0
VERTEX
  8
21
 10
0.229104
 20
0.456791
 30
0.000000
 42
1.000000
  0
VERTEX
  8
21
 10
0.226604
 20
0.456791
 30
0.000000
  0
SEQEND
  8
0
  0
POLYLINE
  8
21
 66
1
 10
0.000000
 20
0.000000
 30
0.000000
 40
0.005000
 41
0.005000
 70
0
  0
VERTEX
  8
21
 10
0.227854
 20
0.118209
 30
0.000000
  0
VERTEX
  8
21
 10
0.257382
 20
0.118209
 30
0.000000
  0
SEQEND
  8
0
  0
POLYLINE
  8
21
 66
1
 10
0.000000
 20
0.000000
 30
0.000000
 40
0.002500
 41
0.002500
 70
0
  0
VERTEX
  8
21
 10
0.257382
 20
0.116959
 30
0.000000
 42
1.000000
  0
VERTEX
  8
21
 10
0.257382
 20
0.119459
 30
0.000000
  0
SEQEND
  8
0
  0
POLYLINE
  8
21
 66
1
 10
0.000000
 20
0.000000
 30
0.000000
 40
0.002500
 41
0.002500
 70
0
  0
VERTEX
  8
21
 10
0.227854
 20
0.119459
 30
0.000000
 42
1.000000
  0
VERTEX
  8
21
 10
0.227854
 20
0.116959
 30
0.000000
  0
SEQEND
  8
0
  0
POLYLINE
  8
39
 66
1
 10
0.000000
 20
0.000000
 30
0.000000
 40
0.001969
 41
0.001969
 70
0
  0
VERTEX
  8
39
 10
0.263287
 20
0.108366
 30
0.000000
  0
VERTEX
  8
39
 10
0.218012
 20
0.108366
 30
0.000000
  0
SEQEND
  8
0
  0
POLYLINE
  8
39
 66
1
 10
0.000000
 20
0.000000
 30
0.000000
 40
0.000984
 41
0.000984
 70
0
  0
VERTEX
  8
39
 10
0.218012
 20
0.108858
 30
0.000000
 42
1.000000
  0
VERTEX
  8
39
 10
0.218012
 20
0.107874
 30
0.000000
  0
SEQEND
  8
0
  0
POLYLINE
  8
39
 66
1
 10
0.000000
 20
0.000000
 30
0.000000
 40
0.000984
 41
0.000984
 70
0
  0
VERTEX
  8
39
 10
0.263287
 20
0.107874
 30
0.000000
 42
1.000000
  0
VERTEX
  8
39
 10
0.263287
 20
0.108858
 30
0.000000
  0
SEQEND
  8
0
  0
POLYLINE
  8
39
 66
1
 10
0.000000
 20
0.000000
 30
0.000000
 40
0.001969
 41
0.001969
 70
0
  0
VERTEX
  8
39
 10
0.218012
 20
0.108366
 30
0.000000
  0
VERTEX
  8
39
 10
0.218012
 20
0.466634
 30
0.000000
  0
SEQEND
  8
0
  0
POLYLINE
  8
39
 66
1
 10
0.000000
 20
0.000000
 30
0.000000
 40
0.000984
 41
0.000984
 70
0
  0
VERTEX
  8
39
 10
0.218504
 20
0.466634
 30
0.000000
 42
1.000000
  0
VERTEX
  8
39
 10
0.217520
 20
0.466634
 30
0.000000
  0
SEQEND
  8
0
  0
POLYLINE
  8
39
 66
1
 10
0.000000
 20
0.000000
 30
0.000000
 40
0.000984
 41
0.000984
 70
0
  0
VERTEX
  8
39
 10
0.217520
 20
0.108366
 30
0.000000
 42
1.000000
  0
VERTEX
  8
39
 10
0.218504
 20
0.108366
 30
0.000000
  0
SEQEND
  8
0
  0
POLYLINE
  8
39
 66
1
 10
0.000000
 20
0.000000
 30
0.000000
 40
0.001969
 41
0.001969
 70
0
  0
VERTEX
  8
39
 10
0.218012
 20
0.466634
 30
0.000000
  0
VERTEX
  8
39
 10
0.263287
 20
0.466634
 30
0.000000
  0
SEQEND
  8
0
  0
POLYLINE
  8
39
 66
1
 10
0.000000
 20
0.000000
 30
0.000000
 40
0.000984
 41
0.000984
 70
0
  0
VERTEX
  8
39
 10
0.263287
 20
0.466142
 30
0.000000
 42
1.000000
  0
VERTEX
  8
39
 10
0.263287
 20
0.467126
 30
0.000000
  0
SEQEND
  8
0
  0
POLYLINE
  8
39
 66
1
 10
0.000000
 20
0.000000
 30
0.000000
 40
0.000984
 41
0.000984
 70
0
  0
VERTEX
  8
39
 10
0.218012
 20
0.467126
 30
0.000000
 42
1.000000
  0
VERTEX
  8
39
 10
0.218012
 20
0.466142
 30
0.000000
  0
SEQEND
  8
0
  0
POLYLINE
  8
39
 66
1
 10
0.000000
 20
0.000000
 30
0.000000
 40
0.001969
 41
0.001969
 70
0
  0
VERTEX
  8
39
 10
0.263287
 20
0.466634
 30
0.000000
  0
VERTEX
  8
39
 10
0.263287
 20
0.494193
 30
0.000000
  0
SEQEND
  8
0
  0
POLYLINE
  8
39
 66
1
 10
0.000000
 20
0.000000
 30
0.000000
 40
0.000984
 41
0.000984
 70
0
  0
VERTEX
  8
39
 10
0.263780
 20
0.494193
 30
0.000000
 42
1.000000
  0
VERTEX
  8
39
 10
0.262795
 20
0.494193
 30
0.000000
  0
SEQEND
  8
0
  0
POLYLINE
  8
39
 66
1
 10
0.000000
 20
0.000000
 30
0.000000
 40
0.000984
 41
0.000984
 70
0
  0
VERTEX
  8
39
 10
0.262795
 20
0.466634
 30
0.000000
 42
1.000000
  0
VERTEX
  8
39
 10
0.263780
 20
0.466634
 30
0.000000
  0
SEQEND
  8
0
  0
POLYLINE
  8
39
 66
1
 10
0.000000
 20
0.000000
 30
0.000000
 40
0.001969
 41
0.001969
 70
0
  0
VERTEX
  8
39
 10
0.263287
 20
0.494193
 30
0.000000
  0
VERTEX
  8
39
 10
0.361713
 20
0.494193
 30
0.000000
  0
SEQEND
  8
0
  0
POLYLINE
  8
39
 66
1
 10
0.000000
 20
0.000000
 30
0.000000
 40
0.000984
 41
0.000984
 70
0
  0
VERTEX
  8
39
 10
0.361713
 20
0.493701
 30
0.000000
 42
1.000000
  0
VERTEX
  8
39
 10
0.361713
 20
0.494685
 30
0.000000
  0
SEQEND
  8
0
  0
POLYLINE
  8
39
 66
1
 10
0.000000
 20
0.000000
 30
0.000000
 40
0.000984
 41
0.000984
 70
0
  0
VERTEX
  8
39
 10
0.263287
 20
0.494685
 30
0.000000
 42
1.000000
  0
VERTEX
  8
39
 10
0.263287
 20
0.493701
 30
0.000000
  0
SEQEND
  8
0
  0
POLYLINE
  8
39
 66
1
 10
0.000000
 20
0.000000
 30
0.000000
 40
0.001969
 41
0.001969
 70
0
  0
VERTEX
  8
39
 10
0.361713
 20
0.494193
 30
0.000000
  0
VERTEX
  8
39
 10
0.361713
 20
0.466634
 30
0.000000
  0
SEQEND
  8
0
  0
POLYLINE
  8
39
 66
1
 10
0.000000
 20
0.000000
 30
0.000000
 40
0.000984
 41
0.000984
 70
0
  0
VERTEX
  8
39
 10
0.361220
 20
0.466634
 30
0.000000
 42
1.000000
  0
VERTEX
  8
39
 10
0.362205
 20
0.466634
 30
0.000000
  0
SEQEND
  8
0
  0
POLYLINE
  8
39
 66
1
 10
0.000000
 20
0.000000
 30
0.000000
 40
0.000984
 41
0.000984
 70
0
  0
VERTEX
  8
39
 10
0.362205
 20
0.494193
 30
0.000000
 42
1.000000
  0
VERTEX
  8
39
 10
0.361220
 20
0.494193
 30
0.000000
  0
SEQEND
  8
0
  0
POLYLINE
  8
39
 66
1
 10
0.000000
 20
0.000000
 30
0.000000
 40
0.001969
 41
0.001969
 70
0
  0
VERTEX
  8
39
 10
0.361713
 20
0.466634
 30
0.000000
  0
VERTEX
  8
39
 10
0.406988
 20
0.466634
 30
0.000000
  0
SEQEND
  8
0
  0
POLYLINE
  8
39
 66
1
 10
0.000000
 20
0.000000
 30
0.000000
 40
0.000984
 41
0.000984
 70
0
  0
VERTEX
  8
39
 10
0.406988
 20
0.466142
 30
0.000000
 42
1.000000
  0
VERTEX
  8
39
 10
0.406988
 20
0.467126
 30
0.000000
  0
SEQEND
  8
0
  0
POLYLINE
  8
39
 66
1
 10
0.000000
 20
0.000000
 30
0.000000
 40
0.000984
 41
0.000984
 70
0
  0
VERTEX
  8
39
 10
0.361713
 20
0.467126
 30
0.000000
 42
1.000000
  0
VERTEX
  8
39
 10
0.361713
 20
0.466142
 30
0.000000
  0
SEQEND
  8
0
  0
POLYLINE
  8
39
 66
1
 10
0.000000
 20
0.000000
 30
0.000000
 40
0.001969
 41
0.001969
 70
0
  0
VERTEX
  8
39
 10
0.406988
 20
0.466634
 30
0.000000
  0
VERTEX
  8
39
 10
0.406988
 20
0.108366
 30
0.000000
  0
SEQEND
  8
0
  0
POLYLINE
  8
39
 66
1
 10
0.000000
 20
0.000000
 30
0.000000
 40
0.000984
 41
0.000984
 70
0
  0
VERTEX
  8
39
 10
0.406496
 20
0.108366
 30
0.000000
 42
1.000000
  0
VERTEX
  8
39
 10
0.407480
 20
0.108366
 30
0.000000
  0
SEQEND
  8
0
  0
POLYLINE
  8
39
 66
1
 10
0.000000
 20
0.000000
 30
0.000000
 40
0.000984
 41
0.000984
 70
0
  0
VERTEX
  8
39
 10
0.407480
 20
0.466634
 30
0.000000
 42
1.000000
  0
VERTEX
  8
39
 10
0.406496
 20
0.466634
 30
0.000000
  0
SEQEND
  8
0
  0
POLYLINE
  8
39
 66
1
 10
0.000000
 20
0.000000
 30
0.000000
 40
0.001969
 41
0.001969
 70
0
  0
VERTEX
  8
39
 10
0.406988
 20
0.108366
 30
0.000000
  0
VERTEX
  8
39
 10
0.361713
 20
0.108366
 30
0.000000
  0
SEQEND
  8
0
  0
POLYLINE
  8
39
 66
1
 10
0.000000
 20
0.000000
 30
0.000000
 40
0.000984
 41
0.000984
 70
0
  0
VERTEX
  8
39
 10
0.361713
 20
0.108858
 30
0.000000
 42
1.000000
  0
VERTEX
  8
39
 10
0.361713
 20
0.107874
 30
0.000000
  0
SEQEND
  8
0
  0
POLYLINE
  8
39
 66
1
 10
0.000000
 20
0.000000
 30
0.000000
 40
0.000984
 41
0.000984
 70
0
  0
VERTEX
  8
39
 10
0.406988
 20
0.107874
 30
0.000000
 42
1.000000
  0
VERTEX
  8
39
 10
0.406988
 20
0.108858
 30
0.000000
  0
SEQEND
  8
0
  0
POLYLINE
  8
39
 66
1
 10
0.000000
 20
0.000000
 30
0.000000
 40
0.001969
 41
0.001969
 70
0
  0
VERTEX
  8
39
 10
0.361713
 20
0.108366
 30
0.000000
  0
VERTEX
  8
39
 10
0.361713
 20
0.080807
 30
0.000000
  0
SEQEND
  8
0
  0
POLYLINE
  8
39
 66
1
 10
0.000000
 20
0.000000
 30
0.000000
 40
0.000984
 41
0.000984
 70
0
  0
VERTEX
  8
39
 10
0.361220
 20
0.080807
 30
0.000000
 42
1.000000
  0
VERTEX
  8
39
 10
0.362205
 20
0.080807
 30
0.000000
  0
SEQEND
  8
0
  0
POLYLINE
  8
39
 66
1
 10
0.000000
 20
0.000000
 30
0.000000
 40
0.000984
 41
0.000984
 70
0
  0
VERTEX
  8
39
 10
0.362205
 20
0.108366
 30
0.000000
 42
1.000000
  0
VERTEX
  8
39
 10
0.361220
 20
0.108366
 30
0.000000
  0
SEQEND
  8
0
  0
POLYLINE
  8
39
 66
1
 10
0.000000
 20
0.000000
 30
0.000000
 40
0.001969
 41
0.001969
 70
0
  0
VERTEX
  8
39
 10
0.361713
 20
0.080807
 30
0.000000
  0
VERTEX
  8
39
 10
0.263287
 20
0.080807
 30
0.000000
  0
SEQEND
  8
0
  0
POLYLINE
  8
39
 66
1
 10
0.000000
 20
0.000000
 30
0.000000
 40
0.000984
 41
0.000984
 70
0
  0
VERTEX
  8
39
 10
0.263287
 20
0.081299
 30
0.000000
 42
1.000000
  0
VERTEX
  8
39
 10
0.263287
 20
0.080315
 30
0.000000
  0
SEQEND
  8
0
  0
POLYLINE
  8
39
 66
1
 10
0.000000
 20
0.000000
 30
0.000000
 40
0.000984
 41
0.000984
 70
0
  0
VERTEX
  8
39
 10
0.361713
 20
0.080315
 30
0.000000
 42
1.000000
  0
VERTEX
  8
39
 10
0.361713
 20
0.081299
 30
0.000000
  0
SEQEND
  8
0
  0
POLYLINE
  8
39
 66
1
 10
0.000000
 20
0.000000
 30
0.000000
 40
0.001969
 41
0.001969
 70
0
  0
VERTEX
  8
39
 10
0.263287
 20
0.080807
 30
0.000000
  0
VERTEX
  8
39
 10
0.263287
 20
0.108366
 30
0.000000
  0
SEQEND
  8
0
  0
POLYLINE
  8
39
 66
1
 10
0.000000
 20
0.000000
 30
0.000000
 40
0.000984
 41
0.000984
 70
0
  0
VERTEX
  8
39
 10
0.263780
 20
0.108366
 30
0.000000
 42
1.000000
  0
VERTEX
  8
39
 10
0.262795
 20
0.108366
 30
0.000000
  0
SEQEND
  8
0
  0
POLYLINE
  8
39
 66
1
 10
0.000000
 20
0.000000
 30
0.000000
 40
0.000984
 41
0.000984
 70
0
  0
VERTEX
  8
39
 10
0.262795
 20
0.080807
 30
0.000000
 42
1.000000
  0
VERTEX
  8
39
 10
0.263780
 20
0.080807
 30
0.000000
  0
SEQEND
  8
0
  0
POLYLINE
  8
51
 66
1
 10
0.000000
 20
0.000000
 30
0.000000
 40
0.007874
 41
0.007874
 70
0
  0
VERTEX
  8
51
 10
0.310531
 20
0.200886
 30
0.000000
 42
1.000000
  0
VERTEX
  8
51
 10
0.310531
 20
0.208760
 30
0.000000
 42
1.000000
  0
VERTEX
  8
51
 10
0.310531
 20
0.200886
 30
0.000000
  0
SEQEND
  8
0
  0
POLYLINE
  8
21
 66
1
 10
0.000000
 20
0.000000
 30
0.000000
 40
0.007874
 41
0.007874
 70
0
  0
VERTEX
  8
21
 10
0.310531
 20
0.053248
 30
0.000000
 42
1.000000
  0
VERTEX
  8
21
 10
0.310531
 20
0.061122
 30
0.000000
 42
1.000000
  0
VERTEX
  8
21
 10
0.310531
 20
0.053248
 30
0.000000
  0
SEQEND
  8
0
  0
CIRCLE
  8
20
 10
0.312500
 20
0.126083
 30
0.000000
 40
0.029528
  0
CIRCLE
  8
20
 10
0.312500
 20
0.448917
 30
0.000000
 40
0.029528
  0
INSERT
  8
17
  2
SQUAREP
 10
0.312500
 20
0.208760
 30
0.000000
 41
0.051496
 42
0.051496
 43
1.000000
 50
90.000000
  0
INSERT
  8
17
  2
SQUAREP
 10
0.312500
 20
0.208760
 30
0.000000
 41
0.051496
 42
0.051496
 43
1.000000
 50
90.000000
  0
INSERT
  8
17
  2
ROUNDP
 10
0.312500
 20
0.287500
 30
0.000000
 41
0.051496
 42
0.051496
 43
1.000000
 50
90.000000
  0
INSERT
  8
17
  2
ROUNDP
 10
0.312500
 20
0.287500
 30
0.000000
 41
0.051496
 42
0.051496
 43
1.000000
 50
90.000000
  0
INSERT
  8
17
  2
ROUNDP
 10
0.312500
 20
0.366240
 30
0.000000
 41
0.051496
 42
0.051496
 43
1.000000
 50
90.000000
  0
INSERT
  8
17
  2
ROUNDP
 10
0.312500
 20
0.366240
 30
0.000000
 41
0.051496
 42
0.051496
 43
1.000000
 50
90.000000
  0
POLYLINE
  8
25
 66
1
 10
0.000000
 20
0.000000
 30
0.000000
 40
0.002000
 41
0.002000
 70
0
  0
VERTEX
  8
25
 10
0.193368
 20
0.118636
 30
0.000000
 42
0.414214
  0
VERTEX
  8
25
 10
0.188478
 20
0.123526
 30
0.000000
  0
SEQEND
  8
0
  0
POLYLINE
  8
25
 66
1
 10
0.000000
 20
0.000000
 30
0.000000
 40
0.001000
 41
0.001000
 70
0
  0
VERTEX
  8
25
 10
0.192868
 20
0.118636
 30
0.000000
 42
1.000000
  0
VERTEX
  8
25
 10
0.193868
 20
0.118636
 30
0.000000
  0
SEQEND
  8
0
  0
POLYLINE
  8
25
 66
1
 10
0.000000
 20
0.000000
 30
0.000000
 40
0.001000
 41
0.001000
 70
0
  0
VERTEX
  8
25
 10
0.188478
 20
0.124026
 30
0.000000
 42
1.000000
  0
VERTEX
  8
25
 10
0.188478
 20
0.123026
 30
0.000000
  0
SEQEND
  8
0
  0
POLYLINE
  8
25
 66
1
 10
0.000000
 20
0.000000
 30
0.000000
 40
0.002000
 41
0.002000
 70
0
  0
VERTEX
  8
25
 10
0.190312
 20
0.111302
 30
0.000000
 42
0.199994
  0
VERTEX
  8
25
 10
0.193368
 20
0.118636
 30
0.000000
  0
SEQEND
  8
0
  0
POLYLINE
  8
25
 66
1
 10
0.000000
 20
0.000000
 30
0.000000
 40
0.001000
 41
0.001000
 70
0
  0
VERTEX
  8
25
 10
0.189960
 20
0.111657
 30
0.000000
 42
1.000000
  0
VERTEX
  8
25
 10
0.190664
 20
0.110947
 30
0.000000
  0
SEQEND
  8
0
  0
POLYLINE
  8
25
 66
1
 10
0.000000
 20
0.000000
 30
0.000000
 40
0.001000
 41
0.001000
 70
0
  0
VERTEX
  8
25
 10
0.193868
 20
0.118636
 30
0.000000
 42
1.000000
  0
VERTEX
  8
25
 10
0.192868
 20
0.118636
 30
0.000000
  0
SEQEND
  8
0
  0
POLYLINE
  8
25
 66
1
 10
0.000000
 20
0.000000
 30
0.000000
 40
0.002000
 41
0.002000
 70
0
  0
VERTEX
  8
25
 10
0.171363
 20
0.116803
 30
0.000000
 42
0.414214
  0
VERTEX
  8
25
 10
0.176253
 20
0.111913
 30
0.000000
  0
SEQEND
  8
0
  0
POLYLINE
  8
25
 66
1
 10
0.000000
 20
0.000000
 30
0.000000
 40
0.001000
 41
0.001000
 70
0
  0
VERTEX
  8
25
 10
0.171863
 20
0.116803
 30
0.000000
 42
1.000000
  0
VERTEX
  8
25
 10
0.170863
 20
0.116803
 30
0.000000
  0
SEQEND
  8
0
  0
POLYLINE
  8
25
 66
1
 10
0.000000
 20
0.000000
 30
0.000000
 40
0.001000
 41
0.001000
 70
0
  0
VERTEX
  8
25
 10
0.176253
 20
0.111413
 30
0.000000
 42
1.000000
  0
VERTEX
  8
25
 10
0.176253
 20
0.112413
 30
0.000000
  0
SEQEND
  8
0
  0
POLYLINE
  8
25
 66
1
 10
0.000000
 20
0.000000
 30
0.000000
 40
0.002000
 41
0.002000
 70
0
  0
VERTEX
  8
25
 10
0.173197
 20
0.122304
 30
0.000000
 42
0.162289
  0
VERTEX
  8
25
 10
0.171363
 20
0.116803
 30
0.000000
  0
SEQEND
  8
0
  0
POLYLINE
  8
25
 66
1
 10
0.000000
 20
0.000000
 30
0.000000
 40
0.001000
 41
0.001000
 70
0
  0
VERTEX
  8
25
 10
0.173597
 20
0.122004
 30
0.000000
 42
1.000000
  0
VERTEX
  8
25
 10
0.172797
 20
0.122604
 30
0.000000
  0
SEQEND
  8
0
  0
POLYLINE
  8
25
 66
1
 10
0.000000
 20
0.000000
 30
0.000000
 40
0.001000
 41
0.001000
 70
0
  0
VERTEX
  8
25
 10
0.170863
 20
0.116803
 30
0.000000
 42
1.000000
  0
VERTEX
  8
25
 10
0.171863
 20
0.116803
 30
0.000000
  0
SEQEND
  8
0
  0
POLYLINE
  8
25
 66
1
 10
0.000000
 20
0.000000
 30
0.000000
 40
0.002000
 41
0.002000
 70
0
  0
VERTEX
  8
25
 10
0.176253
 20
0.111913
 30
0.000000
 42
0.265562
  0
VERTEX
  8
25
 10
0.180532
 20
0.114358
 30
0.000000
  0
SEQEND
  8
0
  0
POLYLINE
  8
25
 66
1
 10
0.000000
 20
0.000000
 30
0.000000
 40
0.001000
 41
0.001000
 70
0
  0
VERTEX
  8
25
 10
0.176253
 20
0.112413
 30
0.000000
 42
1.000000
  0
VERTEX
  8
25
 10
0.176253
 20
0.111413
 30
0.000000
  0
SEQEND
  8
0
  0
POLYLINE
  8
25
 66
1
 10
0.000000
 20
0.000000
 30
0.000000
 40
0.001000
 41
0.001000
 70
0
  0
VERTEX
  8
25
 10
0.180963
 20
0.114104
 30
0.000000
 42
1.000000
  0
VERTEX
  8
25
 10
0.180101
 20
0.114612
 30
0.000000
  0
SEQEND
  8
0
  0
POLYLINE
  8
25
 66
1
 10
0.000000
 20
0.000000
 30
0.000000
 40
0.002000
 41
0.002000
 70
0
  0
VERTEX
  8
25
 10
0.188478
 20
0.123526
 30
0.000000
 42
0.265562
  0
VERTEX
  8
25
 10
0.184199
 20
0.121081
 30
0.000000
  0
SEQEND
  8
0
  0
POLYLINE
  8
25
 66
1
 10
0.000000
 20
0.000000
 30
0.000000
 40
0.001000
 41
0.001000
 70
0
  0
VERTEX
  8
25
 10
0.188478
 20
0.123026
 30
0.000000
 42
1.000000
  0
VERTEX
  8
25
 10
0.188478
 20
0.124026
 30
0.000000
  0
SEQEND
  8
0
  0
POLYLINE
  8
25
 66
1
 10
0.000000
 20
0.000000
 30
0.000000
 40
0.001000
 41
0.001000
 70
0
  0
VERTEX
  8
25
 10
0.183768
 20
0.121335
 30
0.000000
 42
1.000000
  0
VERTEX
  8
25
 10
0.184630
 20
0.120827
 30
0.000000
  0
SEQEND
  8
0
  0
POLYLINE
  8
25
 66
1
 10
0.000000
 20
0.000000
 30
0.000000
 40
0.002000
 41
0.002000
 70
0
  0
VERTEX
  8
25
 10
0.184199
 20
0.121081
 30
0.000000
  0
VERTEX
  8
25
 10
0.180532
 20
0.114358
 30
0.000000
  0
SEQEND
  8
0
  0
POLYLINE
  8
25
 66
1
 10
0.000000
 20
0.000000
 30
0.000000
 40
0.001000
 41
0.001000
 70
0
  0
VERTEX
  8
25
 10
0.180093
 20
0.114597
 30
0.000000
 42
1.000000
  0
VERTEX
  8
25
 10
0.180971
 20
0.114118
 30
0.000000
  0
SEQEND
  8
0
  0
POLYLINE
  8
25
 66
1
 10
0.000000
 20
0.000000
 30
0.000000
 40
0.001000
 41
0.001000
 70
0
  0
VERTEX
  8
25
 10
0.184638
 20
0.120842
 30
0.000000
 42
1.000000
  0
VERTEX
  8
25
 10
0.183760
 20
0.121321
 30
0.000000
  0
SEQEND
  8
0
  0
POLYLINE
  8
25
 66
1
 10
0.000000
 20
0.000000
 30
0.000000
 40
0.002000
 41
0.002000
 70
0
  0
VERTEX
  8
25
 10
0.176253
 20
0.132185
 30
0.000000
  0
VERTEX
  8
25
 10
0.171363
 20
0.138298
 30
0.000000
  0
SEQEND
  8
0
  0
POLYLINE
  8
25
 66
1
 10
0.000000
 20
0.000000
 30
0.000000
 40
0.001000
 41
0.001000
 70
0
  0
VERTEX
  8
25
 10
0.171754
 20
0.138610
 30
0.000000
 42
1.000000
  0
VERTEX
  8
25
 10
0.170973
 20
0.137985
 30
0.000000
  0
SEQEND
  8
0
  0
POLYLINE
  8
25
 66
1
 10
0.000000
 20
0.000000
 30
0.000000
 40
0.001000
 41
0.001000
 70
0
  0
VERTEX
  8
25
 10
0.175863
 20
0.131873
 30
0.000000
 42
1.000000
  0
VERTEX
  8
25
 10
0.176644
 20
0.132498
 30
0.000000
  0
SEQEND
  8
0
  0
POLYLINE
  8
25
 66
1
 10
0.000000
 20
0.000000
 30
0.000000
 40
0.002000
 41
0.002000
 70
0
  0
VERTEX
  8
25
 10
0.171363
 20
0.138298
 30
0.000000
  0
VERTEX
  8
25
 10
0.193368
 20
0.138298
 30
0.000000
  0
SEQEND
  8
0
  0
POLYLINE
  8
25
 66
1
 10
0.000000
 20
0.000000
 30
0.000000
 40
0.001000
 41
0.001000
 70
0
  0
VERTEX
  8
25
 10
0.193368
 20
0.137798
 30
0.000000
 42
1.000000
  0
VERTEX
  8
25
 10
0.193368
 20
0.138798
 30
0.000000
  0
SEQEND
  8
0
  0
POLYLINE
  8
25
 66
1
 10
0.000000
 20
0.000000
 30
0.000000
 40
0.001000
 41
0.001000
 70
0
  0
VERTEX
  8
25
 10
0.171363
 20
0.138798
 30
0.000000
 42
1.000000
  0
VERTEX
  8
25
 10
0.171363
 20
0.137798
 30
0.000000
  0
SEQEND
  8
0
  0
POLYLINE
  8
25
 66
1
 10
0.000000
 20
0.000000
 30
0.000000
 40
0.002000
 41
0.002000
 70
0
  0
VERTEX
  8
25
 10
0.193368
 20
0.132185
 30
0.000000
  0
VERTEX
  8
25
 10
0.193368
 20
0.144410
 30
0.000000
  0
SEQEND
  8
0
  0
POLYLINE
  8
25
 66
1
 10
0.000000
 20
0.000000
 30
0.000000
 40
0.001000
 41
0.001000
 70
0
  0
VERTEX
  8
25
 10
0.193868
 20
0.144410
 30
0.000000
 42
1.000000
  0
VERTEX
  8
25
 10
0.192868
 20
0.144410
 30
0.000000
  0
SEQEND
  8
0
  0
POLYLINE
  8
25
 66
1
 10
0.000000
 20
0.000000
 30
0.000000
 40
0.001000
 41
0.001000
 70
0
  0
VERTEX
  8
25
 10
0.192868
 20
0.132185
 30
0.000000
 42
1.000000
  0
VERTEX
  8
25
 10
0.193868
 20
0.132185
 30
0.000000
  0
SEQEND
  8
0
  0
POLYLINE
  8
27
 66
1
 10
0.000000
 20
0.000000
 30
0.000000
 40
0.002000
 41
0.002000
 70
0
  0
VERTEX
  8
27
 10
0.427513
 20
0.120794
 30
0.000000
  0
VERTEX
  8
27
 10
0.449559
 20
0.120794
 30
0.000000
  0
SEQEND
  8
0
  0
POLYLINE
  8
27
 66
1
 10
0.000000
 20
0.000000
 30
0.000000
 40
0.001000
 41
0.001000
 70
0
  0
VERTEX
  8
27
 10
0.449559
 20
0.120294
 30
0.000000
 42
1.000000
  0
VERTEX
  8
27
 10
0.449559
 20
0.121294
 30
0.000000
  0
SEQEND
  8
0
  0
POLYLINE
  8
27
 66
1
 10
0.000000
 20
0.000000
 30
0.000000
 40
0.001000
 41
0.001000
 70
0
  0
VERTEX
  8
27
 10
0.427513
 20
0.121294
 30
0.000000
 42
1.000000
  0
VERTEX
  8
27
 10
0.427513
 20
0.120294
 30
0.000000
  0
SEQEND
  8
0
  0
POLYLINE
  8
27
 66
1
 10
0.000000
 20
0.000000
 30
0.000000
 40
0.002000
 41
0.002000
 70
0
  0
VERTEX
  8
27
 10
0.449559
 20
0.120794
 30
0.000000
  0
VERTEX
  8
27
 10
0.449559
 20
0.114670
 30
0.000000
  0
SEQEND
  8
0
  0
POLYLINE
  8
27
 66
1
 10
0.000000
 20
0.000000
 30
0.000000
 40
0.001000
 41
0.001000
 70
0
  0
VERTEX
  8
27
 10
0.449059
 20
0.114670
 30
0.000000
 42
1.000000
  0
VERTEX
  8
27
 10
0.450059
 20
0.114670
 30
0.000000
  0
SEQEND
  8
0
  0
POLYLINE
  8
27
 66
1
 10
0.000000
 20
0.000000
 30
0.000000
 40
0.001000
 41
0.001000
 70
0
  0
VERTEX
  8
27
 10
0.450059
 20
0.120794
 30
0.000000
 42
1.000000
  0
VERTEX
  8
27
 10
0.449059
 20
0.120794
 30
0.000000
  0
SEQEND
  8
0
  0
POLYLINE
  8
27
 66
1
 10
0.000000
 20
0.000000
 30
0.000000
 40
0.002000
 41
0.002000
 70
0
  0
VERTEX
  8
27
 10
0.445885
 20
0.110995
 30
0.000000
 42
0.414204
  0
VERTEX
  8
27
 10
0.449559
 20
0.114670
 30
0.000000
  0
SEQEND
  8
0
  0
POLYLINE
  8
27
 66
1
 10
0.000000
 20
0.000000
 30
0.000000
 40
0.001000
 41
0.001000
 70
0
  0
VERTEX
  8
27
 10
0.445885
 20
0.111495
 30
0.000000
 42
1.000000
  0
VERTEX
  8
27
 10
0.445885
 20
0.110495
 30
0.000000
  0
SEQEND
  8
0
  0
POLYLINE
  8
27
 66
1
 10
0.000000
 20
0.000000
 30
0.000000
 40
0.001000
 41
0.001000
 70
0
  0
VERTEX
  8
27
 10
0.450059
 20
0.114670
 30
0.000000
 42
1.000000
  0
VERTEX
  8
27
 10
0.449059
 20
0.114670
 30
0.000000
  0
SEQEND
  8
0
  0
POLYLINE
  8
27
 66
1
 10
0.000000
 20
0.000000
 30
0.000000
 40
0.002000
 41
0.002000
 70
0
  0
VERTEX
  8
27
 10
0.445885
 20
0.110995
 30
0.000000
  0
VERTEX
  8
27
 10
0.438536
 20
0.110995
 30
0.000000
  0
SEQEND
  8
0
  0
POLYLINE
  8
27
 66
1
 10
0.000000
 20
0.000000
 30
0.000000
 40
0.001000
 41
0.001000
 70
0
  0
VERTEX
  8
27
 10
0.438536
 20
0.111495
 30
0.000000
 42
1.000000
  0
VERTEX
  8
27
 10
0.438536
 20
0.110495
 30
0.000000
  0
SEQEND
  8
0
  0
POLYLINE
  8
27
 66
1
 10
0.000000
 20
0.000000
 30
0.000000
 40
0.001000
 41
0.001000
 70
0
  0
VERTEX
  8
27
 10
0.445885
 20
0.110495
 30
0.000000
 42
1.000000
  0
VERTEX
  8
27
 10
0.445885
 20
0.111495
 30
0.000000
  0
SEQEND
  8
0
  0
POLYLINE
  8
27
 66
1
 10
0.000000
 20
0.000000
 30
0.000000
 40
0.002000
 41
0.002000
 70
0
  0
VERTEX
  8
27
 10
0.434862
 20
0.114670
 30
0.000000
 42
0.414214
  0
VERTEX
  8
27
 10
0.438536
 20
0.110995
 30
0.000000
  0
SEQEND
  8
0
  0
POLYLINE
  8
27
 66
1
 10
0.000000
 20
0.000000
 30
0.000000
 40
0.001000
 41
0.001000
 70
0
  0
VERTEX
  8
27
 10
0.435362
 20
0.114670
 30
0.000000
 42
1.000000
  0
VERTEX
  8
27
 10
0.434362
 20
0.114670
 30
0.000000
  0
SEQEND
  8
0
  0
POLYLINE
  8
27
 66
1
 10
0.000000
 20
0.000000
 30
0.000000
 40
0.001000
 41
0.001000
 70
0
  0
VERTEX
  8
27
 10
0.438536
 20
0.110495
 30
0.000000
 42
1.000000
  0
VERTEX
  8
27
 10
0.438536
 20
0.111495
 30
0.000000
  0
SEQEND
  8
0
  0
POLYLINE
  8
27
 66
1
 10
0.000000
 20
0.000000
 30
0.000000
 40
0.002000
 41
0.002000
 70
0
  0
VERTEX
  8
27
 10
0.434862
 20
0.114670
 30
0.000000
  0
VERTEX
  8
27
 10
0.434862
 20
0.120794
 30
0.000000
  0
SEQEND
  8
0
  0
POLYLINE
  8
27
 66
1
 10
0.000000
 20
0.000000
 30
0.000000
 40
0.001000
 41
0.001000
 70
0
  0
VERTEX
  8
27
 10
0.435362
 20
0.120794
 30
0.000000
 42
1.000000
  0
VERTEX
  8
27
 10
0.434362
 20
0.120794
 30
0.000000
  0
SEQEND
  8
0
  0
POLYLINE
  8
27
 66
1
 10
0.000000
 20
0.000000
 30
0.000000
 40
0.001000
 41
0.001000
 70
0
  0
VERTEX
  8
27
 10
0.434362
 20
0.114670
 30
0.000000
 42
1.000000
  0
VERTEX
  8
27
 10
0.435362
 20
0.114670
 30
0.000000
  0
SEQEND
  8
0
  0
POLYLINE
  8
27
 66
1
 10
0.000000
 20
0.000000
 30
0.000000
 40
0.002000
 41
0.002000
 70
0
  0
VERTEX
  8
27
 10
0.443436
 20
0.138547
 30
0.000000
  0
VERTEX
  8
27
 10
0.440986
 20
0.132423
 30
0.000000
  0
SEQEND
  8
0
  0
POLYLINE
  8
27
 66
1
 10
0.000000
 20
0.000000
 30
0.000000
 40
0.001000
 41
0.001000
 70
0
  0
VERTEX
  8
27
 10
0.440522
 20
0.132609
 30
0.000000
 42
1.000000
  0
VERTEX
  8
27
 10
0.441450
 20
0.132238
 30
0.000000
  0
SEQEND
  8
0
  0
POLYLINE
  8
27
 66
1
 10
0.000000
 20
0.000000
 30
0.000000
 40
0.001000
 41
0.001000
 70
0
  0
VERTEX
  8
27
 10
0.443900
 20
0.138362
 30
0.000000
 42
1.000000
  0
VERTEX
  8
27
 10
0.442971
 20
0.138733
 30
0.000000
  0
SEQEND
  8
0
  0
POLYLINE
  8
27
 66
1
 10
0.000000
 20
0.000000
 30
0.000000
 40
0.002000
 41
0.002000
 70
0
  0
VERTEX
  8
27
 10
0.434862
 20
0.133648
 30
0.000000
 42
0.831828
  0
VERTEX
  8
27
 10
0.440986
 20
0.132423
 30
0.000000
  0
SEQEND
  8
0
  0
POLYLINE
  8
27
 66
1
 10
0.000000
 20
0.000000
 30
0.000000
 40
0.001000
 41
0.001000
 70
0
  0
VERTEX
  8
27
 10
0.435362
 20
0.133641
 30
0.000000
 42
1.000000
  0
VERTEX
  8
27
 10
0.434362
 20
0.133655
 30
0.000000
  0
SEQEND
  8
0
  0
POLYLINE
  8
27
 66
1
 10
0.000000
 20
0.000000
 30
0.000000
 40
0.001000
 41
0.001000
 70
0
  0
VERTEX
  8
27
 10
0.441450
 20
0.132238
 30
0.000000
 42
1.000000
  0
VERTEX
  8
27
 10
0.440522
 20
0.132609
 30
0.000000
  0
SEQEND
  8
0
  0
POLYLINE
  8
27
 66
1
 10
0.000000
 20
0.000000
 30
0.000000
 40
0.002000
 41
0.002000
 70
0
  0
VERTEX
  8
27
 10
0.436087
 20
0.139160
 30
0.000000
 42
0.102547
  0
VERTEX
  8
27
 10
0.434862
 20
0.133648
 30
0.000000
  0
SEQEND
  8
0
  0
POLYLINE
  8
27
 66
1
 10
0.000000
 20
0.000000
 30
0.000000
 40
0.001000
 41
0.001000
 70
0
  0
VERTEX
  8
27
 10
0.436543
 20
0.138954
 30
0.000000
 42
1.000000
  0
VERTEX
  8
27
 10
0.435631
 20
0.139365
 30
0.000000
  0
SEQEND
  8
0
  0
POLYLINE
  8
27
 66
1
 10
0.000000
 20
0.000000
 30
0.000000
 40
0.001000
 41
0.001000
 70
0
  0
VERTEX
  8
27
 10
0.434362
 20
0.133655
 30
0.000000
 42
1.000000
  0
VERTEX
  8
27
 10
0.435362
 20
0.133641
 30
0.000000
  0
SEQEND
  8
0
  0
POLYLINE
  8
27
 66
1
 10
0.000000
 20
0.000000
 30
0.000000
 40
0.002000
 41
0.002000
 70
0
  0
VERTEX
  8
27
 10
0.449559
 20
0.137322
 30
0.000000
 42
0.831822
  0
VERTEX
  8
27
 10
0.443436
 20
0.138547
 30
0.000000
  0
SEQEND
  8
0
  0
POLYLINE
  8
27
 66
1
 10
0.000000
 20
0.000000
 30
0.000000
 40
0.001000
 41
0.001000
 70
0
  0
VERTEX
  8
27
 10
0.449059
 20
0.137330
 30
0.000000
 42
1.000000
  0
VERTEX
  8
27
 10
0.450059
 20
0.137315
 30
0.000000
  0
SEQEND
  8
0
  0
POLYLINE
  8
27
 66
1
 10
0.000000
 20
0.000000
 30
0.000000
 40
0.001000
 41
0.001000
 70
0
  0
VERTEX
  8
27
 10
0.442971
 20
0.138733
 30
0.000000
 42
1.000000
  0
VERTEX
  8
27
 10
0.443900
 20
0.138362
 30
0.000000
  0
SEQEND
  8
0
  0
POLYLINE
  8
27
 66
1
 10
0.000000
 20
0.000000
 30
0.000000
 40
0.002000
 41
0.002000
 70
0
  0
VERTEX
  8
27
 10
0.448335
 20
0.130586
 30
0.000000
 42
0.082966
  0
VERTEX
  8
27
 10
0.449559
 20
0.137322
 30
0.000000
  0
SEQEND
  8
0
  0
POLYLINE
  8
27
 66
1
 10
0.000000
 20
0.000000
 30
0.000000
 40
0.001000
 41
0.001000
 70
0
  0
VERTEX
  8
27
 10
0.447864
 20
0.130755
 30
0.000000
 42
1.000000
  0
VERTEX
  8
27
 10
0.448805
 20
0.130417
 30
0.000000
  0
SEQEND
  8
0
  0
POLYLINE
  8
27
 66
1
 10
0.000000
 20
0.000000
 30
0.000000
 40
0.001000
 41
0.001000
 70
0
  0
VERTEX
  8
27
 10
0.450059
 20
0.137315
 30
0.000000
 42
1.000000
  0
VERTEX
  8
27
 10
0.449059
 20
0.137330
 30
0.000000
  0
SEQEND
  8
0
  0
POLYLINE
  8
27
 66
1
 10
0.000000
 20
0.000000
 30
0.000000
 40
0.002000
 41
0.002000
 70
0
  0
VERTEX
  8
27
 10
0.434862
 20
0.147503
 30
0.000000
  0
VERTEX
  8
27
 10
0.434862
 20
0.154852
 30
0.000000
  0
SEQEND
  8
0
  0
POLYLINE
  8
27
 66
1
 10
0.000000
 20
0.000000
 30
0.000000
 40
0.001000
 41
0.001000
 70
0
  0
VERTEX
  8
27
 10
0.435362
 20
0.154852
 30
0.000000
 42
1.000000
  0
VERTEX
  8
27
 10
0.434362
 20
0.154852
 30
0.000000
  0
SEQEND
  8
0
  0
POLYLINE
  8
27
 66
1
 10
0.000000
 20
0.000000
 30
0.000000
 40
0.001000
 41
0.001000
 70
0
  0
VERTEX
  8
27
 10
0.434362
 20
0.147503
 30
0.000000
 42
1.000000
  0
VERTEX
  8
27
 10
0.435362
 20
0.147503
 30
0.000000
  0
SEQEND
  8
0
  0
POLYLINE
  8
27
 66
1
 10
0.000000
 20
0.000000
 30
0.000000
 40
0.002000
 41
0.002000
 70
0
  0
VERTEX
  8
27
 10
0.427513
 20
0.149952
 30
0.000000
  0
VERTEX
  8
27
 10
0.445885
 20
0.149952
 30
0.000000
  0
SEQEND
  8
0
  0
POLYLINE
  8
27
 66
1
 10
0.000000
 20
0.000000
 30
0.000000
 40
0.001000
 41
0.001000
 70
0
  0
VERTEX
  8
27
 10
0.445885
 20
0.149452
 30
0.000000
 42
1.000000
  0
VERTEX
  8
27
 10
0.445885
 20
0.150452
 30
0.000000
  0
SEQEND
  8
0
  0
POLYLINE
  8
27
 66
1
 10
0.000000
 20
0.000000
 30
0.000000
 40
0.001000
 41
0.001000
 70
0
  0
VERTEX
  8
27
 10
0.427513
 20
0.150452
 30
0.000000
 42
1.000000
  0
VERTEX
  8
27
 10
0.427513
 20
0.149452
 30
0.000000
  0
SEQEND
  8
0
  0
POLYLINE
  8
27
 66
1
 10
0.000000
 20
0.000000
 30
0.000000
 40
0.002000
 41
0.002000
 70
0
  0
VERTEX
  8
27
 10
0.445885
 20
0.149952
 30
0.000000
 42
0.414223
  0
VERTEX
  8
27
 10
0.449559
 20
0.153627
 30
0.000000
  0
SEQEND
  8
0
  0
POLYLINE
  8
27
 66
1
 10
0.000000
 20
0.000000
 30
0.000000
 40
0.001000
 41
0.001000
 70
0
  0
VERTEX
  8
27
 10
0.445885
 20
0.150452
 30
0.000000
 42
1.000000
  0
VERTEX
  8
27
 10
0.445885
 20
0.149452
 30
0.000000
  0
SEQEND
  8
0
  0
POLYLINE
  8
27
 66
1
 10
0.000000
 20
0.000000
 30
0.000000
 40
0.001000
 41
0.001000
 70
0
  0
VERTEX
  8
27
 10
0.450059
 20
0.153627
 30
0.000000
 42
1.000000
  0
VERTEX
  8
27
 10
0.449059
 20
0.153627
 30
0.000000
  0
SEQEND
  8
0
  0
POLYLINE
  8
27
 66
1
 10
0.000000
 20
0.000000
 30
0.000000
 40
0.002000
 41
0.002000
 70
0
  0
VERTEX
  8
27
 10
0.449559
 20
0.153627
 30
0.000000
  0
VERTEX
  8
27
 10
0.449559
 20
0.154852
 30
0.000000
  0
SEQEND
  8
0
  0
POLYLINE
  8
27
 66
1
 10
0.000000
 20
0.000000
 30
0.000000
 40
0.001000
 41
0.001000
 70
0
  0
VERTEX
  8
27
 10
0.450059
 20
0.154852
 30
0.000000
 42
1.000000
  0
VERTEX
  8
27
 10
0.449059
 20
0.154852
 30
0.000000
  0
SEQEND
  8
0
  0
POLYLINE
  8
27
 66
1
 10
0.000000
 20
0.000000
 30
0.000000
 40
0.001000
 41
0.001000
 70
0
  0
VERTEX
  8
27
 10
0.449059
 20
0.153627
 30
0.000000
 42
1.000000
  0
VERTEX
  8
27
 10
0.450059
 20
0.153627
 30
0.000000
  0
SEQEND
  8
0
  0
POLYLINE
  8
27
 66
1
 10
0.000000
 20
0.000000
 30
0.000000
 40
0.002000
 41
0.002000
 70
0
  0
VERTEX
  8
27
 10
0.449559
 20
0.169893
 30
0.000000
 42
0.414214
  0
VERTEX
  8
27
 10
0.444660
 20
0.174792
 30
0.000000
  0
SEQEND
  8
0
  0
POLYLINE
  8
27
 66
1
 10
0.000000
 20
0.000000
 30
0.000000
 40
0.001000
 41
0.001000
 70
0
  0
VERTEX
  8
27
 10
0.449059
 20
0.169893
 30
0.000000
 42
1.000000
  0
VERTEX
  8
27
 10
0.450059
 20
0.169893
 30
0.000000
  0
SEQEND
  8
0
  0
POLYLINE
  8
27
 66
1
 10
0.000000
 20
0.000000
 30
0.000000
 40
0.001000
 41
0.001000
 70
0
  0
VERTEX
  8
27
 10
0.444660
 20
0.175292
 30
0.000000
 42
1.000000
  0
VERTEX
  8
27
 10
0.444660
 20
0.174292
 30
0.000000
  0
SEQEND
  8
0
  0
POLYLINE
  8
27
 66
1
 10
0.000000
 20
0.000000
 30
0.000000
 40
0.002000
 41
0.002000
 70
0
  0
VERTEX
  8
27
 10
0.446498
 20
0.162545
 30
0.000000
 42
0.199996
  0
VERTEX
  8
27
 10
0.449559
 20
0.169893
 30
0.000000
  0
SEQEND
  8
0
  0
POLYLINE
  8
27
 66
1
 10
0.000000
 20
0.000000
 30
0.000000
 40
0.001000
 41
0.001000
 70
0
  0
VERTEX
  8
27
 10
0.446145
 20
0.162900
 30
0.000000
 42
1.000000
  0
VERTEX
  8
27
 10
0.446850
 20
0.162190
 30
0.000000
  0
SEQEND
  8
0
  0
POLYLINE
  8
27
 66
1
 10
0.000000
 20
0.000000
 30
0.000000
 40
0.001000
 41
0.001000
 70
0
  0
VERTEX
  8
27
 10
0.450059
 20
0.169893
 30
0.000000
 42
1.000000
  0
VERTEX
  8
27
 10
0.449059
 20
0.169893
 30
0.000000
  0
SEQEND
  8
0
  0
POLYLINE
  8
27
 66
1
 10
0.000000
 20
0.000000
 30
0.000000
 40
0.002000
 41
0.002000
 70
0
  0
VERTEX
  8
27
 10
0.427513
 20
0.168056
 30
0.000000
 42
0.414214
  0
VERTEX
  8
27
 10
0.432413
 20
0.163157
 30
0.000000
  0
SEQEND
  8
0
  0
POLYLINE
  8
27
 66
1
 10
0.000000
 20
0.000000
 30
0.000000
 40
0.001000
 41
0.001000
 70
0
  0
VERTEX
  8
27
 10
0.428013
 20
0.168056
 30
0.000000
 42
1.000000
  0
VERTEX
  8
27
 10
0.427013
 20
0.168056
 30
0.000000
  0
SEQEND
  8
0
  0
POLYLINE
  8
27
 66
1
 10
0.000000
 20
0.000000
 30
0.000000
 40
0.001000
 41
0.001000
 70
0
  0
VERTEX
  8
27
 10
0.432413
 20
0.162657
 30
0.000000
 42
1.000000
  0
VERTEX
  8
27
 10
0.432413
 20
0.163657
 30
0.000000
  0
SEQEND
  8
0
  0
POLYLINE
  8
27
 66
1
 10
0.000000
 20
0.000000
 30
0.000000
 40
0.002000
 41
0.002000
 70
0
  0
VERTEX
  8
27
 10
0.429351
 20
0.173568
 30
0.000000
 42
0.162281
  0
VERTEX
  8
27
 10
0.427513
 20
0.168056
 30
0.000000
  0
SEQEND
  8
0
  0
POLYLINE
  8
27
 66
1
 10
0.000000
 20
0.000000
 30
0.000000
 40
0.001000
 41
0.001000
 70
0
  0
VERTEX
  8
27
 10
0.429751
 20
0.173268
 30
0.000000
 42
1.000000
  0
VERTEX
  8
27
 10
0.428951
 20
0.173868
 30
0.000000
  0
SEQEND
  8
0
  0
POLYLINE
  8
27
 66
1
 10
0.000000
 20
0.000000
 30
0.000000
 40
0.001000
 41
0.001000
 70
0
  0
VERTEX
  8
27
 10
0.427013
 20
0.168056
 30
0.000000
 42
1.000000
  0
VERTEX
  8
27
 10
0.428013
 20
0.168056
 30
0.000000
  0
SEQEND
  8
0
  0
POLYLINE
  8
27
 66
1
 10
0.000000
 20
0.000000
 30
0.000000
 40
0.002000
 41
0.002000
 70
0
  0
VERTEX
  8
27
 10
0.432413
 20
0.163157
 30
0.000000
 42
0.265567
  0
VERTEX
  8
27
 10
0.436699
 20
0.165607
 30
0.000000
  0
SEQEND
  8
0
  0
POLYLINE
  8
27
 66
1
 10
0.000000
 20
0.000000
 30
0.000000
 40
0.001000
 41
0.001000
 70
0
  0
VERTEX
  8
27
 10
0.432413
 20
0.163657
 30
0.000000
 42
1.000000
  0
VERTEX
  8
27
 10
0.432413
 20
0.162657
 30
0.000000
  0
SEQEND
  8
0
  0
POLYLINE
  8
27
 66
1
 10
0.000000
 20
0.000000
 30
0.000000
 40
0.001000
 41
0.001000
 70
0
  0
VERTEX
  8
27
 10
0.437130
 20
0.165353
 30
0.000000
 42
1.000000
  0
VERTEX
  8
27
 10
0.436269
 20
0.165860
 30
0.000000
  0
SEQEND
  8
0
  0
POLYLINE
  8
27
 66
1
 10
0.000000
 20
0.000000
 30
0.000000
 40
0.002000
 41
0.002000
 70
0
  0
VERTEX
  8
27
 10
0.444660
 20
0.174792
 30
0.000000
 42
0.265570
  0
VERTEX
  8
27
 10
0.440374
 20
0.172343
 30
0.000000
  0
SEQEND
  8
0
  0
POLYLINE
  8
27
 66
1
 10
0.000000
 20
0.000000
 30
0.000000
 40
0.001000
 41
0.001000
 70
0
  0
VERTEX
  8
27
 10
0.444660
 20
0.174292
 30
0.000000
 42
1.000000
  0
VERTEX
  8
27
 10
0.444660
 20
0.175292
 30
0.000000
  0
SEQEND
  8
0
  0
POLYLINE
  8
27
 66
1
 10
0.000000
 20
0.000000
 30
0.000000
 40
0.001000
 41
0.001000
 70
0
  0
VERTEX
  8
27
 10
0.439943
 20
0.172597
 30
0.000000
 42
1.000000
  0
VERTEX
  8
27
 10
0.440804
 20
0.172089
 30
0.000000
  0
SEQEND
  8
0
  0
POLYLINE
  8
27
 66
1
 10
0.000000
 20
0.000000
 30
0.000000
 40
0.002000
 41
0.002000
 70
0
  0
VERTEX
  8
27
 10
0.440374
 20
0.172343
 30
0.000000
  0
VERTEX
  8
27
 10
0.436699
 20
0.165607
 30
0.000000
  0
SEQEND
  8
0
  0
POLYLINE
  8
27
 66
1
 10
0.000000
 20
0.000000
 30
0.000000
 40
0.001000
 41
0.001000
 70
0
  0
VERTEX
  8
27
 10
0.436260
 20
0.165846
 30
0.000000
 42
1.000000
  0
VERTEX
  8
27
 10
0.437138
 20
0.165367
 30
0.000000
  0
SEQEND
  8
0
  0
POLYLINE
  8
27
 66
1
 10
0.000000
 20
0.000000
 30
0.000000
 40
0.001000
 41
0.001000
 70
0
  0
VERTEX
  8
27
 10
0.440813
 20
0.172103
 30
0.000000
 42
1.000000
  0
VERTEX
  8
27
 10
0.439935
 20
0.172582
 30
0.000000
  0
SEQEND
  8
0
  0
POLYLINE
  8
27
 66
1
 10
0.000000
 20
0.000000
 30
0.000000
 40
0.002000
 41
0.002000
 70
0
  0
VERTEX
  8
27
 10
0.434862
 20
0.182961
 30
0.000000
  0
VERTEX
  8
27
 10
0.449559
 20
0.186636
 30
0.000000
  0
SEQEND
  8
0
  0
POLYLINE
  8
27
 66
1
 10
0.000000
 20
0.000000
 30
0.000000
 40
0.001000
 41
0.001000
 70
0
  0
VERTEX
  8
27
 10
0.449681
 20
0.186151
 30
0.000000
 42
1.000000
  0
VERTEX
  8
27
 10
0.449438
 20
0.187121
 30
0.000000
  0
SEQEND
  8
0
  0
POLYLINE
  8
27
 66
1
 10
0.000000
 20
0.000000
 30
0.000000
 40
0.001000
 41
0.001000
 70
0
  0
VERTEX
  8
27
 10
0.434741
 20
0.183446
 30
0.000000
 42
1.000000
  0
VERTEX
  8
27
 10
0.434983
 20
0.182476
 30
0.000000
  0
SEQEND
  8
0
  0
POLYLINE
  8
27
 66
1
 10
0.000000
 20
0.000000
 30
0.000000
 40
0.002000
 41
0.002000
 70
0
  0
VERTEX
  8
27
 10
0.449559
 20
0.186636
 30
0.000000
  0
VERTEX
  8
27
 10
0.439761
 20
0.190310
 30
0.000000
  0
SEQEND
  8
0
  0
POLYLINE
  8
27
 66
1
 10
0.000000
 20
0.000000
 30
0.000000
 40
0.001000
 41
0.001000
 70
0
  0
VERTEX
  8
27
 10
0.439937
 20
0.190778
 30
0.000000
 42
1.000000
  0
VERTEX
  8
27
 10
0.439586
 20
0.189842
 30
0.000000
  0
SEQEND
  8
0
  0
POLYLINE
  8
27
 66
1
 10
0.000000
 20
0.000000
 30
0.000000
 40
0.001000
 41
0.001000
 70
0
  0
VERTEX
  8
27
 10
0.449384
 20
0.186167
 30
0.000000
 42
1.000000
  0
VERTEX
  8
27
 10
0.449735
 20
0.187104
 30
0.000000
  0
SEQEND
  8
0
  0
POLYLINE
  8
27
 66
1
 10
0.000000
 20
0.000000
 30
0.000000
 40
0.002000
 41
0.002000
 70
0
  0
VERTEX
  8
27
 10
0.439761
 20
0.190310
 30
0.000000
  0
VERTEX
  8
27
 10
0.449559
 20
0.193984
 30
0.000000
  0
SEQEND
  8
0
  0
POLYLINE
  8
27
 66
1
 10
0.000000
 20
0.000000
 30
0.000000
 40
0.001000
 41
0.001000
 70
0
  0
VERTEX
  8
27
 10
0.449735
 20
0.193516
 30
0.000000
 42
1.000000
  0
VERTEX
  8
27
 10
0.449384
 20
0.194452
 30
0.000000
  0
SEQEND
  8
0
  0
POLYLINE
  8
27
 66
1
 10
0.000000
 20
0.000000
 30
0.000000
 40
0.001000
 41
0.001000
 70
0
  0
VERTEX
  8
27
 10
0.439586
 20
0.190778
 30
0.000000
 42
1.000000
  0
VERTEX
  8
27
 10
0.439937
 20
0.189842
 30
0.000000
  0
SEQEND
  8
0
  0
POLYLINE
  8
27
 66
1
 10
0.000000
 20
0.000000
 30
0.000000
 40
0.002000
 41
0.002000
 70
0
  0
VERTEX
  8
27
 10
0.449559
 20
0.193984
 30
0.000000
  0
VERTEX
  8
27
 10
0.434862
 20
0.197659
 30
0.000000
  0
SEQEND
  8
0
  0
POLYLINE
  8
27
 66
1
 10
0.000000
 20
0.000000
 30
0.000000
 40
0.001000
 41
0.001000
 70
0
  0
VERTEX
  8
27
 10
0.434983
 20
0.198144
 30
0.000000
 42
1.000000
  0
VERTEX
  8
27
 10
0.434741
 20
0.197174
 30
0.000000
  0
SEQEND
  8
0
  0
POLYLINE
  8
27
 66
1
 10
0.000000
 20
0.000000
 30
0.000000
 40
0.001000
 41
0.001000
 70
0
  0
VERTEX
  8
27
 10
0.449438
 20
0.193499
 30
0.000000
 42
1.000000
  0
VERTEX
  8
27
 10
0.449681
 20
0.194469
 30
0.000000
  0
SEQEND
  8
0
  0
POLYLINE
  8
27
 66
1
 10
0.000000
 20
0.000000
 30
0.000000
 40
0.002000
 41
0.002000
 70
0
  0
VERTEX
  8
27
 10
0.449559
 20
0.206180
 30
0.000000
  0
VERTEX
  8
27
 10
0.434862
 20
0.206180
 30
0.000000
  0
SEQEND
  8
0
  0
POLYLINE
  8
27
 66
1
 10
0.000000
 20
0.000000
 30
0.000000
 40
0.001000
 41
0.001000
 70
0
  0
VERTEX
  8
27
 10
0.434862
 20
0.206680
 30
0.000000
 42
1.000000
  0
VERTEX
  8
27
 10
0.434862
 20
0.205680
 30
0.000000
  0
SEQEND
  8
0
  0
POLYLINE
  8
27
 66
1
 10
0.000000
 20
0.000000
 30
0.000000
 40
0.001000
 41
0.001000
 70
0
  0
VERTEX
  8
27
 10
0.449559
 20
0.205680
 30
0.000000
 42
1.000000
  0
VERTEX
  8
27
 10
0.449559
 20
0.206680
 30
0.000000
  0
SEQEND
  8
0
  0
POLYLINE
  8
27
 66
1
 10
0.000000
 20
0.000000
 30
0.000000
 40
0.002000
 41
0.002000
 70
0
  0
VERTEX
  8
27
 10
0.428738
 20
0.205568
 30
0.000000
  0
VERTEX
  8
27
 10
0.427513
 20
0.205568
 30
0.000000
  0
SEQEND
  8
0
  0
POLYLINE
  8
27
 66
1
 10
0.000000
 20
0.000000
 30
0.000000
 40
0.001000
 41
0.001000
 70
0
  0
VERTEX
  8
27
 10
0.427513
 20
0.206068
 30
0.000000
 42
1.000000
  0
VERTEX
  8
27
 10
0.427513
 20
0.205068
 30
0.000000
  0
SEQEND
  8
0
  0
POLYLINE
  8
27
 66
1
 10
0.000000
 20
0.000000
 30
0.000000
 40
0.001000
 41
0.001000
 70
0
  0
VERTEX
  8
27
 10
0.428738
 20
0.205068
 30
0.000000
 42
1.000000
  0
VERTEX
  8
27
 10
0.428738
 20
0.206068
 30
0.000000
  0
SEQEND
  8
0
  0
POLYLINE
  8
27
 66
1
 10
0.000000
 20
0.000000
 30
0.000000
 40
0.002000
 41
0.002000
 70
0
  0
VERTEX
  8
27
 10
0.427513
 20
0.205568
 30
0.000000
  0
VERTEX
  8
27
 10
0.427513
 20
0.206793
 30
0.000000
  0
SEQEND
  8
0
  0
POLYLINE
  8
27
 66
1
 10
0.000000
 20
0.000000
 30
0.000000
 40
0.001000
 41
0.001000
 70
0
  0
VERTEX
  8
27
 10
0.428013
 20
0.206793
 30
0.000000
 42
1.000000
  0
VERTEX
  8
27
 10
0.427013
 20
0.206793
 30
0.000000
  0
SEQEND
  8
0
  0
POLYLINE
  8
27
 66
1
 10
0.000000
 20
0.000000
 30
0.000000
 40
0.001000
 41
0.001000
 70
0
  0
VERTEX
  8
27
 10
0.427013
 20
0.205568
 30
0.000000
 42
1.000000
  0
VERTEX
  8
27
 10
0.428013
 20
0.205568
 30
0.000000
  0
SEQEND
  8
0
  0
POLYLINE
  8
27
 66
1
 10
0.000000
 20
0.000000
 30
0.000000
 40
0.002000
 41
0.002000
 70
0
  0
VERTEX
  8
27
 10
0.427513
 20
0.206793
 30
0.000000
  0
VERTEX
  8
27
 10
0.428738
 20
0.206793
 30
0.000000
  0
SEQEND
  8
0
  0
POLYLINE
  8
27
 66
1
 10
0.000000
 20
0.000000
 30
0.000000
 40
0.001000
 41
0.001000
 70
0
  0
VERTEX
  8
27
 10
0.428738
 20
0.206293
 30
0.000000
 42
1.000000
  0
VERTEX
  8
27
 10
0.428738
 20
0.207293
 30
0.000000
  0
SEQEND
  8
0
  0
POLYLINE
  8
27
 66
1
 10
0.000000
 20
0.000000
 30
0.000000
 40
0.001000
 41
0.001000
 70
0
  0
VERTEX
  8
27
 10
0.427513
 20
0.207293
 30
0.000000
 42
1.000000
  0
VERTEX
  8
27
 10
0.427513
 20
0.206293
 30
0.000000
  0
SEQEND
  8
0
  0
POLYLINE
  8
27
 66
1
 10
0.000000
 20
0.000000
 30
0.000000
 40
0.002000
 41
0.002000
 70
0
  0
VERTEX
  8
27
 10
0.428738
 20
0.206793
 30
0.000000
  0
VERTEX
  8
27
 10
0.428738
 20
0.205568
 30
0.000000
  0
SEQEND
  8
0
  0
POLYLINE
  8
27
 66
1
 10
0.000000
 20
0.000000
 30
0.000000
 40
0.001000
 41
0.001000
 70
0
  0
VERTEX
  8
27
 10
0.428238
 20
0.205568
 30
0.000000
 42
1.000000
  0
VERTEX
  8
27
 10
0.429238
 20
0.205568
 30
0.000000
  0
SEQEND
  8
0
  0
POLYLINE
  8
27
 66
1
 10
0.000000
 20
0.000000
 30
0.000000
 40
0.001000
 41
0.001000
 70
0
  0
VERTEX
  8
27
 10
0.429238
 20
0.206793
 30
0.000000
 42
1.000000
  0
VERTEX
  8
27
 10
0.428238
 20
0.206793
 30
0.000000
  0
SEQEND
  8
0
  0
POLYLINE
  8
27
 66
1
 10
0.000000
 20
0.000000
 30
0.000000
 40
0.002000
 41
0.002000
 70
0
  0
VERTEX
  8
27
 10
0.434862
 20
0.213148
 30
0.000000
  0
VERTEX
  8
27
 10
0.434862
 20
0.220497
 30
0.000000
  0
SEQEND
  8
0
  0
POLYLINE
  8
27
 66
1
 10
0.000000
 20
0.000000
 30
0.000000
 40
0.001000
 41
0.001000
 70
0
  0
VERTEX
  8
27
 10
0.435362
 20
0.220497
 30
0.000000
 42
1.000000
  0
VERTEX
  8
27
 10
0.434362
 20
0.220497
 30
0.000000
  0
SEQEND
  8
0
  0
POLYLINE
  8
27
 66
1
 10
0.000000
 20
0.000000
 30
0.000000
 40
0.001000
 41
0.001000
 70
0
  0
VERTEX
  8
27
 10
0.434362
 20
0.213148
 30
0.000000
 42
1.000000
  0
VERTEX
  8
27
 10
0.435362
 20
0.213148
 30
0.000000
  0
SEQEND
  8
0
  0
POLYLINE
  8
27
 66
1
 10
0.000000
 20
0.000000
 30
0.000000
 40
0.002000
 41
0.002000
 70
0
  0
VERTEX
  8
27
 10
0.427513
 20
0.215598
 30
0.000000
  0
VERTEX
  8
27
 10
0.445885
 20
0.215598
 30
0.000000
  0
SEQEND
  8
0
  0
POLYLINE
  8
27
 66
1
 10
0.000000
 20
0.000000
 30
0.000000
 40
0.001000
 41
0.001000
 70
0
  0
VERTEX
  8
27
 10
0.445885
 20
0.215098
 30
0.000000
 42
1.000000
  0
VERTEX
  8
27
 10
0.445885
 20
0.216098
 30
0.000000
  0
SEQEND
  8
0
  0
POLYLINE
  8
27
 66
1
 10
0.000000
 20
0.000000
 30
0.000000
 40
0.001000
 41
0.001000
 70
0
  0
VERTEX
  8
27
 10
0.427513
 20
0.216098
 30
0.000000
 42
1.000000
  0
VERTEX
  8
27
 10
0.427513
 20
0.215098
 30
0.000000
  0
SEQEND
  8
0
  0
POLYLINE
  8
27
 66
1
 10
0.000000
 20
0.000000
 30
0.000000
 40
0.002000
 41
0.002000
 70
0
  0
VERTEX
  8
27
 10
0.445885
 20
0.215598
 30
0.000000
 42
0.414223
  0
VERTEX
  8
27
 10
0.449559
 20
0.219272
 30
0.000000
  0
SEQEND
  8
0
  0
POLYLINE
  8
27
 66
1
 10
0.000000
 20
0.000000
 30
0.000000
 40
0.001000
 41
0.001000
 70
0
  0
VERTEX
  8
27
 10
0.445885
 20
0.216098
 30
0.000000
 42
1.000000
  0
VERTEX
  8
27
 10
0.445885
 20
0.215098
 30
0.000000
  0
SEQEND
  8
0
  0
POLYLINE
  8
27
 66
1
 10
0.000000
 20
0.000000
 30
0.000000
 40
0.001000
 41
0.001000
 70
0
  0
VERTEX
  8
27
 10
0.450059
 20
0.219272
 30
0.000000
 42
1.000000
  0
VERTEX
  8
27
 10
0.449059
 20
0.219272
 30
0.000000
  0
SEQEND
  8
0
  0
POLYLINE
  8
27
 66
1
 10
0.000000
 20
0.000000
 30
0.000000
 40
0.002000
 41
0.002000
 70
0
  0
VERTEX
  8
27
 10
0.449559
 20
0.219272
 30
0.000000
  0
VERTEX
  8
27
 10
0.449559
 20
0.220497
 30
0.000000
  0
SEQEND
  8
0
  0
POLYLINE
  8
27
 66
1
 10
0.000000
 20
0.000000
 30
0.000000
 40
0.001000
 41
0.001000
 70
0
  0
VERTEX
  8
27
 10
0.450059
 20
0.220497
 30
0.000000
 42
1.000000
  0
VERTEX
  8
27
 10
0.449059
 20
0.220497
 30
0.000000
  0
SEQEND
  8
0
  0
POLYLINE
  8
27
 66
1
 10
0.000000
 20
0.000000
 30
0.000000
 40
0.001000
 41
0.001000
 70
0
  0
VERTEX
  8
27
 10
0.449059
 20
0.219272
 30
0.000000
 42
1.000000
  0
VERTEX
  8
27
 10
0.450059
 20
0.219272
 30
0.000000
  0
SEQEND
  8
0
  0
POLYLINE
  8
27
 66
1
 10
0.000000
 20
0.000000
 30
0.000000
 40
0.002000
 41
0.002000
 70
0
  0
VERTEX
  8
27
 10
0.449559
 20
0.237292
 30
0.000000
  0
VERTEX
  8
27
 10
0.449559
 20
0.232393
 30
0.000000
  0
SEQEND
  8
0
  0
POLYLINE
  8
27
 66
1
 10
0.000000
 20
0.000000
 30
0.000000
 40
0.001000
 41
0.001000
 70
0
  0
VERTEX
  8
27
 10
0.449059
 20
0.232393
 30
0.000000
 42
1.000000
  0
VERTEX
  8
27
 10
0.450059
 20
0.232393
 30
0.000000
  0
SEQEND
  8
0
  0
POLYLINE
  8
27
 66
1
 10
0.000000
 20
0.000000
 30
0.000000
 40
0.001000
 41
0.001000
 70
0
  0
VERTEX
  8
27
 10
0.450059
 20
0.237292
 30
0.000000
 42
1.000000
  0
VERTEX
  8
27
 10
0.449059
 20
0.237292
 30
0.000000
  0
SEQEND
  8
0
  0
POLYLINE
  8
27
 66
1
 10
0.000000
 20
0.000000
 30
0.000000
 40
0.002000
 41
0.002000
 70
0
  0
VERTEX
  8
27
 10
0.445885
 20
0.228719
 30
0.000000
 42
0.414204
  0
VERTEX
  8
27
 10
0.449559
 20
0.232393
 30
0.000000
  0
SEQEND
  8
0
  0
POLYLINE
  8
27
 66
1
 10
0.000000
 20
0.000000
 30
0.000000
 40
0.001000
 41
0.001000
 70
0
  0
VERTEX
  8
27
 10
0.445885
 20
0.229219
 30
0.000000
 42
1.000000
  0
VERTEX
  8
27
 10
0.445885
 20
0.228219
 30
0.000000
  0
SEQEND
  8
0
  0
POLYLINE
  8
27
 66
1
 10
0.000000
 20
0.000000
 30
0.000000
 40
0.001000
 41
0.001000
 70
0
  0
VERTEX
  8
27
 10
0.450059
 20
0.232393
 30
0.000000
 42
1.000000
  0
VERTEX
  8
27
 10
0.449059
 20
0.232393
 30
0.000000
  0
SEQEND
  8
0
  0
POLYLINE
  8
27
 66
1
 10
0.000000
 20
0.000000
 30
0.000000
 40
0.002000
 41
0.002000
 70
0
  0
VERTEX
  8
27
 10
0.445885
 20
0.228719
 30
0.000000
  0
VERTEX
  8
27
 10
0.438536
 20
0.228719
 30
0.000000
  0
SEQEND
  8
0
  0
POLYLINE
  8
27
 66
1
 10
0.000000
 20
0.000000
 30
0.000000
 40
0.001000
 41
0.001000
 70
0
  0
VERTEX
  8
27
 10
0.438536
 20
0.229219
 30
0.000000
 42
1.000000
  0
VERTEX
  8
27
 10
0.438536
 20
0.228219
 30
0.000000
  0
SEQEND
  8
0
  0
POLYLINE
  8
27
 66
1
 10
0.000000
 20
0.000000
 30
0.000000
 40
0.001000
 41
0.001000
 70
0
  0
VERTEX
  8
27
 10
0.445885
 20
0.228219
 30
0.000000
 42
1.000000
  0
VERTEX
  8
27
 10
0.445885
 20
0.229219
 30
0.000000
  0
SEQEND
  8
0
  0
POLYLINE
  8
27
 66
1
 10
0.000000
 20
0.000000
 30
0.000000
 40
0.002000
 41
0.002000
 70
0
  0
VERTEX
  8
27
 10
0.434862
 20
0.232393
 30
0.000000
 42
0.414214
  0
VERTEX
  8
27
 10
0.438536
 20
0.228719
 30
0.000000
  0
SEQEND
  8
0
  0
POLYLINE
  8
27
 66
1
 10
0.000000
 20
0.000000
 30
0.000000
 40
0.001000
 41
0.001000
 70
0
  0
VERTEX
  8
27
 10
0.435362
 20
0.232393
 30
0.000000
 42
1.000000
  0
VERTEX
  8
27
 10
0.434362
 20
0.232393
 30
0.000000
  0
SEQEND
  8
0
  0
POLYLINE
  8
27
 66
1
 10
0.000000
 20
0.000000
 30
0.000000
 40
0.001000
 41
0.001000
 70
0
  0
VERTEX
  8
27
 10
0.438536
 20
0.228219
 30
0.000000
 42
1.000000
  0
VERTEX
  8
27
 10
0.438536
 20
0.229219
 30
0.000000
  0
SEQEND
  8
0
  0
POLYLINE
  8
27
 66
1
 10
0.000000
 20
0.000000
 30
0.000000
 40
0.002000
 41
0.002000
 70
0
  0
VERTEX
  8
27
 10
0.434862
 20
0.232393
 30
0.000000
  0
VERTEX
  8
27
 10
0.434862
 20
0.237292
 30
0.000000
  0
SEQEND
  8
0
  0
POLYLINE
  8
27
 66
1
 10
0.000000
 20
0.000000
 30
0.000000
 40
0.001000
 41
0.001000
 70
0
  0
VERTEX
  8
27
 10
0.435362
 20
0.237292
 30
0.000000
 42
1.000000
  0
VERTEX
  8
27
 10
0.434362
 20
0.237292
 30
0.000000
  0
SEQEND
  8
0
  0
POLYLINE
  8
27
 66
1
 10
0.000000
 20
0.000000
 30
0.000000
 40
0.001000
 41
0.001000
 70
0
  0
VERTEX
  8
27
 10
0.434362
 20
0.232393
 30
0.000000
 42
1.000000
  0
VERTEX
  8
27
 10
0.435362
 20
0.232393
 30
0.000000
  0
SEQEND
  8
0
  0
POLYLINE
  8
27
 66
1
 10
0.000000
 20
0.000000
 30
0.000000
 40
0.002000
 41
0.002000
 70
0
  0
VERTEX
  8
27
 10
0.449559
 20
0.246006
 30
0.000000
  0
VERTEX
  8
27
 10
0.427513
 20
0.246006
 30
0.000000
  0
SEQEND
  8
0
  0
POLYLINE
  8
27
 66
1
 10
0.000000
 20
0.000000
 30
0.000000
 40
0.001000
 41
0.001000
 70
0
  0
VERTEX
  8
27
 10
0.427513
 20
0.246506
 30
0.000000
 42
1.000000
  0
VERTEX
  8
27
 10
0.427513
 20
0.245506
 30
0.000000
  0
SEQEND
  8
0
  0
POLYLINE
  8
27
 66
1
 10
0.000000
 20
0.000000
 30
0.000000
 40
0.001000
 41
0.001000
 70
0
  0
VERTEX
  8
27
 10
0.449559
 20
0.245506
 30
0.000000
 42
1.000000
  0
VERTEX
  8
27
 10
0.449559
 20
0.246506
 30
0.000000
  0
SEQEND
  8
0
  0
POLYLINE
  8
27
 66
1
 10
0.000000
 20
0.000000
 30
0.000000
 40
0.002000
 41
0.002000
 70
0
  0
VERTEX
  8
27
 10
0.434862
 20
0.246006
 30
0.000000
  0
VERTEX
  8
27
 10
0.434862
 20
0.252130
 30
0.000000
  0
SEQEND
  8
0
  0
POLYLINE
  8
27
 66
1
 10
0.000000
 20
0.000000
 30
0.000000
 40
0.001000
 41
0.001000
 70
0
  0
VERTEX
  8
27
 10
0.435362
 20
0.252130
 30
0.000000
 42
1.000000
  0
VERTEX
  8
27
 10
0.434362
 20
0.252130
 30
0.000000
  0
SEQEND
  8
0
  0
POLYLINE
  8
27
 66
1
 10
0.000000
 20
0.000000
 30
0.000000
 40
0.001000
 41
0.001000
 70
0
  0
VERTEX
  8
27
 10
0.434362
 20
0.246006
 30
0.000000
 42
1.000000
  0
VERTEX
  8
27
 10
0.435362
 20
0.246006
 30
0.000000
  0
SEQEND
  8
0
  0
POLYLINE
  8
27
 66
1
 10
0.000000
 20
0.000000
 30
0.000000
 40
0.002000
 41
0.002000
 70
0
  0
VERTEX
  8
27
 10
0.438536
 20
0.255804
 30
0.000000
 42
0.414223
  0
VERTEX
  8
27
 10
0.434862
 20
0.252130
 30
0.000000
  0
SEQEND
  8
0
  0
POLYLINE
  8
27
 66
1
 10
0.000000
 20
0.000000
 30
0.000000
 40
0.001000
 41
0.001000
 70
0
  0
VERTEX
  8
27
 10
0.438536
 20
0.255304
 30
0.000000
 42
1.000000
  0
VERTEX
  8
27
 10
0.438536
 20
0.256304
 30
0.000000
  0
SEQEND
  8
0
  0
POLYLINE
  8
27
 66
1
 10
0.000000
 20
0.000000
 30
0.000000
 40
0.001000
 41
0.001000
 70
0
  0
VERTEX
  8
27
 10
0.434362
 20
0.252130
 30
0.000000
 42
1.000000
  0
VERTEX
  8
27
 10
0.435362
 20
0.252130
 30
0.000000
  0
SEQEND
  8
0
  0
POLYLINE
  8
27
 66
1
 10
0.000000
 20
0.000000
 30
0.000000
 40
0.002000
 41
0.002000
 70
0
  0
VERTEX
  8
27
 10
0.438536
 20
0.255805
 30
0.000000
  0
VERTEX
  8
27
 10
0.449559
 20
0.255805
 30
0.000000
  0
SEQEND
  8
0
  0
POLYLINE
  8
27
 66
1
 10
0.000000
 20
0.000000
 30
0.000000
 40
0.001000
 41
0.001000
 70
0
  0
VERTEX
  8
27
 10
0.449559
 20
0.255305
 30
0.000000
 42
1.000000
  0
VERTEX
  8
27
 10
0.449559
 20
0.256305
 30
0.000000
  0
SEQEND
  8
0
  0
POLYLINE
  8
27
 66
1
 10
0.000000
 20
0.000000
 30
0.000000
 40
0.001000
 41
0.001000
 70
0
  0
VERTEX
  8
27
 10
0.438536
 20
0.256305
 30
0.000000
 42
1.000000
  0
VERTEX
  8
27
 10
0.438536
 20
0.255305
 30
0.000000
  0
SEQEND
  8
0
  0
POINT
  8
23
 10
0.125000
 20
2.575000
 30
0.000000
  0
POLYLINE
  8
21
 66
1
 10
0.000000
 20
0.000000
 30
0.000000
 40
0.006000
 41
0.006000
 70
0
  0
VERTEX
  8
21
 10
0.075000
 20
2.400000
 30
0.000000
  0
VERTEX
  8
21
 10
0.075000
 20
2.450000
 30
0.000000
  0
SEQEND
  8
0
  0
POLYLINE
  8
21
 66
1
 10
0.000000
 20
0.000000
 30
0.000000
 40
0.003000
 41
0.003000
 70
0
  0
VERTEX
  8
21
 10
0.076500
 20
2.450000
 30
0.000000
 42
1.000000
  0
VERTEX
  8
21
 10
0.073500
 20
2.450000
 30
0.000000
  0
SEQEND
  8
0
  0
POLYLINE
  8
21
 66
1
 10
0.000000
 20
0.000000
 30
0.000000
 40
0.003000
 41
0.003000
 70
0
  0
VERTEX
  8
21
 10
0.073500
 20
2.400000
 30
0.000000
 42
1.000000
  0
VERTEX
  8
21
 10
0.076500
 20
2.400000
 30
0.000000
  0
SEQEND
  8
0
  0
POLYLINE
  8
21
 66
1
 10
0.000000
 20
0.000000
 30
0.000000
 40
0.006000
 41
0.006000
 70
0
  0
VERTEX
  8
21
 10
0.075000
 20
2.450000
 30
0.000000
  0
VERTEX
  8
21
 10
0.100000
 20
2.475000
 30
0.000000
  0
SEQEND
  8
0
  0
POLYLINE
  8
21
 66
1
 10
0.000000
 20
0.000000
 30
0.000000
 40
0.003000
 41
0.003000
 70
0
  0
VERTEX
  8
21
 10
0.101061
 20
2.473939
 30
0.000000
 42
1.000000
  0
VERTEX
  8
21
 10
0.098939
 20
2.476061
 30
0.000000
  0
SEQEND
  8
0
  0
POLYLINE
  8
21
 66
1
 10
0.000000
 20
0.000000
 30
0.000000
 40
0.003000
 41
0.003000
 70
0
  0
VERTEX
  8
21
 10
0.073939
 20
2.451061
 30
0.000000
 42
1.000000
  0
VERTEX
  8
21
 10
0.076061
 20
2.448939
 30
0.000000
  0
SEQEND
  8
0
  0
POLYLINE
  8
21
 66
1
 10
0.000000
 20
0.000000
 30
0.000000
 40
0.006000
 41
0.006000
 70
0
  0
VERTEX
  8
21
 10
0.150000
 20
2.475000
 30
0.000000
  0
VERTEX
  8
21
 10
0.175000
 20
2.450000
 30
0.000000
  0
SEQEND
  8
0
  0
POLYLINE
  8
21
 66
1
 10
0.000000
 20
0.000000
 30
0.000000
 40
0.003000
 41
0.003000
 70
0
  0
VERTEX
  8
21
 10
0.173939
 20
2.448939
 30
0.000000
 42
1.000000
  0
VERTEX
  8
21
 10
0.176061
 20
2.451061
 30
0.000000
  0
SEQEND
  8
0
  0
POLYLINE
  8
21
 66
1
 10
0.000000
 20
0.000000
 30
0.000000
 40
0.003000
 41
0.003000
 70
0
  0
VERTEX
  8
21
 10
0.151061
 20
2.476061
 30
0.000000
 42
1.000000
  0
VERTEX
  8
21
 10
0.148939
 20
2.473939
 30
0.000000
  0
SEQEND
  8
0
  0
POLYLINE
  8
21
 66
1
 10
0.000000
 20
0.000000
 30
0.000000
 40
0.006000
 41
0.006000
 70
0
  0
VERTEX
  8
21
 10
0.100000
 20
2.475000
 30
0.000000
  0
VERTEX
  8
21
 10
0.075000
 20
2.500000
 30
0.000000
  0
SEQEND
  8
0
  0
POLYLINE
  8
21
 66
1
 10
0.000000
 20
0.000000
 30
0.000000
 40
0.003000
 41
0.003000
 70
0
  0
VERTEX
  8
21
 10
0.076061
 20
2.501061
 30
0.000000
 42
1.000000
  0
VERTEX
  8
21
 10
0.073939
 20
2.498939
 30
0.000000
  0
SEQEND
  8
0
  0
POLYLINE
  8
21
 66
1
 10
0.000000
 20
0.000000
 30
0.000000
 40
0.003000
 41
0.003000
 70
0
  0
VERTEX
  8
21
 10
0.098939
 20
2.473939
 30
0.000000
 42
1.000000
  0
VERTEX
  8
21
 10
0.101061
 20
2.476061
 30
0.000000
  0
SEQEND
  8
0
  0
POLYLINE
  8
21
 66
1
 10
0.000000
 20
0.000000
 30
0.000000
 40
0.006000
 41
0.006000
 70
0
  0
VERTEX
  8
21
 10
0.075000
 20
2.500000
 30
0.000000
  0
VERTEX
  8
21
 10
0.075000
 20
2.550000
 30
0.000000
  0
SEQEND
  8
0
  0
POLYLINE
  8
21
 66
1
 10
0.000000
 20
0.000000
 30
0.000000
 40
0.003000
 41
0.003000
 70
0
  0
VERTEX
  8
21
 10
0.076500
 20
2.550000
 30
0.000000
 42
1.000000
  0
VERTEX
  8
21
 10
0.073500
 20
2.550000
 30
0.000000
  0
SEQEND
  8
0
  0
POLYLINE
  8
21
 66
1
 10
0.000000
 20
0.000000
 30
0.000000
 40
0.003000
 41
0.003000
 70
0
  0
VERTEX
  8
21
 10
0.073500
 20
2.500000
 30
0.000000
 42
1.000000
  0
VERTEX
  8
21
 10
0.076500
 20
2.500000
 30
0.000000
  0
SEQEND
  8
0
  0
POLYLINE
  8
21
 66
1
 10
0.000000
 20
0.000000
 30
0.000000
 40
0.006000
 41
0.006000
 70
0
  0
VERTEX
  8
21
 10
0.075000
 20
2.550000
 30
0.000000
  0
VERTEX
  8
21
 10
0.100000
 20
2.575000
 30
0.000000
  0
SEQEND
  8
0
  0
POLYLINE
  8
21
 66
1
 10
0.000000
 20
0.000000
 30
0.000000
 40
0.003000
 41
0.003000
 70
0
  0
VERTEX
  8
21
 10
0.101061
 20
2.573939
 30
0.000000
 42
1.000000
  0
VERTEX
  8
21
 10
0.098939
 20
2.576061
 30
0.000000
  0
SEQEND
  8
0
  0
POLYLINE
  8
21
 66
1
 10
0.000000
 20
0.000000
 30
0.000000
 40
0.003000
 41
0.003000
 70
0
  0
VERTEX
  8
21
 10
0.073939
 20
2.551061
 30
0.000000
 42
1.000000
  0
VERTEX
  8
21
 10
0.076061
 20
2.548939
 30
0.000000
  0
SEQEND
  8
0
  0
POLYLINE
  8
21
 66
1
 10
0.000000
 20
0.000000
 30
0.000000
 40
0.006000
 41
0.006000
 70
0
  0
VERTEX
  8
21
 10
0.150000
 20
2.575000
 30
0.000000
  0
VERTEX
  8
21
 10
0.175000
 20
2.550000
 30
0.000000
  0
SEQEND
  8
0
  0
POLYLINE
  8
21
 66
1
 10
0.000000
 20
0.000000
 30
0.000000
 40
0.003000
 41
0.003000
 70
0
  0
VERTEX
  8
21
 10
0.173939
 20
2.548939
 30
0.000000
 42
1.000000
  0
VERTEX
  8
21
 10
0.176061
 20
2.551061
 30
0.000000
  0
SEQEND
  8
0
  0
POLYLINE
  8
21
 66
1
 10
0.000000
 20
0.000000
 30
0.000000
 40
0.003000
 41
0.003000
 70
0
  0
VERTEX
  8
21
 10
0.151061
 20
2.576061
 30
0.000000
 42
1.000000
  0
VERTEX
  8
21
 10
0.148939
 20
2.573939
 30
0.000000
  0
SEQEND
  8
0
  0
POLYLINE
  8
21
 66
1
 10
0.000000
 20
0.000000
 30
0.000000
 40
0.006000
 41
0.006000
 70
0
  0
VERTEX
  8
21
 10
0.175000
 20
2.550000
 30
0.000000
  0
VERTEX
  8
21
 10
0.175000
 20
2.500000
 30
0.000000
  0
SEQEND
  8
0
  0
POLYLINE
  8
21
 66
1
 10
0.000000
 20
0.000000
 30
0.000000
 40
0.003000
 41
0.003000
 70
0
  0
VERTEX
  8
21
 10
0.173500
 20
2.500000
 30
0.000000
 42
1.000000
  0
VERTEX
  8
21
 10
0.176500
 20
2.500000
 30
0.000000
  0
SEQEND
  8
0
  0
POLYLINE
  8
21
 66
1
 10
0.000000
 20
0.000000
 30
0.000000
 40
0.003000
 41
0.003000
 70
0
  0
VERTEX
  8
21
 10
0.176500
 20
2.550000
 30
0.000000
 42
1.000000
  0
VERTEX
  8
21
 10
0.173500
 20
2.550000
 30
0.000000
  0
SEQEND
  8
0
  0
POLYLINE
  8
21
 66
1
 10
0.000000
 20
0.000000
 30
0.000000
 40
0.006000
 41
0.006000
 70
0
  0
VERTEX
  8
21
 10
0.175000
 20
2.500000
 30
0.000000
  0
VERTEX
  8
21
 10
0.150000
 20
2.475000
 30
0.000000
  0
SEQEND
  8
0
  0
POLYLINE
  8
21
 66
1
 10
0.000000
 20
0.000000
 30
0.000000
 40
0.003000
 41
0.003000
 70
0
  0
VERTEX
  8
21
 10
0.148939
 20
2.476061
 30
0.000000
 42
1.000000
  0
VERTEX
  8
21
 10
0.151061
 20
2.473939
 30
0.000000
  0
SEQEND
  8
0
  0
POLYLINE
  8
21
 66
1
 10
0.000000
 20
0.000000
 30
0.000000
 40
0.003000
 41
0.003000
 70
0
  0
VERTEX
  8
21
 10
0.176061
 20
2.498939
 30
0.000000
 42
1.000000
  0
VERTEX
  8
21
 10
0.173939
 20
2.501061
 30
0.000000
  0
SEQEND
  8
0
  0
POLYLINE
  8
21
 66
1
 10
0.000000
 20
0.000000
 30
0.000000
 40
0.006000
 41
0.006000
 70
0
  0
VERTEX
  8
21
 10
0.100000
 20
2.375000
 30
0.000000
  0
VERTEX
  8
21
 10
0.150000
 20
2.375000
 30
0.000000
  0
SEQEND
  8
0
  0
POLYLINE
  8
21
 66
1
 10
0.000000
 20
0.000000
 30
0.000000
 40
0.003000
 41
0.003000
 70
0
  0
VERTEX
  8
21
 10
0.150000
 20
2.373500
 30
0.000000
 42
1.000000
  0
VERTEX
  8
21
 10
0.150000
 20
2.376500
 30
0.000000
  0
SEQEND
  8
0
  0
POLYLINE
  8
21
 66
1
 10
0.000000
 20
0.000000
 30
0.000000
 40
0.003000
 41
0.003000
 70
0
  0
VERTEX
  8
21
 10
0.100000
 20
2.376500
 30
0.000000
 42
1.000000
  0
VERTEX
  8
21
 10
0.100000
 20
2.373500
 30
0.000000
  0
SEQEND
  8
0
  0
POLYLINE
  8
21
 66
1
 10
0.000000
 20
0.000000
 30
0.000000
 40
0.006000
 41
0.006000
 70
0
  0
VERTEX
  8
21
 10
0.075000
 20
2.400000
 30
0.000000
  0
VERTEX
  8
21
 10
0.100000
 20
2.375000
 30
0.000000
  0
SEQEND
  8
0
  0
POLYLINE
  8
21
 66
1
 10
0.000000
 20
0.000000
 30
0.000000
 40
0.003000
 41
0.003000
 70
0
  0
VERTEX
  8
21
 10
0.098939
 20
2.373939
 30
0.000000
 42
1.000000
  0
VERTEX
  8
21
 10
0.101061
 20
2.376061
 30
0.000000
  0
SEQEND
  8
0
  0
POLYLINE
  8
21
 66
1
 10
0.000000
 20
0.000000
 30
0.000000
 40
0.003000
 41
0.003000
 70
0
  0
VERTEX
  8
21
 10
0.076061
 20
2.401061
 30
0.000000
 42
1.000000
  0
VERTEX
  8
21
 10
0.073939
 20
2.398939
 30
0.000000
  0
SEQEND
  8
0
  0
POLYLINE
  8
21
 66
1
 10
0.000000
 20
0.000000
 30
0.000000
 40
0.006000
 41
0.006000
 70
0
  0
VERTEX
  8
21
 10
0.150000
 20
2.375000
 30
0.000000
  0
VERTEX
  8
21
 10
0.175000
 20
2.400000
 30
0.000000
  0
SEQEND
  8
0
  0
POLYLINE
  8
21
 66
1
 10
0.000000
 20
0.000000
 30
0.000000
 40
0.003000
 41
0.003000
 70
0
  0
VERTEX
  8
21
 10
0.176061
 20
2.398939
 30
0.000000
 42
1.000000
  0
VERTEX
  8
21
 10
0.173939
 20
2.401061
 30
0.000000
  0
SEQEND
  8
0
  0
POLYLINE
  8
21
 66
1
 10
0.000000
 20
0.000000
 30
0.000000
 40
0.003000
 41
0.003000
 70
0
  0
VERTEX
  8
21
 10
0.148939
 20
2.376061
 30
0.000000
 42
1.000000
  0
VERTEX
  8
21
 10
0.151061
 20
2.373939
 30
0.000000
  0
SEQEND
  8
0
  0
POLYLINE
  8
21
 66
1
 10
0.000000
 20
0.000000
 30
0.000000
 40
0.006000
 41
0.006000
 70
0
  0
VERTEX
  8
21
 10
0.175000
 20
2.450000
 30
0.000000
  0
VERTEX
  8
21
 10
0.175000
 20
2.400000
 30
0.000000
  0
SEQEND
  8
0
  0
POLYLINE
  8
21
 66
1
 10
0.000000
 20
0.000000
 30
0.000000
 40
0.003000
 41
0.003000
 70
0
  0
VERTEX
  8
21
 10
0.173500
 20
2.400000
 30
0.000000
 42
1.000000
  0
VERTEX
  8
21
 10
0.176500
 20
2.400000
 30
0.000000
  0
SEQEND
  8
0
  0
POLYLINE
  8
21
 66
1
 10
0.000000
 20
0.000000
 30
0.000000
 40
0.003000
 41
0.003000
 70
0
  0
VERTEX
  8
21
 10
0.176500
 20
2.450000
 30
0.000000
 42
1.000000
  0
VERTEX
  8
21
 10
0.173500
 20
2.450000
 30
0.000000
  0
SEQEND
  8
0
  0
POLYLINE
  8
21
 66
1
 10
0.000000
 20
0.000000
 30
0.000000
 40
0.006000
 41
0.006000
 70
0
  0
VERTEX
  8
21
 10
0.100000
 20
2.575000
 30
0.000000
  0
VERTEX
  8
21
 10
0.075000
 20
2.600000
 30
0.000000
  0
SEQEND
  8
0
  0
POLYLINE
  8
21
 66
1
 10
0.000000
 20
0.000000
 30
0.000000
 40
0.003000
 41
0.003000
 70
0
  0
VERTEX
  8
21
 10
0.076061
 20
2.601061
 30
0.000000
 42
1.000000
  0
VERTEX
  8
21
 10
0.073939
 20
2.598939
 30
0.000000
  0
SEQEND
  8
0
  0
POLYLINE
  8
21
 66
1
 10
0.000000
 20
0.000000
 30
0.000000
 40
0.003000
 41
0.003000
 70
0
  0
VERTEX
  8
21
 10
0.098939
 20
2.573939
 30
0.000000
 42
1.000000
  0
VERTEX
  8
21
 10
0.101061
 20
2.576061
 30
0.000000
  0
SEQEND
  8
0
  0
POLYLINE
  8
21
 66
1
 10
0.000000
 20
0.000000
 30
0.000000
 40
0.006000
 41
0.006000
 70
0
  0
VERTEX
  8
21
 10
0.075000
 20
2.600000
 30
0.000000
  0
VERTEX
  8
21
 10
0.075000
 20
2.650000
 30
0.000000
  0
SEQEND
  8
0
  0
POLYLINE
  8
21
 66
1
 10
0.000000
 20
0.000000
 30
0.000000
 40
0.003000
 41
0.003000
 70
0
  0
VERTEX
  8
21
 10
0.076500
 20
2.650000
 30
0.000000
 42
1.000000
  0
VERTEX
  8
21
 10
0.073500
 20
2.650000
 30
0.000000
  0
SEQEND
  8
0
  0
POLYLINE
  8
21
 66
1
 10
0.000000
 20
0.000000
 30
0.000000
 40
0.003000
 41
0.003000
 70
0
  0
VERTEX
  8
21
 10
0.073500
 20
2.600000
 30
0.000000
 42
1.000000
  0
VERTEX
  8
21
 10
0.076500
 20
2.600000
 30
0.000000
  0
SEQEND
  8
0
  0
POLYLINE
  8
21
 66
1
 10
0.000000
 20
0.000000
 30
0.000000
 40
0.006000
 41
0.006000
 70
0
  0
VERTEX
  8
21
 10
0.075000
 20
2.650000
 30
0.000000
  0
VERTEX
  8
21
 10
0.100000
 20
2.675000
 30
0.000000
  0
SEQEND
  8
0
  0
POLYLINE
  8
21
 66
1
 10
0.000000
 20
0.000000
 30
0.000000
 40
0.003000
 41
0.003000
 70
0
  0
VERTEX
  8
21
 10
0.101061
 20
2.673939
 30
0.000000
 42
1.000000
  0
VERTEX
  8
21
 10
0.098939
 20
2.676061
 30
0.000000
  0
SEQEND
  8
0
  0
POLYLINE
  8
21
 66
1
 10
0.000000
 20
0.000000
 30
0.000000
 40
0.003000
 41
0.003000
 70
0
  0
VERTEX
  8
21
 10
0.073939
 20
2.651061
 30
0.000000
 42
1.000000
  0
VERTEX
  8
21
 10
0.076061
 20
2.648939
 30
0.000000
  0
SEQEND
  8
0
  0
POLYLINE
  8
21
 66
1
 10
0.000000
 20
0.000000
 30
0.000000
 40
0.006000
 41
0.006000
 70
0
  0
VERTEX
  8
21
 10
0.150000
 20
2.675000
 30
0.000000
  0
VERTEX
  8
21
 10
0.175000
 20
2.650000
 30
0.000000
  0
SEQEND
  8
0
  0
POLYLINE
  8
21
 66
1
 10
0.000000
 20
0.000000
 30
0.000000
 40
0.003000
 41
0.003000
 70
0
  0
VERTEX
  8
21
 10
0.173939
 20
2.648939
 30
0.000000
 42
1.000000
  0
VERTEX
  8
21
 10
0.176061
 20
2.651061
 30
0.000000
  0
SEQEND
  8
0
  0
POLYLINE
  8
21
 66
1
 10
0.000000
 20
0.000000
 30
0.000000
 40
0.003000
 41
0.003000
 70
0
  0
VERTEX
  8
21
 10
0.151061
 20
2.676061
 30
0.000000
 42
1.000000
  0
VERTEX
  8
21
 10
0.148939
 20
2.673939
 30
0.000000
  0
SEQEND
  8
0
  0
POLYLINE
  8
21
 66
1
 10
0.000000
 20
0.000000
 30
0.000000
 40
0.006000
 41
0.006000
 70
0
  0
VERTEX
  8
21
 10
0.175000
 20
2.650000
 30
0.000000
  0
VERTEX
  8
21
 10
0.175000
 20
2.600000
 30
0.000000
  0
SEQEND
  8
0
  0
POLYLINE
  8
21
 66
1
 10
0.000000
 20
0.000000
 30
0.000000
 40
0.003000
 41
0.003000
 70
0
  0
VERTEX
  8
21
 10
0.173500
 20
2.600000
 30
0.000000
 42
1.000000
  0
VERTEX
  8
21
 10
0.176500
 20
2.600000
 30
0.000000
  0
SEQEND
  8
0
  0
POLYLINE
  8
21
 66
1
 10
0.000000
 20
0.000000
 30
0.000000
 40
0.003000
 41
0.003000
 70
0
  0
VERTEX
  8
21
 10
0.176500
 20
2.650000
 30
0.000000
 42
1.000000
  0
VERTEX
  8
21
 10
0.173500
 20
2.650000
 30
0.000000
  0
SEQEND
  8
0
  0
POLYLINE
  8
21
 66
1
 10
0.000000
 20
0.000000
 30
0.000000
 40
0.006000
 41
0.006000
 70
0
  0
VERTEX
  8
21
 10
0.175000
 20
2.600000
 30
0.000000
  0
VERTEX
  8
21
 10
0.150000
 20
2.575000
 30
0.000000
  0
SEQEND
  8
0
  0
POLYLINE
  8
21
 66
1
 10
0.000000
 20
0.000000
 30
0.000000
 40
0.003000
 41
0.003000
 70
0
  0
VERTEX
  8
21
 10
0.148939
 20
2.576061
 30
0.000000
 42
1.000000
  0
VERTEX
  8
21
 10
0.151061
 20
2.573939
 30
0.000000
  0
SEQEND
  8
0
  0
POLYLINE
  8
21
 66
1
 10
0.000000
 20
0.000000
 30
0.000000
 40
0.003000
 41
0.003000
 70
0
  0
VERTEX
  8
21
 10
0.176061
 20
2.598939
 30
0.000000
 42
1.000000
  0
VERTEX
  8
21
 10
0.173939
 20
2.601061
 30
0.000000
  0
SEQEND
  8
0
  0
POLYLINE
  8
21
 66
1
 10
0.000000
 20
0.000000
 30
0.000000
 40
0.006000
 41
0.006000
 70
0
  0
VERTEX
  8
21
 10
0.075000
 20
2.700000
 30
0.000000
  0
VERTEX
  8
21
 10
0.075000
 20
2.750000
 30
0.000000
  0
SEQEND
  8
0
  0
POLYLINE
  8
21
 66
1
 10
0.000000
 20
0.000000
 30
0.000000
 40
0.003000
 41
0.003000
 70
0
  0
VERTEX
  8
21
 10
0.076500
 20
2.750000
 30
0.000000
 42
1.000000
  0
VERTEX
  8
21
 10
0.073500
 20
2.750000
 30
0.000000
  0
SEQEND
  8
0
  0
POLYLINE
  8
21
 66
1
 10
0.000000
 20
0.000000
 30
0.000000
 40
0.003000
 41
0.003000
 70
0
  0
VERTEX
  8
21
 10
0.073500
 20
2.700000
 30
0.000000
 42
1.000000
  0
VERTEX
  8
21
 10
0.076500
 20
2.700000
 30
0.000000
  0
SEQEND
  8
0
  0
POLYLINE
  8
21
 66
1
 10
0.000000
 20
0.000000
 30
0.000000
 40
0.006000
 41
0.006000
 70
0
  0
VERTEX
  8
21
 10
0.075000
 20
2.750000
 30
0.000000
  0
VERTEX
  8
21
 10
0.100000
 20
2.775000
 30
0.000000
  0
SEQEND
  8
0
  0
POLYLINE
  8
21
 66
1
 10
0.000000
 20
0.000000
 30
0.000000
 40
0.003000
 41
0.003000
 70
0
  0
VERTEX
  8
21
 10
0.101061
 20
2.773939
 30
0.000000
 42
1.000000
  0
VERTEX
  8
21
 10
0.098939
 20
2.776061
 30
0.000000
  0
SEQEND
  8
0
  0
POLYLINE
  8
21
 66
1
 10
0.000000
 20
0.000000
 30
0.000000
 40
0.003000
 41
0.003000
 70
0
  0
VERTEX
  8
21
 10
0.073939
 20
2.751061
 30
0.000000
 42
1.000000
  0
VERTEX
  8
21
 10
0.076061
 20
2.748939
 30
0.000000
  0
SEQEND
  8
0
  0
POLYLINE
  8
21
 66
1
 10
0.000000
 20
0.000000
 30
0.000000
 40
0.006000
 41
0.006000
 70
0
  0
VERTEX
  8
21
 10
0.100000
 20
2.775000
 30
0.000000
  0
VERTEX
  8
21
 10
0.150000
 20
2.775000
 30
0.000000
  0
SEQEND
  8
0
  0
POLYLINE
  8
21
 66
1
 10
0.000000
 20
0.000000
 30
0.000000
 40
0.003000
 41
0.003000
 70
0
  0
VERTEX
  8
21
 10
0.150000
 20
2.773500
 30
0.000000
 42
1.000000
  0
VERTEX
  8
21
 10
0.150000
 20
2.776500
 30
0.000000
  0
SEQEND
  8
0
  0
POLYLINE
  8
21
 66
1
 10
0.000000
 20
0.000000
 30
0.000000
 40
0.003000
 41
0.003000
 70
0
  0
VERTEX
  8
21
 10
0.100000
 20
2.776500
 30
0.000000
 42
1.000000
  0
VERTEX
  8
21
 10
0.100000
 20
2.773500
 30
0.000000
  0
SEQEND
  8
0
  0
POLYLINE
  8
21
 66
1
 10
0.000000
 20
0.000000
 30
0.000000
 40
0.006000
 41
0.006000
 70
0
  0
VERTEX
  8
21
 10
0.150000
 20
2.775000
 30
0.000000
  0
VERTEX
  8
21
 10
0.175000
 20
2.750000
 30
0.000000
  0
SEQEND
  8
0
  0
POLYLINE
  8
21
 66
1
 10
0.000000
 20
0.000000
 30
0.000000
 40
0.003000
 41
0.003000
 70
0
  0
VERTEX
  8
21
 10
0.173939
 20
2.748939
 30
0.000000
 42
1.000000
  0
VERTEX
  8
21
 10
0.176061
 20
2.751061
 30
0.000000
  0
SEQEND
  8
0
  0
POLYLINE
  8
21
 66
1
 10
0.000000
 20
0.000000
 30
0.000000
 40
0.003000
 41
0.003000
 70
0
  0
VERTEX
  8
21
 10
0.151061
 20
2.776061
 30
0.000000
 42
1.000000
  0
VERTEX
  8
21
 10
0.148939
 20
2.773939
 30
0.000000
  0
SEQEND
  8
0
  0
POLYLINE
  8
21
 66
1
 10
0.000000
 20
0.000000
 30
0.000000
 40
0.006000
 41
0.006000
 70
0
  0
VERTEX
  8
21
 10
0.075000
 20
2.700000
 30
0.000000
  0
VERTEX
  8
21
 10
0.100000
 20
2.675000
 30
0.000000
  0
SEQEND
  8
0
  0
POLYLINE
  8
21
 66
1
 10
0.000000
 20
0.000000
 30
0.000000
 40
0.003000
 41
0.003000
 70
0
  0
VERTEX
  8
21
 10
0.098939
 20
2.673939
 30
0.000000
 42
1.000000
  0
VERTEX
  8
21
 10
0.101061
 20
2.676061
 30
0.000000
  0
SEQEND
  8
0
  0
POLYLINE
  8
21
 66
1
 10
0.000000
 20
0.000000
 30
0.000000
 40
0.003000
 41
0.003000
 70
0
  0
VERTEX
  8
21
 10
0.076061
 20
2.701061
 30
0.000000
 42
1.000000
  0
VERTEX
  8
21
 10
0.073939
 20
2.698939
 30
0.000000
  0
SEQEND
  8
0
  0
POLYLINE
  8
21
 66
1
 10
0.000000
 20
0.000000
 30
0.000000
 40
0.006000
 41
0.006000
 70
0
  0
VERTEX
  8
21
 10
0.150000
 20
2.675000
 30
0.000000
  0
VERTEX
  8
21
 10
0.175000
 20
2.700000
 30
0.000000
  0
SEQEND
  8
0
  0
POLYLINE
  8
21
 66
1
 10
0.000000
 20
0.000000
 30
0.000000
 40
0.003000
 41
0.003000
 70
0
  0
VERTEX
  8
21
 10
0.176061
 20
2.698939
 30
0.000000
 42
1.000000
  0
VERTEX
  8
21
 10
0.173939
 20
2.701061
 30
0.000000
  0
SEQEND
  8
0
  0
POLYLINE
  8
21
 66
1
 10
0.000000
 20
0.000000
 30
0.000000
 40
0.003000
 41
0.003000
 70
0
  0
VERTEX
  8
21
 10
0.148939
 20
2.676061
 30
0.000000
 42
1.000000
  0
VERTEX
  8
21
 10
0.151061
 20
2.673939
 30
0.000000
  0
SEQEND
  8
0
  0
POLYLINE
  8
21
 66
1
 10
0.000000
 20
0.000000
 30
0.000000
 40
0.006000
 41
0.006000
 70
0
  0
VERTEX
  8
21
 10
0.175000
 20
2.750000
 30
0.000000
  0
VERTEX
  8
21
 10
0.175000
 20
2.700000
 30
0.000000
  0
SEQEND
  8
0
  0
POLYLINE
  8
21
 66
1
 10
0.000000
 20
0.000000
 30
0.000000
 40
0.003000
 41
0.003000
 70
0
  0
VERTEX
  8
21
 10
0.173500
 20
2.700000
 30
0.000000
 42
1.000000
  0
VERTEX
  8
21
 10
0.176500
 20
2.700000
 30
0.000000
  0
SEQEND
  8
0
  0
POLYLINE
  8
21
 66
1
 10
0.000000
 20
0.000000
 30
0.000000
 40
0.003000
 41
0.003000
 70
0
  0
VERTEX
  8
21
 10
0.176500
 20
2.750000
 30
0.000000
 42
1.000000
  0
VERTEX
  8
21
 10
0.173500
 20
2.750000
 30
0.000000
  0
SEQEND
  8
0
  0
POLYLINE
  8
21
 66
1
 10
0.000000
 20
0.000000
 30
0.000000
 40
0.005000
 41
0.005000
 70
0
  0
VERTEX
  8
21
 10
0.112500
 20
2.332500
 30
0.000000
  0
VERTEX
  8
21
 10
0.102500
 20
2.345000
 30
0.000000
  0
SEQEND
  8
0
  0
POLYLINE
  8
21
 66
1
 10
0.000000
 20
0.000000
 30
0.000000
 40
0.002500
 41
0.002500
 70
0
  0
VERTEX
  8
21
 10
0.103476
 20
2.345781
 30
0.000000
 42
1.000000
  0
VERTEX
  8
21
 10
0.101524
 20
2.344219
 30
0.000000
  0
SEQEND
  8
0
  0
POLYLINE
  8
21
 66
1
 10
0.000000
 20
0.000000
 30
0.000000
 40
0.002500
 41
0.002500
 70
0
  0
VERTEX
  8
21
 10
0.111524
 20
2.331719
 30
0.000000
 42
1.000000
  0
VERTEX
  8
21
 10
0.113476
 20
2.333281
 30
0.000000
  0
SEQEND
  8
0
  0
POLYLINE
  8
21
 66
1
 10
0.000000
 20
0.000000
 30
0.000000
 40
0.005000
 41
0.005000
 70
0
  0
VERTEX
  8
21
 10
0.102500
 20
2.345000
 30
0.000000
  0
VERTEX
  8
21
 10
0.147500
 20
2.345000
 30
0.000000
  0
SEQEND
  8
0
  0
POLYLINE
  8
21
 66
1
 10
0.000000
 20
0.000000
 30
0.000000
 40
0.002500
 41
0.002500
 70
0
  0
VERTEX
  8
21
 10
0.147500
 20
2.343750
 30
0.000000
 42
1.000000
  0
VERTEX
  8
21
 10
0.147500
 20
2.346250
 30
0.000000
  0
SEQEND
  8
0
  0
POLYLINE
  8
21
 66
1
 10
0.000000
 20
0.000000
 30
0.000000
 40
0.002500
 41
0.002500
 70
0
  0
VERTEX
  8
21
 10
0.102500
 20
2.346250
 30
0.000000
 42
1.000000
  0
VERTEX
  8
21
 10
0.102500
 20
2.343750
 30
0.000000
  0
SEQEND
  8
0
  0
POLYLINE
  8
21
 66
1
 10
0.000000
 20
0.000000
 30
0.000000
 40
0.005000
 41
0.005000
 70
0
  0
VERTEX
  8
21
 10
0.147500
 20
2.332500
 30
0.000000
  0
VERTEX
  8
21
 10
0.147500
 20
2.357500
 30
0.000000
  0
SEQEND
  8
0
  0
POLYLINE
  8
21
 66
1
 10
0.000000
 20
0.000000
 30
0.000000
 40
0.002500
 41
0.002500
 70
0
  0
VERTEX
  8
21
 10
0.148750
 20
2.357500
 30
0.000000
 42
1.000000
  0
VERTEX
  8
21
 10
0.146250
 20
2.357500
 30
0.000000
  0
SEQEND
  8
0
  0
POLYLINE
  8
21
 66
1
 10
0.000000
 20
0.000000
 30
0.000000
 40
0.002500
 41
0.002500
 70
0
  0
VERTEX
  8
21
 10
0.146250
 20
2.332500
 30
0.000000
 42
1.000000
  0
VERTEX
  8
21
 10
0.148750
 20
2.332500
 30
0.000000
  0
SEQEND
  8
0
  0
POLYLINE
  8
21
 66
1
 10
0.000000
 20
0.000000
 30
0.000000
 40
0.005000
 41
0.005000
 70
0
  0
VERTEX
  8
21
 10
0.102500
 20
2.797500
 30
0.000000
  0
VERTEX
  8
21
 10
0.137500
 20
2.787500
 30
0.000000
  0
SEQEND
  8
0
  0
POLYLINE
  8
21
 66
1
 10
0.000000
 20
0.000000
 30
0.000000
 40
0.002500
 41
0.002500
 70
0
  0
VERTEX
  8
21
 10
0.137157
 20
2.786298
 30
0.000000
 42
1.000000
  0
VERTEX
  8
21
 10
0.137843
 20
2.788702
 30
0.000000
  0
SEQEND
  8
0
  0
POLYLINE
  8
21
 66
1
 10
0.000000
 20
0.000000
 30
0.000000
 40
0.002500
 41
0.002500
 70
0
  0
VERTEX
  8
21
 10
0.102843
 20
2.798702
 30
0.000000
 42
1.000000
  0
VERTEX
  8
21
 10
0.102157
 20
2.796298
 30
0.000000
  0
SEQEND
  8
0
  0
POLYLINE
  8
21
 66
1
 10
0.000000
 20
0.000000
 30
0.000000
 40
0.005000
 41
0.005000
 70
0
  0
VERTEX
  8
21
 10
0.137500
 20
2.787500
 30
0.000000
  0
VERTEX
  8
21
 10
0.137500
 20
2.812500
 30
0.000000
  0
SEQEND
  8
0
  0
POLYLINE
  8
21
 66
1
 10
0.000000
 20
0.000000
 30
0.000000
 40
0.002500
 41
0.002500
 70
0
  0
VERTEX
  8
21
 10
0.138750
 20
2.812500
 30
0.000000
 42
1.000000
  0
VERTEX
  8
21
 10
0.136250
 20
2.812500
 30
0.000000
  0
SEQEND
  8
0
  0
POLYLINE
  8
21
 66
1
 10
0.000000
 20
0.000000
 30
0.000000
 40
0.002500
 41
0.002500
 70
0
  0
VERTEX
  8
21
 10
0.136250
 20
2.787500
 30
0.000000
 42
1.000000
  0
VERTEX
  8
21
 10
0.138750
 20
2.787500
 30
0.000000
  0
SEQEND
  8
0
  0
POLYLINE
  8
21
 66
1
 10
0.000000
 20
0.000000
 30
0.000000
 40
0.005000
 41
0.005000
 70
0
  0
VERTEX
  8
21
 10
0.127500
 20
2.805000
 30
0.000000
  0
VERTEX
  8
21
 10
0.147500
 20
2.805000
 30
0.000000
  0
SEQEND
  8
0
  0
POLYLINE
  8
21
 66
1
 10
0.000000
 20
0.000000
 30
0.000000
 40
0.002500
 41
0.002500
 70
0
  0
VERTEX
  8
21
 10
0.147500
 20
2.803750
 30
0.000000
 42
1.000000
  0
VERTEX
  8
21
 10
0.147500
 20
2.806250
 30
0.000000
  0
SEQEND
  8
0
  0
POLYLINE
  8
21
 66
1
 10
0.000000
 20
0.000000
 30
0.000000
 40
0.002500
 41
0.002500
 70
0
  0
VERTEX
  8
21
 10
0.127500
 20
2.806250
 30
0.000000
 42
1.000000
  0
VERTEX
  8
21
 10
0.127500
 20
2.803750
 30
0.000000
  0
SEQEND
  8
0
  0
INSERT
  8
51
  2
RECT
 10
0.125000
 20
2.525000
 30
0.000000
 41
0.020000
 42
0.020000
 43
1.000000
 50
90.000000
  0
INSERT
  8
51
  2
RECT
 10
0.125000
 20
2.425000
 30
0.000000
 41
0.020000
 42
0.020000
 43
1.000000
 50
90.000000
  0
INSERT
  8
51
  2
RECT
 10
0.125000
 20
2.625000
 30
0.000000
 41
0.020000
 42
0.020000
 43
1.000000
 50
90.000000
  0
INSERT
  8
51
  2
RECT
 10
0.125000
 20
2.725000
 30
0.000000
 41
0.020000
 42
0.020000
 43
1.000000
 50
90.000000
  0
INSERT
  8
17
  2
LONGP100
 10
0.125000
 20
2.425000
 30
0.000000
 41
0.060000
 42
0.060000
 43
1.000000
 50
180.000000
  0
INSERT
  8
17
  2
LONGP100
 10
0.125000
 20
2.425000
 30
0.000000
 41
0.060000
 42
0.060000
 43
1.000000
 50
180.000000
  0
INSERT
  8
17
  2
LONGP100
 10
0.125000
 20
2.525000
 30
0.000000
 41
0.060000
 42
0.060000
 43
1.000000
 50
180.000000
  0
INSERT
  8
17
  2
LONGP100
 10
0.125000
 20
2.525000
 30
0.000000
 41
0.060000
 42
0.060000
 43
1.000000
 50
180.000000
  0
INSERT
  8
17
  2
LONGP100
 10
0.125000
 20
2.625000
 30
0.000000
 41
0.060000
 42
0.060000
 43
1.000000
 50
180.000000
  0
INSERT
  8
17
  2
LONGP100
 10
0.125000
 20
2.625000
 30
0.000000
 41
0.060000
 42
0.060000
 43
1.000000
 50
180.000000
  0
INSERT
  8
17
  2
LONGP100
 10
0.125000
 20
2.725000
 30
0.000000
 41
0.060000
 42
0.060000
 43
1.000000
 50
180.000000
  0
INSERT
  8
17
  2
LONGP100
 10
0.125000
 20
2.725000
 30
0.000000
 41
0.060000
 42
0.060000
 43
1.000000
 50
180.000000
  0
POLYLINE
  8
25
 66
1
 10
0.000000
 20
0.000000
 30
0.000000
 40
0.005000
 41
0.005000
 70
0
  0
VERTEX
  8
25
 10
0.057500
 20
2.392500
 30
0.000000
 42
0.414214
  0
VERTEX
  8
25
 10
0.047500
 20
2.402500
 30
0.000000
  0
SEQEND
  8
0
  0
POLYLINE
  8
25
 66
1
 10
0.000000
 20
0.000000
 30
0.000000
 40
0.002500
 41
0.002500
 70
0
  0
VERTEX
  8
25
 10
0.056250
 20
2.392500
 30
0.000000
 42
1.000000
  0
VERTEX
  8
25
 10
0.058750
 20
2.392500
 30
0.000000
  0
SEQEND
  8
0
  0
POLYLINE
  8
25
 66
1
 10
0.000000
 20
0.000000
 30
0.000000
 40
0.002500
 41
0.002500
 70
0
  0
VERTEX
  8
25
 10
0.047500
 20
2.403750
 30
0.000000
 42
1.000000
  0
VERTEX
  8
25
 10
0.047500
 20
2.401250
 30
0.000000
  0
SEQEND
  8
0
  0
POLYLINE
  8
25
 66
1
 10
0.000000
 20
0.000000
 30
0.000000
 40
0.005000
 41
0.005000
 70
0
  0
VERTEX
  8
25
 10
0.051250
 20
2.377500
 30
0.000000
 42
0.200000
  0
VERTEX
  8
25
 10
0.057500
 20
2.392500
 30
0.000000
  0
SEQEND
  8
0
  0
POLYLINE
  8
25
 66
1
 10
0.000000
 20
0.000000
 30
0.000000
 40
0.002500
 41
0.002500
 70
0
  0
VERTEX
  8
25
 10
0.050370
 20
2.378388
 30
0.000000
 42
1.000000
  0
VERTEX
  8
25
 10
0.052130
 20
2.376612
 30
0.000000
  0
SEQEND
  8
0
  0
POLYLINE
  8
25
 66
1
 10
0.000000
 20
0.000000
 30
0.000000
 40
0.002500
 41
0.002500
 70
0
  0
VERTEX
  8
25
 10
0.058750
 20
2.392500
 30
0.000000
 42
1.000000
  0
VERTEX
  8
25
 10
0.056250
 20
2.392500
 30
0.000000
  0
SEQEND
  8
0
  0
POLYLINE
  8
25
 66
1
 10
0.000000
 20
0.000000
 30
0.000000
 40
0.005000
 41
0.005000
 70
0
  0
VERTEX
  8
25
 10
0.012500
 20
2.388750
 30
0.000000
 42
0.414214
  0
VERTEX
  8
25
 10
0.022500
 20
2.378750
 30
0.000000
  0
SEQEND
  8
0
  0
POLYLINE
  8
25
 66
1
 10
0.000000
 20
0.000000
 30
0.000000
 40
0.002500
 41
0.002500
 70
0
  0
VERTEX
  8
25
 10
0.013750
 20
2.388750
 30
0.000000
 42
1.000000
  0
VERTEX
  8
25
 10
0.011250
 20
2.388750
 30
0.000000
  0
SEQEND
  8
0
  0
POLYLINE
  8
25
 66
1
 10
0.000000
 20
0.000000
 30
0.000000
 40
0.002500
 41
0.002500
 70
0
  0
VERTEX
  8
25
 10
0.022500
 20
2.377500
 30
0.000000
 42
1.000000
  0
VERTEX
  8
25
 10
0.022500
 20
2.380000
 30
0.000000
  0
SEQEND
  8
0
  0
POLYLINE
  8
25
 66
1
 10
0.000000
 20
0.000000
 30
0.000000
 40
0.005000
 41
0.005000
 70
0
  0
VERTEX
  8
25
 10
0.016250
 20
2.400000
 30
0.000000
 42
0.162278
  0
VERTEX
  8
25
 10
0.012500
 20
2.388750
 30
0.000000
  0
SEQEND
  8
0
  0
POLYLINE
  8
25
 66
1
 10
0.000000
 20
0.000000
 30
0.000000
 40
0.002500
 41
0.002500
 70
0
  0
VERTEX
  8
25
 10
0.017250
 20
2.399250
 30
0.000000
 42
1.000000
  0
VERTEX
  8
25
 10
0.015250
 20
2.400750
 30
0.000000
  0
SEQEND
  8
0
  0
POLYLINE
  8
25
 66
1
 10
0.000000
 20
0.000000
 30
0.000000
 40
0.002500
 41
0.002500
 70
0
  0
VERTEX
  8
25
 10
0.011250
 20
2.388750
 30
0.000000
 42
1.000000
  0
VERTEX
  8
25
 10
0.013750
 20
2.388750
 30
0.000000
  0
SEQEND
  8
0
  0
POLYLINE
  8
25
 66
1
 10
0.000000
 20
0.000000
 30
0.000000
 40
0.005000
 41
0.005000
 70
0
  0
VERTEX
  8
25
 10
0.022500
 20
2.378750
 30
0.000000
 42
0.265564
  0
VERTEX
  8
25
 10
0.031250
 20
2.383750
 30
0.000000
  0
SEQEND
  8
0
  0
POLYLINE
  8
25
 66
1
 10
0.000000
 20
0.000000
 30
0.000000
 40
0.002500
 41
0.002500
 70
0
  0
VERTEX
  8
25
 10
0.022500
 20
2.380000
 30
0.000000
 42
1.000000
  0
VERTEX
  8
25
 10
0.022500
 20
2.377500
 30
0.000000
  0
SEQEND
  8
0
  0
POLYLINE
  8
25
 66
1
 10
0.000000
 20
0.000000
 30
0.000000
 40
0.002500
 41
0.002500
 70
0
  0
VERTEX
  8
25
 10
0.032327
 20
2.383115
 30
0.000000
 42
1.000000
  0
VERTEX
  8
25
 10
0.030173
 20
2.384385
 30
0.000000
  0
SEQEND
  8
0
  0
POLYLINE
  8
25
 66
1
 10
0.000000
 20
0.000000
 30
0.000000
 40
0.005000
 41
0.005000
 70
0
  0
VERTEX
  8
25
 10
0.047500
 20
2.402500
 30
0.000000
 42
0.265564
  0
VERTEX
  8
25
 10
0.038750
 20
2.397500
 30
0.000000
  0
SEQEND
  8
0
  0
POLYLINE
  8
25
 66
1
 10
0.000000
 20
0.000000
 30
0.000000
 40
0.002500
 41
0.002500
 70
0
  0
VERTEX
  8
25
 10
0.047500
 20
2.401250
 30
0.000000
 42
1.000000
  0
VERTEX
  8
25
 10
0.047500
 20
2.403750
 30
0.000000
  0
SEQEND
  8
0
  0
POLYLINE
  8
25
 66
1
 10
0.000000
 20
0.000000
 30
0.000000
 40
0.002500
 41
0.002500
 70
0
  0
VERTEX
  8
25
 10
0.037673
 20
2.398135
 30
0.000000
 42
1.000000
  0
VERTEX
  8
25
 10
0.039827
 20
2.396865
 30
0.000000
  0
SEQEND
  8
0
  0
POLYLINE
  8
25
 66
1
 10
0.000000
 20
0.000000
 30
0.000000
 40
0.005000
 41
0.005000
 70
0
  0
VERTEX
  8
25
 10
0.038750
 20
2.397500
 30
0.000000
  0
VERTEX
  8
25
 10
0.031250
 20
2.383750
 30
0.000000
  0
SEQEND
  8
0
  0
POLYLINE
  8
25
 66
1
 10
0.000000
 20
0.000000
 30
0.000000
 40
0.002500
 41
0.002500
 70
0
  0
VERTEX
  8
25
 10
0.030153
 20
2.384349
 30
0.000000
 42
1.000000
  0
VERTEX
  8
25
 10
0.032347
 20
2.383151
 30
0.000000
  0
SEQEND
  8
0
  0
POLYLINE
  8
25
 66
1
 10
0.000000
 20
0.000000
 30
0.000000
 40
0.002500
 41
0.002500
 70
0
  0
VERTEX
  8
25
 10
0.039847
 20
2.396901
 30
0.000000
 42
1.000000
  0
VERTEX
  8
25
 10
0.037653
 20
2.398099
 30
0.000000
  0
SEQEND
  8
0
  0
POLYLINE
  8
25
 66
1
 10
0.000000
 20
0.000000
 30
0.000000
 40
0.005000
 41
0.005000
 70
0
  0
VERTEX
  8
25
 10
0.012500
 20
2.418500
 30
0.000000
  0
VERTEX
  8
25
 10
0.057500
 20
2.433500
 30
0.000000
  0
SEQEND
  8
0
  0
POLYLINE
  8
25
 66
1
 10
0.000000
 20
0.000000
 30
0.000000
 40
0.002500
 41
0.002500
 70
0
  0
VERTEX
  8
25
 10
0.057895
 20
2.432314
 30
0.000000
 42
1.000000
  0
VERTEX
  8
25
 10
0.057105
 20
2.434686
 30
0.000000
  0
SEQEND
  8
0
  0
POLYLINE
  8
25
 66
1
 10
0.000000
 20
0.000000
 30
0.000000
 40
0.002500
 41
0.002500
 70
0
  0
VERTEX
  8
25
 10
0.012105
 20
2.419686
 30
0.000000
 42
1.000000
  0
VERTEX
  8
25
 10
0.012895
 20
2.417314
 30
0.000000
  0
SEQEND
  8
0
  0
POLYLINE
  8
25
 66
1
 10
0.000000
 20
0.000000
 30
0.000000
 40
0.005000
 41
0.005000
 70
0
  0
VERTEX
  8
25
 10
0.057500
 20
2.433500
 30
0.000000
  0
VERTEX
  8
25
 10
0.012500
 20
2.448500
 30
0.000000
  0
SEQEND
  8
0
  0
POLYLINE
  8
25
 66
1
 10
0.000000
 20
0.000000
 30
0.000000
 40
0.002500
 41
0.002500
 70
0
  0
VERTEX
  8
25
 10
0.012895
 20
2.449686
 30
0.000000
 42
1.000000
  0
VERTEX
  8
25
 10
0.012105
 20
2.447314
 30
0.000000
  0
SEQEND
  8
0
  0
POLYLINE
  8
25
 66
1
 10
0.000000
 20
0.000000
 30
0.000000
 40
0.002500
 41
0.002500
 70
0
  0
VERTEX
  8
25
 10
0.057105
 20
2.432314
 30
0.000000
 42
1.000000
  0
VERTEX
  8
25
 10
0.057895
 20
2.434686
 30
0.000000
  0
SEQEND
  8
0
  0
POLYLINE
  8
25
 66
1
 10
0.000000
 20
0.000000
 30
0.000000
 40
0.005000
 41
0.005000
 70
0
  0
VERTEX
  8
25
 10
0.022500
 20
2.466000
 30
0.000000
  0
VERTEX
  8
25
 10
0.012500
 20
2.478500
 30
0.000000
  0
SEQEND
  8
0
  0
POLYLINE
  8
25
 66
1
 10
0.000000
 20
0.000000
 30
0.000000
 40
0.002500
 41
0.002500
 70
0
  0
VERTEX
  8
25
 10
0.013476
 20
2.479281
 30
0.000000
 42
1.000000
  0
VERTEX
  8
25
 10
0.011524
 20
2.477719
 30
0.000000
  0
SEQEND
  8
0
  0
POLYLINE
  8
25
 66
1
 10
0.000000
 20
0.000000
 30
0.000000
 40
0.002500
 41
0.002500
 70
0
  0
VERTEX
  8
25
 10
0.021524
 20
2.465219
 30
0.000000
 42
1.000000
  0
VERTEX
  8
25
 10
0.023476
 20
2.466781
 30
0.000000
  0
SEQEND
  8
0
  0
POLYLINE
  8
25
 66
1
 10
0.000000
 20
0.000000
 30
0.000000
 40
0.005000
 41
0.005000
 70
0
  0
VERTEX
  8
25
 10
0.012500
 20
2.478500
 30
0.000000
  0
VERTEX
  8
25
 10
0.057500
 20
2.478500
 30
0.000000
  0
SEQEND
  8
0
  0
POLYLINE
  8
25
 66
1
 10
0.000000
 20
0.000000
 30
0.000000
 40
0.002500
 41
0.002500
 70
0
  0
VERTEX
  8
25
 10
0.057500
 20
2.477250
 30
0.000000
 42
1.000000
  0
VERTEX
  8
25
 10
0.057500
 20
2.479750
 30
0.000000
  0
SEQEND
  8
0
  0
POLYLINE
  8
25
 66
1
 10
0.000000
 20
0.000000
 30
0.000000
 40
0.002500
 41
0.002500
 70
0
  0
VERTEX
  8
25
 10
0.012500
 20
2.479750
 30
0.000000
 42
1.000000
  0
VERTEX
  8
25
 10
0.012500
 20
2.477250
 30
0.000000
  0
SEQEND
  8
0
  0
POLYLINE
  8
25
 66
1
 10
0.000000
 20
0.000000
 30
0.000000
 40
0.005000
 41
0.005000
 70
0
  0
VERTEX
  8
25
 10
0.057500
 20
2.466000
 30
0.000000
  0
VERTEX
  8
25
 10
0.057500
 20
2.491000
 30
0.000000
  0
SEQEND
  8
0
  0
POLYLINE
  8
25
 66
1
 10
0.000000
 20
0.000000
 30
0.000000
 40
0.002500
 41
0.002500
 70
0
  0
VERTEX
  8
25
 10
0.058750
 20
2.491000
 30
0.000000
 42
1.000000
  0
VERTEX
  8
25
 10
0.056250
 20
2.491000
 30
0.000000
  0
SEQEND
  8
0
  0
POLYLINE
  8
25
 66
1
 10
0.000000
 20
0.000000
 30
0.000000
 40
0.002500
 41
0.002500
 70
0
  0
VERTEX
  8
25
 10
0.056250
 20
2.466000
 30
0.000000
 42
1.000000
  0
VERTEX
  8
25
 10
0.058750
 20
2.466000
 30
0.000000
  0
SEQEND
  8
0
  0
POINT
  8
23
 10
1.487500
 20
0.137500
 30
0.000000
  0
POLYLINE
  8
21
 66
1
 10
0.000000
 20
0.000000
 30
0.000000
 40
0.006000
 41
0.006000
 70
0
  0
VERTEX
  8
21
 10
1.256500
 20
0.103500
 30
0.000000
  0
VERTEX
  8
21
 10
1.462500
 20
0.103500
 30
0.000000
  0
SEQEND
  8
0
  0
POLYLINE
  8
21
 66
1
 10
0.000000
 20
0.000000
 30
0.000000
 40
0.003000
 41
0.003000
 70
0
  0
VERTEX
  8
21
 10
1.462500
 20
0.102000
 30
0.000000
 42
1.000000
  0
VERTEX
  8
21
 10
1.462500
 20
0.105000
 30
0.000000
  0
SEQEND
  8
0
  0
POLYLINE
  8
21
 66
1
 10
0.000000
 20
0.000000
 30
0.000000
 40
0.003000
 41
0.003000
 70
0
  0
VERTEX
  8
21
 10
1.256500
 20
0.105000
 30
0.000000
 42
1.000000
  0
VERTEX
  8
21
 10
1.256500
 20
0.102000
 30
0.000000
  0
SEQEND
  8
0
  0
POLYLINE
  8
21
 66
1
 10
0.000000
 20
0.000000
 30
0.000000
 40
0.006000
 41
0.006000
 70
0
  0
VERTEX
  8
21
 10
1.482500
 20
0.179500
 30
0.000000
  0
VERTEX
  8
21
 10
1.482500
 20
0.272500
 30
0.000000
  0
SEQEND
  8
0
  0
POLYLINE
  8
21
 66
1
 10
0.000000
 20
0.000000
 30
0.000000
 40
0.003000
 41
0.003000
 70
0
  0
VERTEX
  8
21
 10
1.484000
 20
0.272500
 30
0.000000
 42
1.000000
  0
VERTEX
  8
21
 10
1.481000
 20
0.272500
 30
0.000000
  0
SEQEND
  8
0
  0
POLYLINE
  8
21
 66
1
 10
0.000000
 20
0.000000
 30
0.000000
 40
0.003000
 41
0.003000
 70
0
  0
VERTEX
  8
21
 10
1.481000
 20
0.179500
 30
0.000000
 42
1.000000
  0
VERTEX
  8
21
 10
1.484000
 20
0.179500
 30
0.000000
  0
SEQEND
  8
0
  0
POLYLINE
  8
21
 66
1
 10
0.000000
 20
0.000000
 30
0.000000
 40
0.006000
 41
0.006000
 70
0
  0
VERTEX
  8
21
 10
1.462500
 20
0.349500
 30
0.000000
  0
VERTEX
  8
21
 10
1.273500
 20
0.349500
 30
0.000000
  0
SEQEND
  8
0
  0
POLYLINE
  8
21
 66
1
 10
0.000000
 20
0.000000
 30
0.000000
 40
0.003000
 41
0.003000
 70
0
  0
VERTEX
  8
21
 10
1.273500
 20
0.351000
 30
0.000000
 42
1.000000
  0
VERTEX
  8
21
 10
1.273500
 20
0.348000
 30
0.000000
  0
SEQEND
  8
0
  0
POLYLINE
  8
21
 66
1
 10
0.000000
 20
0.000000
 30
0.000000
 40
0.003000
 41
0.003000
 70
0
  0
VERTEX
  8
21
 10
1.462500
 20
0.348000
 30
0.000000
 42
1.000000
  0
VERTEX
  8
21
 10
1.462500
 20
0.351000
 30
0.000000
  0
SEQEND
  8
0
  0
POLYLINE
  8
21
 66
1
 10
0.000000
 20
0.000000
 30
0.000000
 40
0.006000
 41
0.006000
 70
0
  0
VERTEX
  8
21
 10
1.236500
 20
0.272500
 30
0.000000
  0
VERTEX
  8
21
 10
1.236500
 20
0.179500
 30
0.000000
  0
SEQEND
  8
0
  0
POLYLINE
  8
21
 66
1
 10
0.000000
 20
0.000000
 30
0.000000
 40
0.003000
 41
0.003000
 70
0
  0
VERTEX
  8
21
 10
1.235000
 20
0.179500
 30
0.000000
 42
1.000000
  0
VERTEX
  8
21
 10
1.238000
 20
0.179500
 30
0.000000
  0
SEQEND
  8
0
  0
POLYLINE
  8
21
 66
1
 10
0.000000
 20
0.000000
 30
0.000000
 40
0.003000
 41
0.003000
 70
0
  0
VERTEX
  8
21
 10
1.238000
 20
0.272500
 30
0.000000
 42
1.000000
  0
VERTEX
  8
21
 10
1.235000
 20
0.272500
 30
0.000000
  0
SEQEND
  8
0
  0
POLYLINE
  8
51
 66
1
 10
0.000000
 20
0.000000
 30
0.000000
 40
0.006000
 41
0.006000
 70
0
  0
VERTEX
  8
51
 10
1.241500
 20
0.295500
 30
0.000000
  0
VERTEX
  8
51
 10
1.241500
 20
0.334500
 30
0.000000
  0
SEQEND
  8
0
  0
POLYLINE
  8
51
 66
1
 10
0.000000
 20
0.000000
 30
0.000000
 40
0.003000
 41
0.003000
 70
0
  0
VERTEX
  8
51
 10
1.243000
 20
0.334500
 30
0.000000
 42
1.000000
  0
VERTEX
  8
51
 10
1.240000
 20
0.334500
 30
0.000000
  0
SEQEND
  8
0
  0
POLYLINE
  8
51
 66
1
 10
0.000000
 20
0.000000
 30
0.000000
 40
0.003000
 41
0.003000
 70
0
  0
VERTEX
  8
51
 10
1.240000
 20
0.295500
 30
0.000000
 42
1.000000
  0
VERTEX
  8
51
 10
1.243000
 20
0.295500
 30
0.000000
  0
SEQEND
  8
0
  0
POLYLINE
  8
51
 66
1
 10
0.000000
 20
0.000000
 30
0.000000
 40
0.006000
 41
0.006000
 70
0
  0
VERTEX
  8
51
 10
1.241500
 20
0.334500
 30
0.000000
  0
VERTEX
  8
51
 10
1.212500
 20
0.334500
 30
0.000000
  0
SEQEND
  8
0
  0
POLYLINE
  8
51
 66
1
 10
0.000000
 20
0.000000
 30
0.000000
 40
0.003000
 41
0.003000
 70
0
  0
VERTEX
  8
51
 10
1.212500
 20
0.336000
 30
0.000000
 42
1.000000
  0
VERTEX
  8
51
 10
1.212500
 20
0.333000
 30
0.000000
  0
SEQEND
  8
0
  0
POLYLINE
  8
51
 66
1
 10
0.000000
 20
0.000000
 30
0.000000
 40
0.003000
 41
0.003000
 70
0
  0
VERTEX
  8
51
 10
1.241500
 20
0.333000
 30
0.000000
 42
1.000000
  0
VERTEX
  8
51
 10
1.241500
 20
0.336000
 30
0.000000
  0
SEQEND
  8
0
  0
POLYLINE
  8
51
 66
1
 10
0.000000
 20
0.000000
 30
0.000000
 40
0.006000
 41
0.006000
 70
0
  0
VERTEX
  8
51
 10
1.212500
 20
0.334500
 30
0.000000
  0
VERTEX
  8
51
 10
1.212500
 20
0.295500
 30
0.000000
  0
SEQEND
  8
0
  0
POLYLINE
  8
51
 66
1
 10
0.000000
 20
0.000000
 30
0.000000
 40
0.003000
 41
0.003000
 70
0
  0
VERTEX
  8
51
 10
1.211000
 20
0.295500
 30
0.000000
 42
1.000000
  0
VERTEX
  8
51
 10
1.214000
 20
0.295500
 30
0.000000
  0
SEQEND
  8
0
  0
POLYLINE
  8
51
 66
1
 10
0.000000
 20
0.000000
 30
0.000000
 40
0.003000
 41
0.003000
 70
0
  0
VERTEX
  8
51
 10
1.214000
 20
0.334500
 30
0.000000
 42
1.000000
  0
VERTEX
  8
51
 10
1.211000
 20
0.334500
 30
0.000000
  0
SEQEND
  8
0
  0
POLYLINE
  8
51
 66
1
 10
0.000000
 20
0.000000
 30
0.000000
 40
0.006000
 41
0.006000
 70
0
  0
VERTEX
  8
51
 10
1.212500
 20
0.295500
 30
0.000000
  0
VERTEX
  8
51
 10
1.241500
 20
0.295500
 30
0.000000
  0
SEQEND
  8
0
  0
POLYLINE
  8
51
 66
1
 10
0.000000
 20
0.000000
 30
0.000000
 40
0.003000
 41
0.003000
 70
0
  0
VERTEX
  8
51
 10
1.241500
 20
0.294000
 30
0.000000
 42
1.000000
  0
VERTEX
  8
51
 10
1.241500
 20
0.297000
 30
0.000000
  0
SEQEND
  8
0
  0
POLYLINE
  8
51
 66
1
 10
0.000000
 20
0.000000
 30
0.000000
 40
0.003000
 41
0.003000
 70
0
  0
VERTEX
  8
51
 10
1.212500
 20
0.297000
 30
0.000000
 42
1.000000
  0
VERTEX
  8
51
 10
1.212500
 20
0.294000
 30
0.000000
  0
SEQEND
  8
0
  0
POLYLINE
  8
51
 66
1
 10
0.000000
 20
0.000000
 30
0.000000
 40
0.006000
 41
0.006000
 70
0
  0
VERTEX
  8
51
 10
1.241500
 20
0.117500
 30
0.000000
  0
VERTEX
  8
51
 10
1.241500
 20
0.157500
 30
0.000000
  0
SEQEND
  8
0
  0
POLYLINE
  8
51
 66
1
 10
0.000000
 20
0.000000
 30
0.000000
 40
0.003000
 41
0.003000
 70
0
  0
VERTEX
  8
51
 10
1.243000
 20
0.157500
 30
0.000000
 42
1.000000
  0
VERTEX
  8
51
 10
1.240000
 20
0.157500
 30
0.000000
  0
SEQEND
  8
0
  0
POLYLINE
  8
51
 66
1
 10
0.000000
 20
0.000000
 30
0.000000
 40
0.003000
 41
0.003000
 70
0
  0
VERTEX
  8
51
 10
1.240000
 20
0.117500
 30
0.000000
 42
1.000000
  0
VERTEX
  8
51
 10
1.243000
 20
0.117500
 30
0.000000
  0
SEQEND
  8
0
  0
POLYLINE
  8
51
 66
1
 10
0.000000
 20
0.000000
 30
0.000000
 40
0.006000
 41
0.006000
 70
0
  0
VERTEX
  8
51
 10
1.241500
 20
0.157500
 30
0.000000
  0
VERTEX
  8
51
 10
1.212500
 20
0.156500
 30
0.000000
  0
SEQEND
  8
0
  0
POLYLINE
  8
51
 66
1
 10
0.000000
 20
0.000000
 30
0.000000
 40
0.003000
 41
0.003000
 70
0
  0
VERTEX
  8
51
 10
1.212448
 20
0.157999
 30
0.000000
 42
1.000000
  0
VERTEX
  8
51
 10
1.212552
 20
0.155001
 30
0.000000
  0
SEQEND
  8
0
  0
POLYLINE
  8
51
 66
1
 10
0.000000
 20
0.000000
 30
0.000000
 40
0.003000
 41
0.003000
 70
0
  0
VERTEX
  8
51
 10
1.241552
 20
0.156001
 30
0.000000
 42
1.000000
  0
VERTEX
  8
51
 10
1.241448
 20
0.158999
 30
0.000000
  0
SEQEND
  8
0
  0
POLYLINE
  8
51
 66
1
 10
0.000000
 20
0.000000
 30
0.000000
 40
0.006000
 41
0.006000
 70
0
  0
VERTEX
  8
51
 10
1.212500
 20
0.156500
 30
0.000000
  0
VERTEX
  8
51
 10
1.212500
 20
0.117500
 30
0.000000
  0
SEQEND
  8
0
  0
POLYLINE
  8
51
 66
1
 10
0.000000
 20
0.000000
 30
0.000000
 40
0.003000
 41
0.003000
 70
0
  0
VERTEX
  8
51
 10
1.211000
 20
0.117500
 30
0.000000
 42
1.000000
  0
VERTEX
  8
51
 10
1.214000
 20
0.117500
 30
0.000000
  0
SEQEND
  8
0
  0
POLYLINE
  8
51
 66
1
 10
0.000000
 20
0.000000
 30
0.000000
 40
0.003000
 41
0.003000
 70
0
  0
VERTEX
  8
51
 10
1.214000
 20
0.156500
 30
0.000000
 42
1.000000
  0
VERTEX
  8
51
 10
1.211000
 20
0.156500
 30
0.000000
  0
SEQEND
  8
0
  0
POLYLINE
  8
51
 66
1
 10
0.000000
 20
0.000000
 30
0.000000
 40
0.006000
 41
0.006000
 70
0
  0
VERTEX
  8
51
 10
1.212500
 20
0.117500
 30
0.000000
  0
VERTEX
  8
51
 10
1.241500
 20
0.117500
 30
0.000000
  0
SEQEND
  8
0
  0
POLYLINE
  8
51
 66
1
 10
0.000000
 20
0.000000
 30
0.000000
 40
0.003000
 41
0.003000
 70
0
  0
VERTEX
  8
51
 10
1.241500
 20
0.116000
 30
0.000000
 42
1.000000
  0
VERTEX
  8
51
 10
1.241500
 20
0.119000
 30
0.000000
  0
SEQEND
  8
0
  0
POLYLINE
  8
51
 66
1
 10
0.000000
 20
0.000000
 30
0.000000
 40
0.003000
 41
0.003000
 70
0
  0
VERTEX
  8
51
 10
1.212500
 20
0.119000
 30
0.000000
 42
1.000000
  0
VERTEX
  8
51
 10
1.212500
 20
0.116000
 30
0.000000
  0
SEQEND
  8
0
  0
POLYLINE
  8
51
 66
1
 10
0.000000
 20
0.000000
 30
0.000000
 40
0.006000
 41
0.006000
 70
0
  0
VERTEX
  8
51
 10
1.477500
 20
0.157500
 30
0.000000
  0
VERTEX
  8
51
 10
1.477500
 20
0.117500
 30
0.000000
  0
SEQEND
  8
0
  0
POLYLINE
  8
51
 66
1
 10
0.000000
 20
0.000000
 30
0.000000
 40
0.003000
 41
0.003000
 70
0
  0
VERTEX
  8
51
 10
1.476000
 20
0.117500
 30
0.000000
 42
1.000000
  0
VERTEX
  8
51
 10
1.479000
 20
0.117500
 30
0.000000
  0
SEQEND
  8
0
  0
POLYLINE
  8
51
 66
1
 10
0.000000
 20
0.000000
 30
0.000000
 40
0.003000
 41
0.003000
 70
0
  0
VERTEX
  8
51
 10
1.479000
 20
0.157500
 30
0.000000
 42
1.000000
  0
VERTEX
  8
51
 10
1.476000
 20
0.157500
 30
0.000000
  0
SEQEND
  8
0
  0
POLYLINE
  8
51
 66
1
 10
0.000000
 20
0.000000
 30
0.000000
 40
0.006000
 41
0.006000
 70
0
  0
VERTEX
  8
51
 10
1.477500
 20
0.117500
 30
0.000000
  0
VERTEX
  8
51
 10
1.506500
 20
0.117500
 30
0.000000
  0
SEQEND
  8
0
  0
POLYLINE
  8
51
 66
1
 10
0.000000
 20
0.000000
 30
0.000000
 40
0.003000
 41
0.003000
 70
0
  0
VERTEX
  8
51
 10
1.506500
 20
0.116000
 30
0.000000
 42
1.000000
  0
VERTEX
  8
51
 10
1.506500
 20
0.119000
 30
0.000000
  0
SEQEND
  8
0
  0
POLYLINE
  8
51
 66
1
 10
0.000000
 20
0.000000
 30
0.000000
 40
0.003000
 41
0.003000
 70
0
  0
VERTEX
  8
51
 10
1.477500
 20
0.119000
 30
0.000000
 42
1.000000
  0
VERTEX
  8
51
 10
1.477500
 20
0.116000
 30
0.000000
  0
SEQEND
  8
0
  0
POLYLINE
  8
51
 66
1
 10
0.000000
 20
0.000000
 30
0.000000
 40
0.006000
 41
0.006000
 70
0
  0
VERTEX
  8
51
 10
1.506500
 20
0.117500
 30
0.000000
  0
VERTEX
  8
51
 10
1.506500
 20
0.157500
 30
0.000000
  0
SEQEND
  8
0
  0
POLYLINE
  8
51
 66
1
 10
0.000000
 20
0.000000
 30
0.000000
 40
0.003000
 41
0.003000
 70
0
  0
VERTEX
  8
51
 10
1.508000
 20
0.157500
 30
0.000000
 42
1.000000
  0
VERTEX
  8
51
 10
1.505000
 20
0.157500
 30
0.000000
  0
SEQEND
  8
0
  0
POLYLINE
  8
51
 66
1
 10
0.000000
 20
0.000000
 30
0.000000
 40
0.003000
 41
0.003000
 70
0
  0
VERTEX
  8
51
 10
1.505000
 20
0.117500
 30
0.000000
 42
1.000000
  0
VERTEX
  8
51
 10
1.508000
 20
0.117500
 30
0.000000
  0
SEQEND
  8
0
  0
POLYLINE
  8
51
 66
1
 10
0.000000
 20
0.000000
 30
0.000000
 40
0.006000
 41
0.006000
 70
0
  0
VERTEX
  8
51
 10
1.506500
 20
0.157500
 30
0.000000
  0
VERTEX
  8
51
 10
1.477500
 20
0.157500
 30
0.000000
  0
SEQEND
  8
0
  0
POLYLINE
  8
51
 66
1
 10
0.000000
 20
0.000000
 30
0.000000
 40
0.003000
 41
0.003000
 70
0
  0
VERTEX
  8
51
 10
1.477500
 20
0.159000
 30
0.000000
 42
1.000000
  0
VERTEX
  8
51
 10
1.477500
 20
0.156000
 30
0.000000
  0
SEQEND
  8
0
  0
POLYLINE
  8
51
 66
1
 10
0.000000
 20
0.000000
 30
0.000000
 40
0.003000
 41
0.003000
 70
0
  0
VERTEX
  8
51
 10
1.506500
 20
0.156000
 30
0.000000
 42
1.000000
  0
VERTEX
  8
51
 10
1.506500
 20
0.159000
 30
0.000000
  0
SEQEND
  8
0
  0
POLYLINE
  8
51
 66
1
 10
0.000000
 20
0.000000
 30
0.000000
 40
0.006000
 41
0.006000
 70
0
  0
VERTEX
  8
51
 10
1.477500
 20
0.334500
 30
0.000000
  0
VERTEX
  8
51
 10
1.477500
 20
0.295500
 30
0.000000
  0
SEQEND
  8
0
  0
POLYLINE
  8
51
 66
1
 10
0.000000
 20
0.000000
 30
0.000000
 40
0.003000
 41
0.003000
 70
0
  0
VERTEX
  8
51
 10
1.476000
 20
0.295500
 30
0.000000
 42
1.000000
  0
VERTEX
  8
51
 10
1.479000
 20
0.295500
 30
0.000000
  0
SEQEND
  8
0
  0
POLYLINE
  8
51
 66
1
 10
0.000000
 20
0.000000
 30
0.000000
 40
0.003000
 41
0.003000
 70
0
  0
VERTEX
  8
51
 10
1.479000
 20
0.334500
 30
0.000000
 42
1.000000
  0
VERTEX
  8
51
 10
1.476000
 20
0.334500
 30
0.000000
  0
SEQEND
  8
0
  0
POLYLINE
  8
51
 66
1
 10
0.000000
 20
0.000000
 30
0.000000
 40
0.006000
 41
0.006000
 70
0
  0
VERTEX
  8
51
 10
1.477500
 20
0.295500
 30
0.000000
  0
VERTEX
  8
51
 10
1.506500
 20
0.295500
 30
0.000000
  0
SEQEND
  8
0
  0
POLYLINE
  8
51
 66
1
 10
0.000000
 20
0.000000
 30
0.000000
 40
0.003000
 41
0.003000
 70
0
  0
VERTEX
  8
51
 10
1.506500
 20
0.294000
 30
0.000000
 42
1.000000
  0
VERTEX
  8
51
 10
1.506500
 20
0.297000
 30
0.000000
  0
SEQEND
  8
0
  0
POLYLINE
  8
51
 66
1
 10
0.000000
 20
0.000000
 30
0.000000
 40
0.003000
 41
0.003000
 70
0
  0
VERTEX
  8
51
 10
1.477500
 20
0.297000
 30
0.000000
 42
1.000000
  0
VERTEX
  8
51
 10
1.477500
 20
0.294000
 30
0.000000
  0
SEQEND
  8
0
  0
POLYLINE
  8
51
 66
1
 10
0.000000
 20
0.000000
 30
0.000000
 40
0.006000
 41
0.006000
 70
0
  0
VERTEX
  8
51
 10
1.506500
 20
0.295500
 30
0.000000
  0
VERTEX
  8
51
 10
1.506500
 20
0.334500
 30
0.000000
  0
SEQEND
  8
0
  0
POLYLINE
  8
51
 66
1
 10
0.000000
 20
0.000000
 30
0.000000
 40
0.003000
 41
0.003000
 70
0
  0
VERTEX
  8
51
 10
1.508000
 20
0.334500
 30
0.000000
 42
1.000000
  0
VERTEX
  8
51
 10
1.505000
 20
0.334500
 30
0.000000
  0
SEQEND
  8
0
  0
POLYLINE
  8
51
 66
1
 10
0.000000
 20
0.000000
 30
0.000000
 40
0.003000
 41
0.003000
 70
0
  0
VERTEX
  8
51
 10
1.505000
 20
0.295500
 30
0.000000
 42
1.000000
  0
VERTEX
  8
51
 10
1.508000
 20
0.295500
 30
0.000000
  0
SEQEND
  8
0
  0
POLYLINE
  8
51
 66
1
 10
0.000000
 20
0.000000
 30
0.000000
 40
0.006000
 41
0.006000
 70
0
  0
VERTEX
  8
51
 10
1.506500
 20
0.334500
 30
0.000000
  0
VERTEX
  8
51
 10
1.477500
 20
0.334500
 30
0.000000
  0
SEQEND
  8
0
  0
POLYLINE
  8
51
 66
1
 10
0.000000
 20
0.000000
 30
0.000000
 40
0.003000
 41
0.003000
 70
0
  0
VERTEX
  8
51
 10
1.477500
 20
0.336000
 30
0.000000
 42
1.000000
  0
VERTEX
  8
51
 10
1.477500
 20
0.333000
 30
0.000000
  0
SEQEND
  8
0
  0
POLYLINE
  8
51
 66
1
 10
0.000000
 20
0.000000
 30
0.000000
 40
0.003000
 41
0.003000
 70
0
  0
VERTEX
  8
51
 10
1.506500
 20
0.333000
 30
0.000000
 42
1.000000
  0
VERTEX
  8
51
 10
1.506500
 20
0.336000
 30
0.000000
  0
SEQEND
  8
0
  0
POLYLINE
  8
51
 66
1
 10
0.000000
 20
0.000000
 30
0.000000
 40
0.006000
 41
0.006000
 70
0
  0
VERTEX
  8
51
 10
1.241500
 20
0.108500
 30
0.000000
  0
VERTEX
  8
51
 10
1.477500
 20
0.108500
 30
0.000000
  0
SEQEND
  8
0
  0
POLYLINE
  8
51
 66
1
 10
0.000000
 20
0.000000
 30
0.000000
 40
0.003000
 41
0.003000
 70
0
  0
VERTEX
  8
51
 10
1.477500
 20
0.107000
 30
0.000000
 42
1.000000
  0
VERTEX
  8
51
 10
1.477500
 20
0.110000
 30
0.000000
  0
SEQEND
  8
0
  0
POLYLINE
  8
51
 66
1
 10
0.000000
 20
0.000000
 30
0.000000
 40
0.003000
 41
0.003000
 70
0
  0
VERTEX
  8
51
 10
1.241500
 20
0.110000
 30
0.000000
 42
1.000000
  0
VERTEX
  8
51
 10
1.241500
 20
0.107000
 30
0.000000
  0
SEQEND
  8
0
  0
POLYLINE
  8
51
 66
1
 10
0.000000
 20
0.000000
 30
0.000000
 40
0.006000
 41
0.006000
 70
0
  0
VERTEX
  8
51
 10
1.477500
 20
0.108500
 30
0.000000
  0
VERTEX
  8
51
 10
1.477500
 20
0.344500
 30
0.000000
  0
SEQEND
  8
0
  0
POLYLINE
  8
51
 66
1
 10
0.000000
 20
0.000000
 30
0.000000
 40
0.003000
 41
0.003000
 70
0
  0
VERTEX
  8
51
 10
1.479000
 20
0.344500
 30
0.000000
 42
1.000000
  0
VERTEX
  8
51
 10
1.476000
 20
0.344500
 30
0.000000
  0
SEQEND
  8
0
  0
POLYLINE
  8
51
 66
1
 10
0.000000
 20
0.000000
 30
0.000000
 40
0.003000
 41
0.003000
 70
0
  0
VERTEX
  8
51
 10
1.476000
 20
0.108500
 30
0.000000
 42
1.000000
  0
VERTEX
  8
51
 10
1.479000
 20
0.108500
 30
0.000000
  0
SEQEND
  8
0
  0
POLYLINE
  8
51
 66
1
 10
0.000000
 20
0.000000
 30
0.000000
 40
0.006000
 41
0.006000
 70
0
  0
VERTEX
  8
51
 10
1.477500
 20
0.344500
 30
0.000000
  0
VERTEX
  8
51
 10
1.371500
 20
0.344500
 30
0.000000
  0
SEQEND
  8
0
  0
POLYLINE
  8
51
 66
1
 10
0.000000
 20
0.000000
 30
0.000000
 40
0.003000
 41
0.003000
 70
0
  0
VERTEX
  8
51
 10
1.371500
 20
0.346000
 30
0.000000
 42
1.000000
  0
VERTEX
  8
51
 10
1.371500
 20
0.343000
 30
0.000000
  0
SEQEND
  8
0
  0
POLYLINE
  8
51
 66
1
 10
0.000000
 20
0.000000
 30
0.000000
 40
0.003000
 41
0.003000
 70
0
  0
VERTEX
  8
51
 10
1.477500
 20
0.343000
 30
0.000000
 42
1.000000
  0
VERTEX
  8
51
 10
1.477500
 20
0.346000
 30
0.000000
  0
SEQEND
  8
0
  0
POLYLINE
  8
51
 66
1
 10
0.000000
 20
0.000000
 30
0.000000
 40
0.006000
 41
0.006000
 70
0
  0
VERTEX
  8
51
 10
1.371500
 20
0.344500
 30
0.000000
  0
VERTEX
  8
51
 10
1.347500
 20
0.344500
 30
0.000000
  0
SEQEND
  8
0
  0
POLYLINE
  8
51
 66
1
 10
0.000000
 20
0.000000
 30
0.000000
 40
0.003000
 41
0.003000
 70
0
  0
VERTEX
  8
51
 10
1.347500
 20
0.346000
 30
0.000000
 42
1.000000
  0
VERTEX
  8
51
 10
1.347500
 20
0.343000
 30
0.000000
  0
SEQEND
  8
0
  0
POLYLINE
  8
51
 66
1
 10
0.000000
 20
0.000000
 30
0.000000
 40
0.003000
 41
0.003000
 70
0
  0
VERTEX
  8
51
 10
1.371500
 20
0.343000
 30
0.000000
 42
1.000000
  0
VERTEX
  8
51
 10
1.371500
 20
0.346000
 30
0.000000
  0
SEQEND
  8
0
  0
POLYLINE
  8
51
 66
1
 10
0.000000
 20
0.000000
 30
0.000000
 40
0.006000
 41
0.006000
 70
0
  0
VERTEX
  8
51
 10
1.347500
 20
0.344500
 30
0.000000
  0
VERTEX
  8
51
 10
1.241500
 20
0.344500
 30
0.000000
  0
SEQEND
  8
0
  0
POLYLINE
  8
51
 66
1
 10
0.000000
 20
0.000000
 30
0.000000
 40
0.003000
 41
0.003000
 70
0
  0
VERTEX
  8
51
 10
1.241500
 20
0.346000
 30
0.000000
 42
1.000000
  0
VERTEX
  8
51
 10
1.241500
 20
0.343000
 30
0.000000
  0
SEQEND
  8
0
  0
POLYLINE
  8
51
 66
1
 10
0.000000
 20
0.000000
 30
0.000000
 40
0.003000
 41
0.003000
 70
0
  0
VERTEX
  8
51
 10
1.347500
 20
0.343000
 30
0.000000
 42
1.000000
  0
VERTEX
  8
51
 10
1.347500
 20
0.346000
 30
0.000000
  0
SEQEND
  8
0
  0
POLYLINE
  8
51
 66
1
 10
0.000000
 20
0.000000
 30
0.000000
 40
0.006000
 41
0.006000
 70
0
  0
VERTEX
  8
51
 10
1.241500
 20
0.344500
 30
0.000000
  0
VERTEX
  8
51
 10
1.241500
 20
0.108500
 30
0.000000
  0
SEQEND
  8
0
  0
POLYLINE
  8
51
 66
1
 10
0.000000
 20
0.000000
 30
0.000000
 40
0.003000
 41
0.003000
 70
0
  0
VERTEX
  8
51
 10
1.240000
 20
0.108500
 30
0.000000
 42
1.000000
  0
VERTEX
  8
51
 10
1.243000
 20
0.108500
 30
0.000000
  0
SEQEND
  8
0
  0
POLYLINE
  8
51
 66
1
 10
0.000000
 20
0.000000
 30
0.000000
 40
0.003000
 41
0.003000
 70
0
  0
VERTEX
  8
51
 10
1.243000
 20
0.344500
 30
0.000000
 42
1.000000
  0
VERTEX
  8
51
 10
1.240000
 20
0.344500
 30
0.000000
  0
SEQEND
  8
0
  0
POLYLINE
  8
51
 66
1
 10
0.000000
 20
0.000000
 30
0.000000
 40
0.006000
 41
0.006000
 70
0
  0
VERTEX
  8
51
 10
1.347500
 20
0.344500
 30
0.000000
 42
1.000000
  0
VERTEX
  8
51
 10
1.371500
 20
0.344500
 30
0.000000
  0
SEQEND
  8
0
  0
POLYLINE
  8
51
 66
1
 10
0.000000
 20
0.000000
 30
0.000000
 40
0.003000
 41
0.003000
 70
0
  0
VERTEX
  8
51
 10
1.349000
 20
0.344500
 30
0.000000
 42
1.000000
  0
VERTEX
  8
51
 10
1.346000
 20
0.344500
 30
0.000000
  0
SEQEND
  8
0
  0
POLYLINE
  8
51
 66
1
 10
0.000000
 20
0.000000
 30
0.000000
 40
0.003000
 41
0.003000
 70
0
  0
VERTEX
  8
51
 10
1.373000
 20
0.344500
 30
0.000000
 42
1.000000
  0
VERTEX
  8
51
 10
1.370000
 20
0.344500
 30
0.000000
  0
SEQEND
  8
0
  0
POLYLINE
  8
21
 66
1
 10
0.000000
 20
0.000000
 30
0.000000
 40
0.003000
 41
0.003000
 70
0
  0
VERTEX
  8
21
 10
1.224361
 20
0.384944
 30
0.000000
  0
VERTEX
  8
21
 10
1.224361
 20
0.369278
 30
0.000000
  0
SEQEND
  8
0
  0
POLYLINE
  8
21
 66
1
 10
0.000000
 20
0.000000
 30
0.000000
 40
0.001500
 41
0.001500
 70
0
  0
VERTEX
  8
21
 10
1.223611
 20
0.369278
 30
0.000000
 42
1.000000
  0
VERTEX
  8
21
 10
1.225111
 20
0.369278
 30
0.000000
  0
SEQEND
  8
0
  0
POLYLINE
  8
21
 66
1
 10
0.000000
 20
0.000000
 30
0.000000
 40
0.001500
 41
0.001500
 70
0
  0
VERTEX
  8
21
 10
1.225111
 20
0.384944
 30
0.000000
 42
1.000000
  0
VERTEX
  8
21
 10
1.223611
 20
0.384944
 30
0.000000
  0
SEQEND
  8
0
  0
POLYLINE
  8
21
 66
1
 10
0.000000
 20
0.000000
 30
0.000000
 40
0.003000
 41
0.003000
 70
0
  0
VERTEX
  8
21
 10
1.224361
 20
0.369278
 30
0.000000
  0
VERTEX
  8
21
 10
1.233500
 20
0.357528
 30
0.000000
  0
SEQEND
  8
0
  0
POLYLINE
  8
21
 66
1
 10
0.000000
 20
0.000000
 30
0.000000
 40
0.001500
 41
0.001500
 70
0
  0
VERTEX
  8
21
 10
1.232908
 20
0.357067
 30
0.000000
 42
1.000000
  0
VERTEX
  8
21
 10
1.234092
 20
0.357988
 30
0.000000
  0
SEQEND
  8
0
  0
POLYLINE
  8
21
 66
1
 10
0.000000
 20
0.000000
 30
0.000000
 40
0.001500
 41
0.001500
 70
0
  0
VERTEX
  8
21
 10
1.224953
 20
0.369738
 30
0.000000
 42
1.000000
  0
VERTEX
  8
21
 10
1.223769
 20
0.368817
 30
0.000000
  0
SEQEND
  8
0
  0
POLYLINE
  8
21
 66
1
 10
0.000000
 20
0.000000
 30
0.000000
 40
0.003000
 41
0.003000
 70
0
  0
VERTEX
  8
21
 10
1.215222
 20
0.357528
 30
0.000000
  0
VERTEX
  8
21
 10
1.224361
 20
0.369278
 30
0.000000
  0
SEQEND
  8
0
  0
POLYLINE
  8
21
 66
1
 10
0.000000
 20
0.000000
 30
0.000000
 40
0.001500
 41
0.001500
 70
0
  0
VERTEX
  8
21
 10
1.224953
 20
0.368817
 30
0.000000
 42
1.000000
  0
VERTEX
  8
21
 10
1.223769
 20
0.369738
 30
0.000000
  0
SEQEND
  8
0
  0
POLYLINE
  8
21
 66
1
 10
0.000000
 20
0.000000
 30
0.000000
 40
0.001500
 41
0.001500
 70
0
  0
VERTEX
  8
21
 10
1.214630
 20
0.357988
 30
0.000000
 42
1.000000
  0
VERTEX
  8
21
 10
1.215814
 20
0.357067
 30
0.000000
  0
SEQEND
  8
0
  0
POLYLINE
  8
21
 66
1
 10
0.000000
 20
0.000000
 30
0.000000
 40
0.003000
 41
0.003000
 70
0
  0
VERTEX
  8
21
 10
1.224361
 20
0.369278
 30
0.000000
  0
VERTEX
  8
21
 10
1.238722
 20
0.374500
 30
0.000000
  0
SEQEND
  8
0
  0
POLYLINE
  8
21
 66
1
 10
0.000000
 20
0.000000
 30
0.000000
 40
0.001500
 41
0.001500
 70
0
  0
VERTEX
  8
21
 10
1.238979
 20
0.373795
 30
0.000000
 42
1.000000
  0
VERTEX
  8
21
 10
1.238466
 20
0.375205
 30
0.000000
  0
SEQEND
  8
0
  0
POLYLINE
  8
21
 66
1
 10
0.000000
 20
0.000000
 30
0.000000
 40
0.001500
 41
0.001500
 70
0
  0
VERTEX
  8
21
 10
1.224105
 20
0.369983
 30
0.000000
 42
1.000000
  0
VERTEX
  8
21
 10
1.224617
 20
0.368573
 30
0.000000
  0
SEQEND
  8
0
  0
POLYLINE
  8
21
 66
1
 10
0.000000
 20
0.000000
 30
0.000000
 40
0.003000
 41
0.003000
 70
0
  0
VERTEX
  8
21
 10
1.224361
 20
0.369278
 30
0.000000
  0
VERTEX
  8
21
 10
1.210000
 20
0.374500
 30
0.000000
  0
SEQEND
  8
0
  0
POLYLINE
  8
21
 66
1
 10
0.000000
 20
0.000000
 30
0.000000
 40
0.001500
 41
0.001500
 70
0
  0
VERTEX
  8
21
 10
1.210256
 20
0.375205
 30
0.000000
 42
1.000000
  0
VERTEX
  8
21
 10
1.209744
 20
0.373795
 30
0.000000
  0
SEQEND
  8
0
  0
POLYLINE
  8
21
 66
1
 10
0.000000
 20
0.000000
 30
0.000000
 40
0.001500
 41
0.001500
 70
0
  0
VERTEX
  8
21
 10
1.224105
 20
0.368573
 30
0.000000
 42
1.000000
  0
VERTEX
  8
21
 10
1.224617
 20
0.369983
 30
0.000000
  0
SEQEND
  8
0
  0
POLYLINE
  8
51
 66
1
 10
0.000000
 20
0.000000
 30
0.000000
 40
0.003000
 41
0.003000
 70
0
  0
VERTEX
  8
51
 10
1.270361
 20
0.327944
 30
0.000000
  0
VERTEX
  8
51
 10
1.270361
 20
0.312278
 30
0.000000
  0
SEQEND
  8
0
  0
POLYLINE
  8
51
 66
1
 10
0.000000
 20
0.000000
 30
0.000000
 40
0.001500
 41
0.001500
 70
0
  0
VERTEX
  8
51
 10
1.269611
 20
0.312278
 30
0.000000
 42
1.000000
  0
VERTEX
  8
51
 10
1.271111
 20
0.312278
 30
0.000000
  0
SEQEND
  8
0
  0
POLYLINE
  8
51
 66
1
 10
0.000000
 20
0.000000
 30
0.000000
 40
0.001500
 41
0.001500
 70
0
  0
VERTEX
  8
51
 10
1.271111
 20
0.327944
 30
0.000000
 42
1.000000
  0
VERTEX
  8
51
 10
1.269611
 20
0.327944
 30
0.000000
  0
SEQEND
  8
0
  0
POLYLINE
  8
51
 66
1
 10
0.000000
 20
0.000000
 30
0.000000
 40
0.003000
 41
0.003000
 70
0
  0
VERTEX
  8
51
 10
1.270361
 20
0.312278
 30
0.000000
  0
VERTEX
  8
51
 10
1.279500
 20
0.300528
 30
0.000000
  0
SEQEND
  8
0
  0
POLYLINE
  8
51
 66
1
 10
0.000000
 20
0.000000
 30
0.000000
 40
0.001500
 41
0.001500
 70
0
  0
VERTEX
  8
51
 10
1.278908
 20
0.300067
 30
0.000000
 42
1.000000
  0
VERTEX
  8
51
 10
1.280092
 20
0.300988
 30
0.000000
  0
SEQEND
  8
0
  0
POLYLINE
  8
51
 66
1
 10
0.000000
 20
0.000000
 30
0.000000
 40
0.001500
 41
0.001500
 70
0
  0
VERTEX
  8
51
 10
1.270953
 20
0.312738
 30
0.000000
 42
1.000000
  0
VERTEX
  8
51
 10
1.269769
 20
0.311817
 30
0.000000
  0
SEQEND
  8
0
  0
POLYLINE
  8
51
 66
1
 10
0.000000
 20
0.000000
 30
0.000000
 40
0.003000
 41
0.003000
 70
0
  0
VERTEX
  8
51
 10
1.261222
 20
0.300528
 30
0.000000
  0
VERTEX
  8
51
 10
1.270361
 20
0.312278
 30
0.000000
  0
SEQEND
  8
0
  0
POLYLINE
  8
51
 66
1
 10
0.000000
 20
0.000000
 30
0.000000
 40
0.001500
 41
0.001500
 70
0
  0
VERTEX
  8
51
 10
1.270953
 20
0.311817
 30
0.000000
 42
1.000000
  0
VERTEX
  8
51
 10
1.269769
 20
0.312738
 30
0.000000
  0
SEQEND
  8
0
  0
POLYLINE
  8
51
 66
1
 10
0.000000
 20
0.000000
 30
0.000000
 40
0.001500
 41
0.001500
 70
0
  0
VERTEX
  8
51
 10
1.260630
 20
0.300988
 30
0.000000
 42
1.000000
  0
VERTEX
  8
51
 10
1.261814
 20
0.300067
 30
0.000000
  0
SEQEND
  8
0
  0
POLYLINE
  8
51
 66
1
 10
0.000000
 20
0.000000
 30
0.000000
 40
0.003000
 41
0.003000
 70
0
  0
VERTEX
  8
51
 10
1.270361
 20
0.312278
 30
0.000000
  0
VERTEX
  8
51
 10
1.284722
 20
0.317500
 30
0.000000
  0
SEQEND
  8
0
  0
POLYLINE
  8
51
 66
1
 10
0.000000
 20
0.000000
 30
0.000000
 40
0.001500
 41
0.001500
 70
0
  0
VERTEX
  8
51
 10
1.284979
 20
0.316795
 30
0.000000
 42
1.000000
  0
VERTEX
  8
51
 10
1.284466
 20
0.318205
 30
0.000000
  0
SEQEND
  8
0
  0
POLYLINE
  8
51
 66
1
 10
0.000000
 20
0.000000
 30
0.000000
 40
0.001500
 41
0.001500
 70
0
  0
VERTEX
  8
51
 10
1.270105
 20
0.312983
 30
0.000000
 42
1.000000
  0
VERTEX
  8
51
 10
1.270617
 20
0.311573
 30
0.000000
  0
SEQEND
  8
0
  0
POLYLINE
  8
51
 66
1
 10
0.000000
 20
0.000000
 30
0.000000
 40
0.003000
 41
0.003000
 70
0
  0
VERTEX
  8
51
 10
1.270361
 20
0.312278
 30
0.000000
  0
VERTEX
  8
51
 10
1.256000
 20
0.317500
 30
0.000000
  0
SEQEND
  8
0
  0
POLYLINE
  8
51
 66
1
 10
0.000000
 20
0.000000
 30
0.000000
 40
0.001500
 41
0.001500
 70
0
  0
VERTEX
  8
51
 10
1.256256
 20
0.318205
 30
0.000000
 42
1.000000
  0
VERTEX
  8
51
 10
1.255744
 20
0.316795
 30
0.000000
  0
SEQEND
  8
0
  0
POLYLINE
  8
51
 66
1
 10
0.000000
 20
0.000000
 30
0.000000
 40
0.001500
 41
0.001500
 70
0
  0
VERTEX
  8
51
 10
1.270105
 20
0.311573
 30
0.000000
 42
1.000000
  0
VERTEX
  8
51
 10
1.270617
 20
0.312983
 30
0.000000
  0
SEQEND
  8
0
  0
INSERT
  8
17
  2
SQUAREP
 10
1.231500
 20
0.314500
 30
0.000000
 41
0.059000
 42
0.059000
 43
1.000000
 50
0.000000
  0
INSERT
  8
17
  2
SQUAREP
 10
1.231500
 20
0.314500
 30
0.000000
 41
0.059000
 42
0.059000
 43
1.000000
 50
0.000000
  0
INSERT
  8
17
  2
ROUNDP
 10
1.487500
 20
0.314500
 30
0.000000
 41
0.059000
 42
0.059000
 43
1.000000
 50
0.000000
  0
INSERT
  8
17
  2
ROUNDP
 10
1.487500
 20
0.314500
 30
0.000000
 41
0.059000
 42
0.059000
 43
1.000000
 50
0.000000
  0
INSERT
  8
17
  2
ROUNDP
 10
1.231500
 20
0.137500
 30
0.000000
 41
0.059000
 42
0.059000
 43
1.000000
 50
0.000000
  0
INSERT
  8
17
  2
ROUNDP
 10
1.231500
 20
0.137500
 30
0.000000
 41
0.059000
 42
0.059000
 43
1.000000
 50
0.000000
  0
INSERT
  8
17
  2
ROUNDP
 10
1.487500
 20
0.137500
 30
0.000000
 41
0.059000
 42
0.059000
 43
1.000000
 50
0.000000
  0
INSERT
  8
17
  2
ROUNDP
 10
1.487500
 20
0.137500
 30
0.000000
 41
0.059000
 42
0.059000
 43
1.000000
 50
0.000000
  0
POLYLINE
  8
25
 66
1
 10
0.000000
 20
0.000000
 30
0.000000
 40
0.003000
 41
0.003000
 70
0
  0
VERTEX
  8
25
 10
1.347667
 20
0.203000
 30
0.000000
 42
0.414214
  0
VERTEX
  8
25
 10
1.358111
 20
0.213444
 30
0.000000
  0
SEQEND
  8
0
  0
POLYLINE
  8
25
 66
1
 10
0.000000
 20
0.000000
 30
0.000000
 40
0.001500
 41
0.001500
 70
0
  0
VERTEX
  8
25
 10
1.347667
 20
0.203750
 30
0.000000
 42
1.000000
  0
VERTEX
  8
25
 10
1.347667
 20
0.202250
 30
0.000000
  0
SEQEND
  8
0
  0
POLYLINE
  8
25
 66
1
 10
0.000000
 20
0.000000
 30
0.000000
 40
0.001500
 41
0.001500
 70
0
  0
VERTEX
  8
25
 10
1.358861
 20
0.213444
 30
0.000000
 42
1.000000
  0
VERTEX
  8
25
 10
1.357361
 20
0.213444
 30
0.000000
  0
SEQEND
  8
0
  0
POLYLINE
  8
25
 66
1
 10
0.000000
 20
0.000000
 30
0.000000
 40
0.003000
 41
0.003000
 70
0
  0
VERTEX
  8
25
 10
1.332000
 20
0.209528
 30
0.000000
 42
0.199999
  0
VERTEX
  8
25
 10
1.347667
 20
0.203000
 30
0.000000
  0
SEQEND
  8
0
  0
POLYLINE
  8
25
 66
1
 10
0.000000
 20
0.000000
 30
0.000000
 40
0.001500
 41
0.001500
 70
0
  0
VERTEX
  8
25
 10
1.332533
 20
0.210056
 30
0.000000
 42
1.000000
  0
VERTEX
  8
25
 10
1.331467
 20
0.209000
 30
0.000000
  0
SEQEND
  8
0
  0
POLYLINE
  8
25
 66
1
 10
0.000000
 20
0.000000
 30
0.000000
 40
0.001500
 41
0.001500
 70
0
  0
VERTEX
  8
25
 10
1.347667
 20
0.202250
 30
0.000000
 42
1.000000
  0
VERTEX
  8
25
 10
1.347667
 20
0.203750
 30
0.000000
  0
SEQEND
  8
0
  0
POLYLINE
  8
25
 66
1
 10
0.000000
 20
0.000000
 30
0.000000
 40
0.003000
 41
0.003000
 70
0
  0
VERTEX
  8
25
 10
1.343750
 20
0.250000
 30
0.000000
 42
0.414217
  0
VERTEX
  8
25
 10
1.333305
 20
0.239555
 30
0.000000
  0
SEQEND
  8
0
  0
POLYLINE
  8
25
 66
1
 10
0.000000
 20
0.000000
 30
0.000000
 40
0.001500
 41
0.001500
 70
0
  0
VERTEX
  8
25
 10
1.343750
 20
0.249250
 30
0.000000
 42
1.000000
  0
VERTEX
  8
25
 10
1.343750
 20
0.250750
 30
0.000000
  0
SEQEND
  8
0
  0
POLYLINE
  8
25
 66
1
 10
0.000000
 20
0.000000
 30
0.000000
 40
0.001500
 41
0.001500
 70
0
  0
VERTEX
  8
25
 10
1.332555
 20
0.239555
 30
0.000000
 42
1.000000
  0
VERTEX
  8
25
 10
1.334055
 20
0.239555
 30
0.000000
  0
SEQEND
  8
0
  0
POLYLINE
  8
25
 66
1
 10
0.000000
 20
0.000000
 30
0.000000
 40
0.003000
 41
0.003000
 70
0
  0
VERTEX
  8
25
 10
1.355500
 20
0.246083
 30
0.000000
 42
0.162273
  0
VERTEX
  8
25
 10
1.343750
 20
0.250000
 30
0.000000
  0
SEQEND
  8
0
  0
POLYLINE
  8
25
 66
1
 10
0.000000
 20
0.000000
 30
0.000000
 40
0.001500
 41
0.001500
 70
0
  0
VERTEX
  8
25
 10
1.355050
 20
0.245483
 30
0.000000
 42
1.000000
  0
VERTEX
  8
25
 10
1.355950
 20
0.246683
 30
0.000000
  0
SEQEND
  8
0
  0
POLYLINE
  8
25
 66
1
 10
0.000000
 20
0.000000
 30
0.000000
 40
0.001500
 41
0.001500
 70
0
  0
VERTEX
  8
25
 10
1.343750
 20
0.250750
 30
0.000000
 42
1.000000
  0
VERTEX
  8
25
 10
1.343750
 20
0.249250
 30
0.000000
  0
SEQEND
  8
0
  0
POLYLINE
  8
25
 66
1
 10
0.000000
 20
0.000000
 30
0.000000
 40
0.003000
 41
0.003000
 70
0
  0
VERTEX
  8
25
 10
1.333305
 20
0.239555
 30
0.000000
 42
0.265561
  0
VERTEX
  8
25
 10
1.338528
 20
0.230417
 30
0.000000
  0
SEQEND
  8
0
  0
POLYLINE
  8
25
 66
1
 10
0.000000
 20
0.000000
 30
0.000000
 40
0.001500
 41
0.001500
 70
0
  0
VERTEX
  8
25
 10
1.334055
 20
0.239555
 30
0.000000
 42
1.000000
  0
VERTEX
  8
25
 10
1.332555
 20
0.239555
 30
0.000000
  0
SEQEND
  8
0
  0
POLYLINE
  8
25
 66
1
 10
0.000000
 20
0.000000
 30
0.000000
 40
0.001500
 41
0.001500
 70
0
  0
VERTEX
  8
25
 10
1.338147
 20
0.229770
 30
0.000000
 42
1.000000
  0
VERTEX
  8
25
 10
1.338908
 20
0.231063
 30
0.000000
  0
SEQEND
  8
0
  0
POLYLINE
  8
25
 66
1
 10
0.000000
 20
0.000000
 30
0.000000
 40
0.003000
 41
0.003000
 70
0
  0
VERTEX
  8
25
 10
1.358111
 20
0.213444
 30
0.000000
 42
0.265569
  0
VERTEX
  8
25
 10
1.352889
 20
0.222583
 30
0.000000
  0
SEQEND
  8
0
  0
POLYLINE
  8
25
 66
1
 10
0.000000
 20
0.000000
 30
0.000000
 40
0.001500
 41
0.001500
 70
0
  0
VERTEX
  8
25
 10
1.357361
 20
0.213444
 30
0.000000
 42
1.000000
  0
VERTEX
  8
25
 10
1.358861
 20
0.213444
 30
0.000000
  0
SEQEND
  8
0
  0
POLYLINE
  8
25
 66
1
 10
0.000000
 20
0.000000
 30
0.000000
 40
0.001500
 41
0.001500
 70
0
  0
VERTEX
  8
25
 10
1.353270
 20
0.223229
 30
0.000000
 42
1.000000
  0
VERTEX
  8
25
 10
1.352508
 20
0.221937
 30
0.000000
  0
SEQEND
  8
0
  0
POLYLINE
  8
25
 66
1
 10
0.000000
 20
0.000000
 30
0.000000
 40
0.003000
 41
0.003000
 70
0
  0
VERTEX
  8
25
 10
1.352889
 20
0.222583
 30
0.000000
  0
VERTEX
  8
25
 10
1.338528
 20
0.230417
 30
0.000000
  0
SEQEND
  8
0
  0
POLYLINE
  8
25
 66
1
 10
0.000000
 20
0.000000
 30
0.000000
 40
0.001500
 41
0.001500
 70
0
  0
VERTEX
  8
25
 10
1.338887
 20
0.231075
 30
0.000000
 42
1.000000
  0
VERTEX
  8
25
 10
1.338169
 20
0.229758
 30
0.000000
  0
SEQEND
  8
0
  0
POLYLINE
  8
25
 66
1
 10
0.000000
 20
0.000000
 30
0.000000
 40
0.001500
 41
0.001500
 70
0
  0
VERTEX
  8
25
 10
1.352530
 20
0.221925
 30
0.000000
 42
1.000000
  0
VERTEX
  8
25
 10
1.353248
 20
0.223242
 30
0.000000
  0
SEQEND
  8
0
  0
POLYLINE
  8
25
 66
1
 10
0.000000
 20
0.000000
 30
0.000000
 40
0.003000
 41
0.003000
 70
0
  0
VERTEX
  8
25
 10
1.373667
 20
0.250000
 30
0.000000
  0
VERTEX
  8
25
 10
1.384111
 20
0.203000
 30
0.000000
  0
SEQEND
  8
0
  0
POLYLINE
  8
25
 66
1
 10
0.000000
 20
0.000000
 30
0.000000
 40
0.001500
 41
0.001500
 70
0
  0
VERTEX
  8
25
 10
1.383379
 20
0.202837
 30
0.000000
 42
1.000000
  0
VERTEX
  8
25
 10
1.384843
 20
0.203163
 30
0.000000
  0
SEQEND
  8
0
  0
POLYLINE
  8
25
 66
1
 10
0.000000
 20
0.000000
 30
0.000000
 40
0.001500
 41
0.001500
 70
0
  0
VERTEX
  8
25
 10
1.374399
 20
0.250163
 30
0.000000
 42
1.000000
  0
VERTEX
  8
25
 10
1.372934
 20
0.249837
 30
0.000000
  0
SEQEND
  8
0
  0
POLYLINE
  8
25
 66
1
 10
0.000000
 20
0.000000
 30
0.000000
 40
0.003000
 41
0.003000
 70
0
  0
VERTEX
  8
25
 10
1.384111
 20
0.203000
 30
0.000000
  0
VERTEX
  8
25
 10
1.394555
 20
0.234333
 30
0.000000
  0
SEQEND
  8
0
  0
POLYLINE
  8
25
 66
1
 10
0.000000
 20
0.000000
 30
0.000000
 40
0.001500
 41
0.001500
 70
0
  0
VERTEX
  8
25
 10
1.395267
 20
0.234096
 30
0.000000
 42
1.000000
  0
VERTEX
  8
25
 10
1.393844
 20
0.234570
 30
0.000000
  0
SEQEND
  8
0
  0
POLYLINE
  8
25
 66
1
 10
0.000000
 20
0.000000
 30
0.000000
 40
0.001500
 41
0.001500
 70
0
  0
VERTEX
  8
25
 10
1.383399
 20
0.203237
 30
0.000000
 42
1.000000
  0
VERTEX
  8
25
 10
1.384822
 20
0.202763
 30
0.000000
  0
SEQEND
  8
0
  0
POLYLINE
  8
25
 66
1
 10
0.000000
 20
0.000000
 30
0.000000
 40
0.003000
 41
0.003000
 70
0
  0
VERTEX
  8
25
 10
1.394555
 20
0.234333
 30
0.000000
  0
VERTEX
  8
25
 10
1.405000
 20
0.203000
 30
0.000000
  0
SEQEND
  8
0
  0
POLYLINE
  8
25
 66
1
 10
0.000000
 20
0.000000
 30
0.000000
 40
0.001500
 41
0.001500
 70
0
  0
VERTEX
  8
25
 10
1.404288
 20
0.202763
 30
0.000000
 42
1.000000
  0
VERTEX
  8
25
 10
1.405711
 20
0.203237
 30
0.000000
  0
SEQEND
  8
0
  0
POLYLINE
  8
25
 66
1
 10
0.000000
 20
0.000000
 30
0.000000
 40
0.001500
 41
0.001500
 70
0
  0
VERTEX
  8
25
 10
1.395267
 20
0.234570
 30
0.000000
 42
1.000000
  0
VERTEX
  8
25
 10
1.393844
 20
0.234096
 30
0.000000
  0
SEQEND
  8
0
  0
POLYLINE
  8
25
 66
1
 10
0.000000
 20
0.000000
 30
0.000000
 40
0.003000
 41
0.003000
 70
0
  0
VERTEX
  8
25
 10
1.405000
 20
0.203000
 30
0.000000
  0
VERTEX
  8
25
 10
1.415444
 20
0.250000
 30
0.000000
  0
SEQEND
  8
0
  0
POLYLINE
  8
25
 66
1
 10
0.000000
 20
0.000000
 30
0.000000
 40
0.001500
 41
0.001500
 70
0
  0
VERTEX
  8
25
 10
1.416176
 20
0.249837
 30
0.000000
 42
1.000000
  0
VERTEX
  8
25
 10
1.414712
 20
0.250163
 30
0.000000
  0
SEQEND
  8
0
  0
POLYLINE
  8
25
 66
1
 10
0.000000
 20
0.000000
 30
0.000000
 40
0.001500
 41
0.001500
 70
0
  0
VERTEX
  8
25
 10
1.404268
 20
0.203163
 30
0.000000
 42
1.000000
  0
VERTEX
  8
25
 10
1.405732
 20
0.202837
 30
0.000000
  0
SEQEND
  8
0
  0
POLYLINE
  8
25
 66
1
 10
0.000000
 20
0.000000
 30
0.000000
 40
0.003000
 41
0.003000
 70
0
  0
VERTEX
  8
25
 10
1.432500
 20
0.239555
 30
0.000000
  0
VERTEX
  8
25
 10
1.445555
 20
0.250000
 30
0.000000
  0
SEQEND
  8
0
  0
POLYLINE
  8
25
 66
1
 10
0.000000
 20
0.000000
 30
0.000000
 40
0.001500
 41
0.001500
 70
0
  0
VERTEX
  8
25
 10
1.446024
 20
0.249414
 30
0.000000
 42
1.000000
  0
VERTEX
  8
25
 10
1.445087
 20
0.250586
 30
0.000000
  0
SEQEND
  8
0
  0
POLYLINE
  8
25
 66
1
 10
0.000000
 20
0.000000
 30
0.000000
 40
0.001500
 41
0.001500
 70
0
  0
VERTEX
  8
25
 10
1.432031
 20
0.240141
 30
0.000000
 42
1.000000
  0
VERTEX
  8
25
 10
1.432968
 20
0.238970
 30
0.000000
  0
SEQEND
  8
0
  0
POLYLINE
  8
25
 66
1
 10
0.000000
 20
0.000000
 30
0.000000
 40
0.003000
 41
0.003000
 70
0
  0
VERTEX
  8
25
 10
1.445555
 20
0.250000
 30
0.000000
  0
VERTEX
  8
25
 10
1.445555
 20
0.203000
 30
0.000000
  0
SEQEND
  8
0
  0
POLYLINE
  8
25
 66
1
 10
0.000000
 20
0.000000
 30
0.000000
 40
0.001500
 41
0.001500
 70
0
  0
VERTEX
  8
25
 10
1.444805
 20
0.203000
 30
0.000000
 42
1.000000
  0
VERTEX
  8
25
 10
1.446305
 20
0.203000
 30
0.000000
  0
SEQEND
  8
0
  0
POLYLINE
  8
25
 66
1
 10
0.000000
 20
0.000000
 30
0.000000
 40
0.001500
 41
0.001500
 70
0
  0
VERTEX
  8
25
 10
1.446305
 20
0.250000
 30
0.000000
 42
1.000000
  0
VERTEX
  8
25
 10
1.444805
 20
0.250000
 30
0.000000
  0
SEQEND
  8
0
  0
POLYLINE
  8
25
 66
1
 10
0.000000
 20
0.000000
 30
0.000000
 40
0.003000
 41
0.003000
 70
0
  0
VERTEX
  8
25
 10
1.432500
 20
0.203000
 30
0.000000
  0
VERTEX
  8
25
 10
1.458611
 20
0.203000
 30
0.000000
  0
SEQEND
  8
0
  0
POLYLINE
  8
25
 66
1
 10
0.000000
 20
0.000000
 30
0.000000
 40
0.001500
 41
0.001500
 70
0
  0
VERTEX
  8
25
 10
1.458611
 20
0.202250
 30
0.000000
 42
1.000000
  0
VERTEX
  8
25
 10
1.458611
 20
0.203750
 30
0.000000
  0
SEQEND
  8
0
  0
POLYLINE
  8
25
 66
1
 10
0.000000
 20
0.000000
 30
0.000000
 40
0.001500
 41
0.001500
 70
0
  0
VERTEX
  8
25
 10
1.432500
 20
0.203750
 30
0.000000
 42
1.000000
  0
VERTEX
  8
25
 10
1.432500
 20
0.202250
 30
0.000000
  0
SEQEND
  8
0
  0
POLYLINE
  8
21
 66
1
 10
0.000000
 20
0.000000
 30
0.000000
 40
0.003000
 41
0.003000
 70
0
  0
VERTEX
  8
21
 10
1.311278
 20
0.203000
 30
0.000000
  0
VERTEX
  8
21
 10
1.300833
 20
0.203000
 30
0.000000
  0
SEQEND
  8
0
  0
POLYLINE
  8
21
 66
1
 10
0.000000
 20
0.000000
 30
0.000000
 40
0.001500
 41
0.001500
 70
0
  0
VERTEX
  8
21
 10
1.300833
 20
0.203750
 30
0.000000
 42
1.000000
  0
VERTEX
  8
21
 10
1.300833
 20
0.202250
 30
0.000000
  0
SEQEND
  8
0
  0
POLYLINE
  8
21
 66
1
 10
0.000000
 20
0.000000
 30
0.000000
 40
0.001500
 41
0.001500
 70
0
  0
VERTEX
  8
21
 10
1.311278
 20
0.202250
 30
0.000000
 42
1.000000
  0
VERTEX
  8
21
 10
1.311278
 20
0.203750
 30
0.000000
  0
SEQEND
  8
0
  0
POLYLINE
  8
21
 66
1
 10
0.000000
 20
0.000000
 30
0.000000
 40
0.003000
 41
0.003000
 70
0
  0
VERTEX
  8
21
 10
1.293000
 20
0.210833
 30
0.000000
 42
0.414214
  0
VERTEX
  8
21
 10
1.300833
 20
0.203000
 30
0.000000
  0
SEQEND
  8
0
  0
POLYLINE
  8
21
 66
1
 10
0.000000
 20
0.000000
 30
0.000000
 40
0.001500
 41
0.001500
 70
0
  0
VERTEX
  8
21
 10
1.293750
 20
0.210833
 30
0.000000
 42
1.000000
  0
VERTEX
  8
21
 10
1.292250
 20
0.210833
 30
0.000000
  0
SEQEND
  8
0
  0
POLYLINE
  8
21
 66
1
 10
0.000000
 20
0.000000
 30
0.000000
 40
0.001500
 41
0.001500
 70
0
  0
VERTEX
  8
21
 10
1.300833
 20
0.202250
 30
0.000000
 42
1.000000
  0
VERTEX
  8
21
 10
1.300833
 20
0.203750
 30
0.000000
  0
SEQEND
  8
0
  0
POLYLINE
  8
21
 66
1
 10
0.000000
 20
0.000000
 30
0.000000
 40
0.003000
 41
0.003000
 70
0
  0
VERTEX
  8
21
 10
1.293000
 20
0.210833
 30
0.000000
  0
VERTEX
  8
21
 10
1.293000
 20
0.226500
 30
0.000000
  0
SEQEND
  8
0
  0
POLYLINE
  8
21
 66
1
 10
0.000000
 20
0.000000
 30
0.000000
 40
0.001500
 41
0.001500
 70
0
  0
VERTEX
  8
21
 10
1.293750
 20
0.226500
 30
0.000000
 42
1.000000
  0
VERTEX
  8
21
 10
1.292250
 20
0.226500
 30
0.000000
  0
SEQEND
  8
0
  0
POLYLINE
  8
21
 66
1
 10
0.000000
 20
0.000000
 30
0.000000
 40
0.001500
 41
0.001500
 70
0
  0
VERTEX
  8
21
 10
1.292250
 20
0.210833
 30
0.000000
 42
1.000000
  0
VERTEX
  8
21
 10
1.293750
 20
0.210833
 30
0.000000
  0
SEQEND
  8
0
  0
POLYLINE
  8
21
 66
1
 10
0.000000
 20
0.000000
 30
0.000000
 40
0.003000
 41
0.003000
 70
0
  0
VERTEX
  8
21
 10
1.300833
 20
0.234333
 30
0.000000
 42
0.414218
  0
VERTEX
  8
21
 10
1.293000
 20
0.226500
 30
0.000000
  0
SEQEND
  8
0
  0
POLYLINE
  8
21
 66
1
 10
0.000000
 20
0.000000
 30
0.000000
 40
0.001500
 41
0.001500
 70
0
  0
VERTEX
  8
21
 10
1.300833
 20
0.233583
 30
0.000000
 42
1.000000
  0
VERTEX
  8
21
 10
1.300833
 20
0.235083
 30
0.000000
  0
SEQEND
  8
0
  0
POLYLINE
  8
21
 66
1
 10
0.000000
 20
0.000000
 30
0.000000
 40
0.001500
 41
0.001500
 70
0
  0
VERTEX
  8
21
 10
1.292250
 20
0.226500
 30
0.000000
 42
1.000000
  0
VERTEX
  8
21
 10
1.293750
 20
0.226500
 30
0.000000
  0
SEQEND
  8
0
  0
POLYLINE
  8
21
 66
1
 10
0.000000
 20
0.000000
 30
0.000000
 40
0.003000
 41
0.003000
 70
0
  0
VERTEX
  8
21
 10
1.300833
 20
0.234333
 30
0.000000
  0
VERTEX
  8
21
 10
1.311278
 20
0.234333
 30
0.000000
  0
SEQEND
  8
0
  0
POLYLINE
  8
21
 66
1
 10
0.000000
 20
0.000000
 30
0.000000
 40
0.001500
 41
0.001500
 70
0
  0
VERTEX
  8
21
 10
1.311278
 20
0.233583
 30
0.000000
 42
1.000000
  0
VERTEX
  8
21
 10
1.311278
 20
0.235083
 30
0.000000
  0
SEQEND
  8
0
  0
POLYLINE
  8
21
 66
1
 10
0.000000
 20
0.000000
 30
0.000000
 40
0.001500
 41
0.001500
 70
0
  0
VERTEX
  8
21
 10
1.300833
 20
0.235083
 30
0.000000
 42
1.000000
  0
VERTEX
  8
21
 10
1.300833
 20
0.233583
 30
0.000000
  0
SEQEND
  8
0
  0
POLYLINE
  8
21
 66
1
 10
0.000000
 20
0.000000
 30
0.000000
 40
0.003000
 41
0.003000
 70
0
  0
VERTEX
  8
21
 10
1.327454
 20
0.213444
 30
0.000000
  0
VERTEX
  8
21
 10
1.327454
 20
0.223889
 30
0.000000
  0
SEQEND
  8
0
  0
POLYLINE
  8
21
 66
1
 10
0.000000
 20
0.000000
 30
0.000000
 40
0.001500
 41
0.001500
 70
0
  0
VERTEX
  8
21
 10
1.328204
 20
0.223889
 30
0.000000
 42
1.000000
  0
VERTEX
  8
21
 10
1.326704
 20
0.223889
 30
0.000000
  0
SEQEND
  8
0
  0
POLYLINE
  8
21
 66
1
 10
0.000000
 20
0.000000
 30
0.000000
 40
0.001500
 41
0.001500
 70
0
  0
VERTEX
  8
21
 10
1.326704
 20
0.213444
 30
0.000000
 42
1.000000
  0
VERTEX
  8
21
 10
1.328204
 20
0.213444
 30
0.000000
  0
SEQEND
  8
0
  0
POLYLINE
  8
21
 66
1
 10
0.000000
 20
0.000000
 30
0.000000
 40
0.003000
 41
0.003000
 70
0
  0
VERTEX
  8
21
 10
1.348343
 20
0.223889
 30
0.000000
 42
1.000000
  0
VERTEX
  8
21
 10
1.327454
 20
0.223889
 30
0.000000
  0
SEQEND
  8
0
  0
POLYLINE
  8
21
 66
1
 10
0.000000
 20
0.000000
 30
0.000000
 40
0.001500
 41
0.001500
 70
0
  0
VERTEX
  8
21
 10
1.347593
 20
0.223889
 30
0.000000
 42
1.000000
  0
VERTEX
  8
21
 10
1.349093
 20
0.223889
 30
0.000000
  0
SEQEND
  8
0
  0
POLYLINE
  8
21
 66
1
 10
0.000000
 20
0.000000
 30
0.000000
 40
0.001500
 41
0.001500
 70
0
  0
VERTEX
  8
21
 10
1.326704
 20
0.223889
 30
0.000000
 42
1.000000
  0
VERTEX
  8
21
 10
1.328204
 20
0.223889
 30
0.000000
  0
SEQEND
  8
0
  0
POLYLINE
  8
21
 66
1
 10
0.000000
 20
0.000000
 30
0.000000
 40
0.003000
 41
0.003000
 70
0
  0
VERTEX
  8
21
 10
1.348343
 20
0.223889
 30
0.000000
  0
VERTEX
  8
21
 10
1.348343
 20
0.213444
 30
0.000000
  0
SEQEND
  8
0
  0
POLYLINE
  8
21
 66
1
 10
0.000000
 20
0.000000
 30
0.000000
 40
0.001500
 41
0.001500
 70
0
  0
VERTEX
  8
21
 10
1.347593
 20
0.213444
 30
0.000000
 42
1.000000
  0
VERTEX
  8
21
 10
1.349093
 20
0.213444
 30
0.000000
  0
SEQEND
  8
0
  0
POLYLINE
  8
21
 66
1
 10
0.000000
 20
0.000000
 30
0.000000
 40
0.001500
 41
0.001500
 70
0
  0
VERTEX
  8
21
 10
1.349093
 20
0.223889
 30
0.000000
 42
1.000000
  0
VERTEX
  8
21
 10
1.347593
 20
0.223889
 30
0.000000
  0
SEQEND
  8
0
  0
POLYLINE
  8
21
 66
1
 10
0.000000
 20
0.000000
 30
0.000000
 40
0.003000
 41
0.003000
 70
0
  0
VERTEX
  8
21
 10
1.327454
 20
0.213444
 30
0.000000
 42
1.000000
  0
VERTEX
  8
21
 10
1.348343
 20
0.213444
 30
0.000000
  0
SEQEND
  8
0
  0
POLYLINE
  8
21
 66
1
 10
0.000000
 20
0.000000
 30
0.000000
 40
0.001500
 41
0.001500
 70
0
  0
VERTEX
  8
21
 10
1.328204
 20
0.213444
 30
0.000000
 42
1.000000
  0
VERTEX
  8
21
 10
1.326704
 20
0.213444
 30
0.000000
  0
SEQEND
  8
0
  0
POLYLINE
  8
21
 66
1
 10
0.000000
 20
0.000000
 30
0.000000
 40
0.001500
 41
0.001500
 70
0
  0
VERTEX
  8
21
 10
1.349093
 20
0.213444
 30
0.000000
 42
1.000000
  0
VERTEX
  8
21
 10
1.347593
 20
0.213444
 30
0.000000
  0
SEQEND
  8
0
  0
POLYLINE
  8
21
 66
1
 10
0.000000
 20
0.000000
 30
0.000000
 40
0.003000
 41
0.003000
 70
0
  0
VERTEX
  8
21
 10
1.367954
 20
0.203000
 30
0.000000
  0
VERTEX
  8
21
 10
1.367954
 20
0.234333
 30
0.000000
  0
SEQEND
  8
0
  0
POLYLINE
  8
21
 66
1
 10
0.000000
 20
0.000000
 30
0.000000
 40
0.001500
 41
0.001500
 70
0
  0
VERTEX
  8
21
 10
1.368704
 20
0.234333
 30
0.000000
 42
1.000000
  0
VERTEX
  8
21
 10
1.367204
 20
0.234333
 30
0.000000
  0
SEQEND
  8
0
  0
POLYLINE
  8
21
 66
1
 10
0.000000
 20
0.000000
 30
0.000000
 40
0.001500
 41
0.001500
 70
0
  0
VERTEX
  8
21
 10
1.367204
 20
0.203000
 30
0.000000
 42
1.000000
  0
VERTEX
  8
21
 10
1.368704
 20
0.203000
 30
0.000000
  0
SEQEND
  8
0
  0
POLYLINE
  8
21
 66
1
 10
0.000000
 20
0.000000
 30
0.000000
 40
0.003000
 41
0.003000
 70
0
  0
VERTEX
  8
21
 10
1.367954
 20
0.234333
 30
0.000000
  0
VERTEX
  8
21
 10
1.381010
 20
0.234333
 30
0.000000
  0
SEQEND
  8
0
  0
POLYLINE
  8
21
 66
1
 10
0.000000
 20
0.000000
 30
0.000000
 40
0.001500
 41
0.001500
 70
0
  0
VERTEX
  8
21
 10
1.381010
 20
0.233583
 30
0.000000
 42
1.000000
  0
VERTEX
  8
21
 10
1.381010
 20
0.235083
 30
0.000000
  0
SEQEND
  8
0
  0
POLYLINE
  8
21
 66
1
 10
0.000000
 20
0.000000
 30
0.000000
 40
0.001500
 41
0.001500
 70
0
  0
VERTEX
  8
21
 10
1.367954
 20
0.235083
 30
0.000000
 42
1.000000
  0
VERTEX
  8
21
 10
1.367954
 20
0.233583
 30
0.000000
  0
SEQEND
  8
0
  0
POLYLINE
  8
21
 66
1
 10
0.000000
 20
0.000000
 30
0.000000
 40
0.003000
 41
0.003000
 70
0
  0
VERTEX
  8
21
 10
1.388843
 20
0.226500
 30
0.000000
 42
0.414214
  0
VERTEX
  8
21
 10
1.381010
 20
0.234333
 30
0.000000
  0
SEQEND
  8
0
  0
POLYLINE
  8
21
 66
1
 10
0.000000
 20
0.000000
 30
0.000000
 40
0.001500
 41
0.001500
 70
0
  0
VERTEX
  8
21
 10
1.388093
 20
0.226500
 30
0.000000
 42
1.000000
  0
VERTEX
  8
21
 10
1.389593
 20
0.226500
 30
0.000000
  0
SEQEND
  8
0
  0
POLYLINE
  8
21
 66
1
 10
0.000000
 20
0.000000
 30
0.000000
 40
0.001500
 41
0.001500
 70
0
  0
VERTEX
  8
21
 10
1.381010
 20
0.235083
 30
0.000000
 42
1.000000
  0
VERTEX
  8
21
 10
1.381010
 20
0.233583
 30
0.000000
  0
SEQEND
  8
0
  0
POLYLINE
  8
21
 66
1
 10
0.000000
 20
0.000000
 30
0.000000
 40
0.003000
 41
0.003000
 70
0
  0
VERTEX
  8
21
 10
1.388843
 20
0.226500
 30
0.000000
  0
VERTEX
  8
21
 10
1.388843
 20
0.203000
 30
0.000000
  0
SEQEND
  8
0
  0
POLYLINE
  8
21
 66
1
 10
0.000000
 20
0.000000
 30
0.000000
 40
0.001500
 41
0.001500
 70
0
  0
VERTEX
  8
21
 10
1.388093
 20
0.203000
 30
0.000000
 42
1.000000
  0
VERTEX
  8
21
 10
1.389593
 20
0.203000
 30
0.000000
  0
SEQEND
  8
0
  0
POLYLINE
  8
21
 66
1
 10
0.000000
 20
0.000000
 30
0.000000
 40
0.001500
 41
0.001500
 70
0
  0
VERTEX
  8
21
 10
1.389593
 20
0.226500
 30
0.000000
 42
1.000000
  0
VERTEX
  8
21
 10
1.388093
 20
0.226500
 30
0.000000
  0
SEQEND
  8
0
  0
POLYLINE
  8
21
 66
1
 10
0.000000
 20
0.000000
 30
0.000000
 40
0.003000
 41
0.003000
 70
0
  0
VERTEX
  8
21
 10
1.410987
 20
0.203000
 30
0.000000
  0
VERTEX
  8
21
 10
1.410987
 20
0.242167
 30
0.000000
  0
SEQEND
  8
0
  0
POLYLINE
  8
21
 66
1
 10
0.000000
 20
0.000000
 30
0.000000
 40
0.001500
 41
0.001500
 70
0
  0
VERTEX
  8
21
 10
1.411737
 20
0.242167
 30
0.000000
 42
1.000000
  0
VERTEX
  8
21
 10
1.410237
 20
0.242167
 30
0.000000
  0
SEQEND
  8
0
  0
POLYLINE
  8
21
 66
1
 10
0.000000
 20
0.000000
 30
0.000000
 40
0.001500
 41
0.001500
 70
0
  0
VERTEX
  8
21
 10
1.410237
 20
0.203000
 30
0.000000
 42
1.000000
  0
VERTEX
  8
21
 10
1.411737
 20
0.203000
 30
0.000000
  0
SEQEND
  8
0
  0
POLYLINE
  8
21
 66
1
 10
0.000000
 20
0.000000
 30
0.000000
 40
0.003000
 41
0.003000
 70
0
  0
VERTEX
  8
21
 10
1.418821
 20
0.250000
 30
0.000000
 42
0.414209
  0
VERTEX
  8
21
 10
1.410987
 20
0.242167
 30
0.000000
  0
SEQEND
  8
0
  0
POLYLINE
  8
21
 66
1
 10
0.000000
 20
0.000000
 30
0.000000
 40
0.001500
 41
0.001500
 70
0
  0
VERTEX
  8
21
 10
1.418821
 20
0.249250
 30
0.000000
 42
1.000000
  0
VERTEX
  8
21
 10
1.418821
 20
0.250750
 30
0.000000
  0
SEQEND
  8
0
  0
POLYLINE
  8
21
 66
1
 10
0.000000
 20
0.000000
 30
0.000000
 40
0.001500
 41
0.001500
 70
0
  0
VERTEX
  8
21
 10
1.410237
 20
0.242167
 30
0.000000
 42
1.000000
  0
VERTEX
  8
21
 10
1.411737
 20
0.242167
 30
0.000000
  0
SEQEND
  8
0
  0
POLYLINE
  8
21
 66
1
 10
0.000000
 20
0.000000
 30
0.000000
 40
0.003000
 41
0.003000
 70
0
  0
VERTEX
  8
21
 10
1.418821
 20
0.250000
 30
0.000000
  0
VERTEX
  8
21
 10
1.421432
 20
0.250000
 30
0.000000
  0
SEQEND
  8
0
  0
POLYLINE
  8
21
 66
1
 10
0.000000
 20
0.000000
 30
0.000000
 40
0.001500
 41
0.001500
 70
0
  0
VERTEX
  8
21
 10
1.421432
 20
0.249250
 30
0.000000
 42
1.000000
  0
VERTEX
  8
21
 10
1.421432
 20
0.250750
 30
0.000000
  0
SEQEND
  8
0
  0
POLYLINE
  8
21
 66
1
 10
0.000000
 20
0.000000
 30
0.000000
 40
0.001500
 41
0.001500
 70
0
  0
VERTEX
  8
21
 10
1.418821
 20
0.250750
 30
0.000000
 42
1.000000
  0
VERTEX
  8
21
 10
1.418821
 20
0.249250
 30
0.000000
  0
SEQEND
  8
0
  0
POLYLINE
  8
21
 66
1
 10
0.000000
 20
0.000000
 30
0.000000
 40
0.003000
 41
0.003000
 70
0
  0
VERTEX
  8
21
 10
1.405765
 20
0.234333
 30
0.000000
  0
VERTEX
  8
21
 10
1.421432
 20
0.234333
 30
0.000000
  0
SEQEND
  8
0
  0
POLYLINE
  8
21
 66
1
 10
0.000000
 20
0.000000
 30
0.000000
 40
0.001500
 41
0.001500
 70
0
  0
VERTEX
  8
21
 10
1.421432
 20
0.233583
 30
0.000000
 42
1.000000
  0
VERTEX
  8
21
 10
1.421432
 20
0.235083
 30
0.000000
  0
SEQEND
  8
0
  0
POLYLINE
  8
21
 66
1
 10
0.000000
 20
0.000000
 30
0.000000
 40
0.001500
 41
0.001500
 70
0
  0
VERTEX
  8
21
 10
1.405765
 20
0.235083
 30
0.000000
 42
1.000000
  0
VERTEX
  8
21
 10
1.405765
 20
0.233583
 30
0.000000
  0
SEQEND
  8
0
  0
POLYLINE
  8
21
 66
1
 10
0.000000
 20
0.000000
 30
0.000000
 40
0.003000
 41
0.003000
 70
0
  0
VERTEX
  8
21
 10
1.433898
 20
0.203000
 30
0.000000
  0
VERTEX
  8
21
 10
1.433898
 20
0.234333
 30
0.000000
  0
SEQEND
  8
0
  0
POLYLINE
  8
21
 66
1
 10
0.000000
 20
0.000000
 30
0.000000
 40
0.001500
 41
0.001500
 70
0
  0
VERTEX
  8
21
 10
1.434648
 20
0.234333
 30
0.000000
 42
1.000000
  0
VERTEX
  8
21
 10
1.433148
 20
0.234333
 30
0.000000
  0
SEQEND
  8
0
  0
POLYLINE
  8
21
 66
1
 10
0.000000
 20
0.000000
 30
0.000000
 40
0.001500
 41
0.001500
 70
0
  0
VERTEX
  8
21
 10
1.433148
 20
0.203000
 30
0.000000
 42
1.000000
  0
VERTEX
  8
21
 10
1.434648
 20
0.203000
 30
0.000000
  0
SEQEND
  8
0
  0
POLYLINE
  8
21
 66
1
 10
0.000000
 20
0.000000
 30
0.000000
 40
0.003000
 41
0.003000
 70
0
  0
VERTEX
  8
21
 10
1.432593
 20
0.247389
 30
0.000000
  0
VERTEX
  8
21
 10
1.432593
 20
0.250000
 30
0.000000
  0
SEQEND
  8
0
  0
POLYLINE
  8
21
 66
1
 10
0.000000
 20
0.000000
 30
0.000000
 40
0.001500
 41
0.001500
 70
0
  0
VERTEX
  8
21
 10
1.433343
 20
0.250000
 30
0.000000
 42
1.000000
  0
VERTEX
  8
21
 10
1.431843
 20
0.250000
 30
0.000000
  0
SEQEND
  8
0
  0
POLYLINE
  8
21
 66
1
 10
0.000000
 20
0.000000
 30
0.000000
 40
0.001500
 41
0.001500
 70
0
  0
VERTEX
  8
21
 10
1.431843
 20
0.247389
 30
0.000000
 42
1.000000
  0
VERTEX
  8
21
 10
1.433343
 20
0.247389
 30
0.000000
  0
SEQEND
  8
0
  0
POLYLINE
  8
21
 66
1
 10
0.000000
 20
0.000000
 30
0.000000
 40
0.003000
 41
0.003000
 70
0
  0
VERTEX
  8
21
 10
1.432593
 20
0.250000
 30
0.000000
  0
VERTEX
  8
21
 10
1.435204
 20
0.250000
 30
0.000000
  0
SEQEND
  8
0
  0
POLYLINE
  8
21
 66
1
 10
0.000000
 20
0.000000
 30
0.000000
 40
0.001500
 41
0.001500
 70
0
  0
VERTEX
  8
21
 10
1.435204
 20
0.249250
 30
0.000000
 42
1.000000
  0
VERTEX
  8
21
 10
1.435204
 20
0.250750
 30
0.000000
  0
SEQEND
  8
0
  0
POLYLINE
  8
21
 66
1
 10
0.000000
 20
0.000000
 30
0.000000
 40
0.001500
 41
0.001500
 70
0
  0
VERTEX
  8
21
 10
1.432593
 20
0.250750
 30
0.000000
 42
1.000000
  0
VERTEX
  8
21
 10
1.432593
 20
0.249250
 30
0.000000
  0
SEQEND
  8
0
  0
POLYLINE
  8
21
 66
1
 10
0.000000
 20
0.000000
 30
0.000000
 40
0.003000
 41
0.003000
 70
0
  0
VERTEX
  8
21
 10
1.435204
 20
0.250000
 30
0.000000
  0
VERTEX
  8
21
 10
1.435204
 20
0.247389
 30
0.000000
  0
SEQEND
  8
0
  0
POLYLINE
  8
21
 66
1
 10
0.000000
 20
0.000000
 30
0.000000
 40
0.001500
 41
0.001500
 70
0
  0
VERTEX
  8
21
 10
1.434454
 20
0.247389
 30
0.000000
 42
1.000000
  0
VERTEX
  8
21
 10
1.435954
 20
0.247389
 30
0.000000
  0
SEQEND
  8
0
  0
POLYLINE
  8
21
 66
1
 10
0.000000
 20
0.000000
 30
0.000000
 40
0.001500
 41
0.001500
 70
0
  0
VERTEX
  8
21
 10
1.435954
 20
0.250000
 30
0.000000
 42
1.000000
  0
VERTEX
  8
21
 10
1.434454
 20
0.250000
 30
0.000000
  0
SEQEND
  8
0
  0
POLYLINE
  8
21
 66
1
 10
0.000000
 20
0.000000
 30
0.000000
 40
0.003000
 41
0.003000
 70
0
  0
VERTEX
  8
21
 10
1.435204
 20
0.247389
 30
0.000000
  0
VERTEX
  8
21
 10
1.432593
 20
0.247389
 30
0.000000
  0
SEQEND
  8
0
  0
POLYLINE
  8
21
 66
1
 10
0.000000
 20
0.000000
 30
0.000000
 40
0.001500
 41
0.001500
 70
0
  0
VERTEX
  8
21
 10
1.432593
 20
0.248139
 30
0.000000
 42
1.000000
  0
VERTEX
  8
21
 10
1.432593
 20
0.246639
 30
0.000000
  0
SEQEND
  8
0
  0
POLYLINE
  8
21
 66
1
 10
0.000000
 20
0.000000
 30
0.000000
 40
0.001500
 41
0.001500
 70
0
  0
VERTEX
  8
21
 10
1.435204
 20
0.246639
 30
0.000000
 42
1.000000
  0
VERTEX
  8
21
 10
1.435204
 20
0.248139
 30
0.000000
  0
SEQEND
  8
0
  0
POLYLINE
  8
21
 66
1
 10
0.000000
 20
0.000000
 30
0.000000
 40
0.003000
 41
0.003000
 70
0
  0
VERTEX
  8
21
 10
1.472640
 20
0.203000
 30
0.000000
  0
VERTEX
  8
21
 10
1.459584
 20
0.203000
 30
0.000000
  0
SEQEND
  8
0
  0
POLYLINE
  8
21
 66
1
 10
0.000000
 20
0.000000
 30
0.000000
 40
0.001500
 41
0.001500
 70
0
  0
VERTEX
  8
21
 10
1.459584
 20
0.203750
 30
0.000000
 42
1.000000
  0
VERTEX
  8
21
 10
1.459584
 20
0.202250
 30
0.000000
  0
SEQEND
  8
0
  0
POLYLINE
  8
21
 66
1
 10
0.000000
 20
0.000000
 30
0.000000
 40
0.001500
 41
0.001500
 70
0
  0
VERTEX
  8
21
 10
1.472640
 20
0.202250
 30
0.000000
 42
1.000000
  0
VERTEX
  8
21
 10
1.472640
 20
0.203750
 30
0.000000
  0
SEQEND
  8
0
  0
POLYLINE
  8
21
 66
1
 10
0.000000
 20
0.000000
 30
0.000000
 40
0.003000
 41
0.003000
 70
0
  0
VERTEX
  8
21
 10
1.451751
 20
0.210833
 30
0.000000
 42
0.414214
  0
VERTEX
  8
21
 10
1.459584
 20
0.203000
 30
0.000000
  0
SEQEND
  8
0
  0
POLYLINE
  8
21
 66
1
 10
0.000000
 20
0.000000
 30
0.000000
 40
0.001500
 41
0.001500
 70
0
  0
VERTEX
  8
21
 10
1.452501
 20
0.210833
 30
0.000000
 42
1.000000
  0
VERTEX
  8
21
 10
1.451001
 20
0.210833
 30
0.000000
  0
SEQEND
  8
0
  0
POLYLINE
  8
21
 66
1
 10
0.000000
 20
0.000000
 30
0.000000
 40
0.001500
 41
0.001500
 70
0
  0
VERTEX
  8
21
 10
1.459584
 20
0.202250
 30
0.000000
 42
1.000000
  0
VERTEX
  8
21
 10
1.459584
 20
0.203750
 30
0.000000
  0
SEQEND
  8
0
  0
POLYLINE
  8
21
 66
1
 10
0.000000
 20
0.000000
 30
0.000000
 40
0.003000
 41
0.003000
 70
0
  0
VERTEX
  8
21
 10
1.451751
 20
0.210833
 30
0.000000
  0
VERTEX
  8
21
 10
1.451751
 20
0.226500
 30
0.000000
  0
SEQEND
  8
0
  0
POLYLINE
  8
21
 66
1
 10
0.000000
 20
0.000000
 30
0.000000
 40
0.001500
 41
0.001500
 70
0
  0
VERTEX
  8
21
 10
1.452501
 20
0.226500
 30
0.000000
 42
1.000000
  0
VERTEX
  8
21
 10
1.451001
 20
0.226500
 30
0.000000
  0
SEQEND
  8
0
  0
POLYLINE
  8
21
 66
1
 10
0.000000
 20
0.000000
 30
0.000000
 40
0.001500
 41
0.001500
 70
0
  0
VERTEX
  8
21
 10
1.451001
 20
0.210833
 30
0.000000
 42
1.000000
  0
VERTEX
  8
21
 10
1.452501
 20
0.210833
 30
0.000000
  0
SEQEND
  8
0
  0
POLYLINE
  8
21
 66
1
 10
0.000000
 20
0.000000
 30
0.000000
 40
0.003000
 41
0.003000
 70
0
  0
VERTEX
  8
21
 10
1.459584
 20
0.234333
 30
0.000000
 42
0.414218
  0
VERTEX
  8
21
 10
1.451751
 20
0.226500
 30
0.000000
  0
SEQEND
  8
0
  0
POLYLINE
  8
21
 66
1
 10
0.000000
 20
0.000000
 30
0.000000
 40
0.001500
 41
0.001500
 70
0
  0
VERTEX
  8
21
 10
1.459584
 20
0.233583
 30
0.000000
 42
1.000000
  0
VERTEX
  8
21
 10
1.459584
 20
0.235083
 30
0.000000
  0
SEQEND
  8
0
  0
POLYLINE
  8
21
 66
1
 10
0.000000
 20
0.000000
 30
0.000000
 40
0.001500
 41
0.001500
 70
0
  0
VERTEX
  8
21
 10
1.451001
 20
0.226500
 30
0.000000
 42
1.000000
  0
VERTEX
  8
21
 10
1.452501
 20
0.226500
 30
0.000000
  0
SEQEND
  8
0
  0
POLYLINE
  8
21
 66
1
 10
0.000000
 20
0.000000
 30
0.000000
 40
0.003000
 41
0.003000
 70
0
  0
VERTEX
  8
21
 10
1.459584
 20
0.234333
 30
0.000000
  0
VERTEX
  8
21
 10
1.472640
 20
0.234333
 30
0.000000
  0
SEQEND
  8
0
  0
POLYLINE
  8
21
 66
1
 10
0.000000
 20
0.000000
 30
0.000000
 40
0.001500
 41
0.001500
 70
0
  0
VERTEX
  8
21
 10
1.472640
 20
0.233583
 30
0.000000
 42
1.000000
  0
VERTEX
  8
21
 10
1.472640
 20
0.235083
 30
0.000000
  0
SEQEND
  8
0
  0
POLYLINE
  8
21
 66
1
 10
0.000000
 20
0.000000
 30
0.000000
 40
0.001500
 41
0.001500
 70
0
  0
VERTEX
  8
21
 10
1.459584
 20
0.235083
 30
0.000000
 42
1.000000
  0
VERTEX
  8
21
 10
1.459584
 20
0.233583
 30
0.000000
  0
SEQEND
  8
0
  0
POLYLINE
  8
21
 66
1
 10
0.000000
 20
0.000000
 30
0.000000
 40
0.003000
 41
0.003000
 70
0
  0
VERTEX
  8
21
 10
1.472640
 20
0.234333
 30
0.000000
  0
VERTEX
  8
21
 10
1.472640
 20
0.195167
 30
0.000000
  0
SEQEND
  8
0
  0
POLYLINE
  8
21
 66
1
 10
0.000000
 20
0.000000
 30
0.000000
 40
0.001500
 41
0.001500
 70
0
  0
VERTEX
  8
21
 10
1.471890
 20
0.195167
 30
0.000000
 42
1.000000
  0
VERTEX
  8
21
 10
1.473390
 20
0.195167
 30
0.000000
  0
SEQEND
  8
0
  0
POLYLINE
  8
21
 66
1
 10
0.000000
 20
0.000000
 30
0.000000
 40
0.001500
 41
0.001500
 70
0
  0
VERTEX
  8
21
 10
1.473390
 20
0.234333
 30
0.000000
 42
1.000000
  0
VERTEX
  8
21
 10
1.471890
 20
0.234333
 30
0.000000
  0
SEQEND
  8
0
  0
POLYLINE
  8
21
 66
1
 10
0.000000
 20
0.000000
 30
0.000000
 40
0.003000
 41
0.003000
 70
0
  0
VERTEX
  8
21
 10
1.464806
 20
0.187333
 30
0.000000
 42
0.414209
  0
VERTEX
  8
21
 10
1.472640
 20
0.195167
 30
0.000000
  0
SEQEND
  8
0
  0
POLYLINE
  8
21
 66
1
 10
0.000000
 20
0.000000
 30
0.000000
 40
0.001500
 41
0.001500
 70
0
  0
VERTEX
  8
21
 10
1.464806
 20
0.188083
 30
0.000000
 42
1.000000
  0
VERTEX
  8
21
 10
1.464806
 20
0.186583
 30
0.000000
  0
SEQEND
  8
0
  0
POLYLINE
  8
21
 66
1
 10
0.000000
 20
0.000000
 30
0.000000
 40
0.001500
 41
0.001500
 70
0
  0
VERTEX
  8
21
 10
1.473390
 20
0.195167
 30
0.000000
 42
1.000000
  0
VERTEX
  8
21
 10
1.471890
 20
0.195167
 30
0.000000
  0
SEQEND
  8
0
  0
POLYLINE
  8
21
 66
1
 10
0.000000
 20
0.000000
 30
0.000000
 40
0.003000
 41
0.003000
 70
0
  0
VERTEX
  8
21
 10
1.464806
 20
0.187333
 30
0.000000
  0
VERTEX
  8
21
 10
1.454362
 20
0.187333
 30
0.000000
  0
SEQEND
  8
0
  0
POLYLINE
  8
21
 66
1
 10
0.000000
 20
0.000000
 30
0.000000
 40
0.001500
 41
0.001500
 70
0
  0
VERTEX
  8
21
 10
1.454362
 20
0.188083
 30
0.000000
 42
1.000000
  0
VERTEX
  8
21
 10
1.454362
 20
0.186583
 30
0.000000
  0
SEQEND
  8
0
  0
POLYLINE
  8
21
 66
1
 10
0.000000
 20
0.000000
 30
0.000000
 40
0.001500
 41
0.001500
 70
0
  0
VERTEX
  8
21
 10
1.464806
 20
0.186583
 30
0.000000
 42
1.000000
  0
VERTEX
  8
21
 10
1.464806
 20
0.188083
 30
0.000000
  0
SEQEND
  8
0
  0
POLYLINE
  8
21
 66
1
 10
0.000000
 20
0.000000
 30
0.000000
 40
0.003000
 41
0.003000
 70
0
  0
VERTEX
  8
21
 10
1.494926
 20
0.229111
 30
0.000000
  0
VERTEX
  8
21
 10
1.507981
 20
0.229111
 30
0.000000
  0
SEQEND
  8
0
  0
POLYLINE
  8
21
 66
1
 10
0.000000
 20
0.000000
 30
0.000000
 40
0.001500
 41
0.001500
 70
0
  0
VERTEX
  8
21
 10
1.507981
 20
0.228361
 30
0.000000
 42
1.000000
  0
VERTEX
  8
21
 10
1.507981
 20
0.229861
 30
0.000000
  0
SEQEND
  8
0
  0
POLYLINE
  8
21
 66
1
 10
0.000000
 20
0.000000
 30
0.000000
 40
0.001500
 41
0.001500
 70
0
  0
VERTEX
  8
21
 10
1.494926
 20
0.229861
 30
0.000000
 42
1.000000
  0
VERTEX
  8
21
 10
1.494926
 20
0.228361
 30
0.000000
  0
SEQEND
  8
0
  0
POLYLINE
  8
21
 66
1
 10
0.000000
 20
0.000000
 30
0.000000
 40
0.003000
 41
0.003000
 70
0
  0
VERTEX
  8
21
 10
1.507981
 20
0.203000
 30
0.000000
 42
1.000000
  0
VERTEX
  8
21
 10
1.507981
 20
0.229111
 30
0.000000
  0
SEQEND
  8
0
  0
POLYLINE
  8
21
 66
1
 10
0.000000
 20
0.000000
 30
0.000000
 40
0.001500
 41
0.001500
 70
0
  0
VERTEX
  8
21
 10
1.507981
 20
0.203750
 30
0.000000
 42
1.000000
  0
VERTEX
  8
21
 10
1.507981
 20
0.202250
 30
0.000000
  0
SEQEND
  8
0
  0
POLYLINE
  8
21
 66
1
 10
0.000000
 20
0.000000
 30
0.000000
 40
0.001500
 41
0.001500
 70
0
  0
VERTEX
  8
21
 10
1.507981
 20
0.229861
 30
0.000000
 42
1.000000
  0
VERTEX
  8
21
 10
1.507981
 20
0.228361
 30
0.000000
  0
SEQEND
  8
0
  0
POLYLINE
  8
21
 66
1
 10
0.000000
 20
0.000000
 30
0.000000
 40
0.003000
 41
0.003000
 70
0
  0
VERTEX
  8
21
 10
1.507981
 20
0.203000
 30
0.000000
  0
VERTEX
  8
21
 10
1.494926
 20
0.203000
 30
0.000000
  0
SEQEND
  8
0
  0
POLYLINE
  8
21
 66
1
 10
0.000000
 20
0.000000
 30
0.000000
 40
0.001500
 41
0.001500
 70
0
  0
VERTEX
  8
21
 10
1.494926
 20
0.203750
 30
0.000000
 42
1.000000
  0
VERTEX
  8
21
 10
1.494926
 20
0.202250
 30
0.000000
  0
SEQEND
  8
0
  0
POLYLINE
  8
21
 66
1
 10
0.000000
 20
0.000000
 30
0.000000
 40
0.001500
 41
0.001500
 70
0
  0
VERTEX
  8
21
 10
1.507981
 20
0.202250
 30
0.000000
 42
1.000000
  0
VERTEX
  8
21
 10
1.507981
 20
0.203750
 30
0.000000
  0
SEQEND
  8
0
  0
POLYLINE
  8
21
 66
1
 10
0.000000
 20
0.000000
 30
0.000000
 40
0.003000
 41
0.003000
 70
0
  0
VERTEX
  8
21
 10
1.494926
 20
0.203000
 30
0.000000
  0
VERTEX
  8
21
 10
1.494926
 20
0.250000
 30
0.000000
  0
SEQEND
  8
0
  0
POLYLINE
  8
21
 66
1
 10
0.000000
 20
0.000000
 30
0.000000
 40
0.001500
 41
0.001500
 70
0
  0
VERTEX
  8
21
 10
1.495676
 20
0.250000
 30
0.000000
 42
1.000000
  0
VERTEX
  8
21
 10
1.494176
 20
0.250000
 30
0.000000
  0
SEQEND
  8
0
  0
POLYLINE
  8
21
 66
1
 10
0.000000
 20
0.000000
 30
0.000000
 40
0.001500
 41
0.001500
 70
0
  0
VERTEX
  8
21
 10
1.494176
 20
0.203000
 30
0.000000
 42
1.000000
  0
VERTEX
  8
21
 10
1.495676
 20
0.203000
 30
0.000000
  0
SEQEND
  8
0
  0
POLYLINE
  8
21
 66
1
 10
0.000000
 20
0.000000
 30
0.000000
 40
0.003000
 41
0.003000
 70
0
  0
VERTEX
  8
21
 10
1.494926
 20
0.250000
 30
0.000000
  0
VERTEX
  8
21
 10
1.507981
 20
0.250000
 30
0.000000
  0
SEQEND
  8
0
  0
POLYLINE
  8
21
 66
1
 10
0.000000
 20
0.000000
 30
0.000000
 40
0.001500
 41
0.001500
 70
0
  0
VERTEX
  8
21
 10
1.507981
 20
0.249250
 30
0.000000
 42
1.000000
  0
VERTEX
  8
21
 10
1.507981
 20
0.250750
 30
0.000000
  0
SEQEND
  8
0
  0
POLYLINE
  8
21
 66
1
 10
0.000000
 20
0.000000
 30
0.000000
 40
0.001500
 41
0.001500
 70
0
  0
VERTEX
  8
21
 10
1.494926
 20
0.250750
 30
0.000000
 42
1.000000
  0
VERTEX
  8
21
 10
1.494926
 20
0.249250
 30
0.000000
  0
SEQEND
  8
0
  0
POLYLINE
  8
21
 66
1
 10
0.000000
 20
0.000000
 30
0.000000
 40
0.003000
 41
0.003000
 70
0
  0
VERTEX
  8
21
 10
1.507981
 20
0.229111
 30
0.000000
 42
1.000000
  0
VERTEX
  8
21
 10
1.507981
 20
0.250000
 30
0.000000
  0
SEQEND
  8
0
  0
POLYLINE
  8
21
 66
1
 10
0.000000
 20
0.000000
 30
0.000000
 40
0.001500
 41
0.001500
 70
0
  0
VERTEX
  8
21
 10
1.507981
 20
0.229861
 30
0.000000
 42
1.000000
  0
VERTEX
  8
21
 10
1.507981
 20
0.228361
 30
0.000000
  0
SEQEND
  8
0
  0
POLYLINE
  8
21
 66
1
 10
0.000000
 20
0.000000
 30
0.000000
 40
0.001500
 41
0.001500
 70
0
  0
VERTEX
  8
21
 10
1.507981
 20
0.250750
 30
0.000000
 42
1.000000
  0
VERTEX
  8
21
 10
1.507981
 20
0.249250
 30
0.000000
  0
SEQEND
  8
0
  0
POLYLINE
  8
21
 66
1
 10
0.000000
 20
0.000000
 30
0.000000
 40
0.003000
 41
0.003000
 70
0
  0
VERTEX
  8
21
 10
1.538954
 20
0.234333
 30
0.000000
  0
VERTEX
  8
21
 10
1.538954
 20
0.210833
 30
0.000000
  0
SEQEND
  8
0
  0
POLYLINE
  8
21
 66
1
 10
0.000000
 20
0.000000
 30
0.000000
 40
0.001500
 41
0.001500
 70
0
  0
VERTEX
  8
21
 10
1.538204
 20
0.210833
 30
0.000000
 42
1.000000
  0
VERTEX
  8
21
 10
1.539704
 20
0.210833
 30
0.000000
  0
SEQEND
  8
0
  0
POLYLINE
  8
21
 66
1
 10
0.000000
 20
0.000000
 30
0.000000
 40
0.001500
 41
0.001500
 70
0
  0
VERTEX
  8
21
 10
1.539704
 20
0.234333
 30
0.000000
 42
1.000000
  0
VERTEX
  8
21
 10
1.538204
 20
0.234333
 30
0.000000
  0
SEQEND
  8
0
  0
POLYLINE
  8
21
 66
1
 10
0.000000
 20
0.000000
 30
0.000000
 40
0.003000
 41
0.003000
 70
0
  0
VERTEX
  8
21
 10
1.538954
 20
0.210833
 30
0.000000
 42
0.414214
  0
VERTEX
  8
21
 10
1.546787
 20
0.203000
 30
0.000000
  0
SEQEND
  8
0
  0
POLYLINE
  8
21
 66
1
 10
0.000000
 20
0.000000
 30
0.000000
 40
0.001500
 41
0.001500
 70
0
  0
VERTEX
  8
21
 10
1.539704
 20
0.210833
 30
0.000000
 42
1.000000
  0
VERTEX
  8
21
 10
1.538204
 20
0.210833
 30
0.000000
  0
SEQEND
  8
0
  0
POLYLINE
  8
21
 66
1
 10
0.000000
 20
0.000000
 30
0.000000
 40
0.001500
 41
0.001500
 70
0
  0
VERTEX
  8
21
 10
1.546787
 20
0.202250
 30
0.000000
 42
1.000000
  0
VERTEX
  8
21
 10
1.546787
 20
0.203750
 30
0.000000
  0
SEQEND
  8
0
  0
POLYLINE
  8
21
 66
1
 10
0.000000
 20
0.000000
 30
0.000000
 40
0.003000
 41
0.003000
 70
0
  0
VERTEX
  8
21
 10
1.546787
 20
0.203000
 30
0.000000
  0
VERTEX
  8
21
 10
1.559843
 20
0.203000
 30
0.000000
  0
SEQEND
  8
0
  0
POLYLINE
  8
21
 66
1
 10
0.000000
 20
0.000000
 30
0.000000
 40
0.001500
 41
0.001500
 70
0
  0
VERTEX
  8
21
 10
1.559843
 20
0.202250
 30
0.000000
 42
1.000000
  0
VERTEX
  8
21
 10
1.559843
 20
0.203750
 30
0.000000
  0
SEQEND
  8
0
  0
POLYLINE
  8
21
 66
1
 10
0.000000
 20
0.000000
 30
0.000000
 40
0.001500
 41
0.001500
 70
0
  0
VERTEX
  8
21
 10
1.546787
 20
0.203750
 30
0.000000
 42
1.000000
  0
VERTEX
  8
21
 10
1.546787
 20
0.202250
 30
0.000000
  0
SEQEND
  8
0
  0
POLYLINE
  8
21
 66
1
 10
0.000000
 20
0.000000
 30
0.000000
 40
0.003000
 41
0.003000
 70
0
  0
VERTEX
  8
21
 10
1.559843
 20
0.203000
 30
0.000000
  0
VERTEX
  8
21
 10
1.559843
 20
0.234333
 30
0.000000
  0
SEQEND
  8
0
  0
POLYLINE
  8
21
 66
1
 10
0.000000
 20
0.000000
 30
0.000000
 40
0.001500
 41
0.001500
 70
0
  0
VERTEX
  8
21
 10
1.560593
 20
0.234333
 30
0.000000
 42
1.000000
  0
VERTEX
  8
21
 10
1.559093
 20
0.234333
 30
0.000000
  0
SEQEND
  8
0
  0
POLYLINE
  8
21
 66
1
 10
0.000000
 20
0.000000
 30
0.000000
 40
0.001500
 41
0.001500
 70
0
  0
VERTEX
  8
21
 10
1.559093
 20
0.203000
 30
0.000000
 42
1.000000
  0
VERTEX
  8
21
 10
1.560593
 20
0.203000
 30
0.000000
  0
SEQEND
  8
0
  0
POLYLINE
  8
21
 66
1
 10
0.000000
 20
0.000000
 30
0.000000
 40
0.003000
 41
0.003000
 70
0
  0
VERTEX
  8
21
 10
1.575747
 20
0.234333
 30
0.000000
  0
VERTEX
  8
21
 10
1.591413
 20
0.234333
 30
0.000000
  0
SEQEND
  8
0
  0
POLYLINE
  8
21
 66
1
 10
0.000000
 20
0.000000
 30
0.000000
 40
0.001500
 41
0.001500
 70
0
  0
VERTEX
  8
21
 10
1.591413
 20
0.233583
 30
0.000000
 42
1.000000
  0
VERTEX
  8
21
 10
1.591413
 20
0.235083
 30
0.000000
  0
SEQEND
  8
0
  0
POLYLINE
  8
21
 66
1
 10
0.000000
 20
0.000000
 30
0.000000
 40
0.001500
 41
0.001500
 70
0
  0
VERTEX
  8
21
 10
1.575747
 20
0.235083
 30
0.000000
 42
1.000000
  0
VERTEX
  8
21
 10
1.575747
 20
0.233583
 30
0.000000
  0
SEQEND
  8
0
  0
POLYLINE
  8
21
 66
1
 10
0.000000
 20
0.000000
 30
0.000000
 40
0.003000
 41
0.003000
 70
0
  0
VERTEX
  8
21
 10
1.580969
 20
0.250000
 30
0.000000
  0
VERTEX
  8
21
 10
1.580969
 20
0.210833
 30
0.000000
  0
SEQEND
  8
0
  0
POLYLINE
  8
21
 66
1
 10
0.000000
 20
0.000000
 30
0.000000
 40
0.001500
 41
0.001500
 70
0
  0
VERTEX
  8
21
 10
1.580219
 20
0.210833
 30
0.000000
 42
1.000000
  0
VERTEX
  8
21
 10
1.581719
 20
0.210833
 30
0.000000
  0
SEQEND
  8
0
  0
POLYLINE
  8
21
 66
1
 10
0.000000
 20
0.000000
 30
0.000000
 40
0.001500
 41
0.001500
 70
0
  0
VERTEX
  8
21
 10
1.581719
 20
0.250000
 30
0.000000
 42
1.000000
  0
VERTEX
  8
21
 10
1.580219
 20
0.250000
 30
0.000000
  0
SEQEND
  8
0
  0
POLYLINE
  8
21
 66
1
 10
0.000000
 20
0.000000
 30
0.000000
 40
0.003000
 41
0.003000
 70
0
  0
VERTEX
  8
21
 10
1.580969
 20
0.210833
 30
0.000000
 42
0.414214
  0
VERTEX
  8
21
 10
1.588802
 20
0.203000
 30
0.000000
  0
SEQEND
  8
0
  0
POLYLINE
  8
21
 66
1
 10
0.000000
 20
0.000000
 30
0.000000
 40
0.001500
 41
0.001500
 70
0
  0
VERTEX
  8
21
 10
1.581719
 20
0.210833
 30
0.000000
 42
1.000000
  0
VERTEX
  8
21
 10
1.580219
 20
0.210833
 30
0.000000
  0
SEQEND
  8
0
  0
POLYLINE
  8
21
 66
1
 10
0.000000
 20
0.000000
 30
0.000000
 40
0.001500
 41
0.001500
 70
0
  0
VERTEX
  8
21
 10
1.588802
 20
0.202250
 30
0.000000
 42
1.000000
  0
VERTEX
  8
21
 10
1.588802
 20
0.203750
 30
0.000000
  0
SEQEND
  8
0
  0
POLYLINE
  8
21
 66
1
 10
0.000000
 20
0.000000
 30
0.000000
 40
0.003000
 41
0.003000
 70
0
  0
VERTEX
  8
21
 10
1.588802
 20
0.203000
 30
0.000000
  0
VERTEX
  8
21
 10
1.591413
 20
0.203000
 30
0.000000
  0
SEQEND
  8
0
  0
POLYLINE
  8
21
 66
1
 10
0.000000
 20
0.000000
 30
0.000000
 40
0.001500
 41
0.001500
 70
0
  0
VERTEX
  8
21
 10
1.591413
 20
0.202250
 30
0.000000
 42
1.000000
  0
VERTEX
  8
21
 10
1.591413
 20
0.203750
 30
0.000000
  0
SEQEND
  8
0
  0
POLYLINE
  8
21
 66
1
 10
0.000000
 20
0.000000
 30
0.000000
 40
0.001500
 41
0.001500
 70
0
  0
VERTEX
  8
21
 10
1.588802
 20
0.203750
 30
0.000000
 42
1.000000
  0
VERTEX
  8
21
 10
1.588802
 20
0.202250
 30
0.000000
  0
SEQEND
  8
0
  0
POLYLINE
  8
21
 66
1
 10
0.000000
 20
0.000000
 30
0.000000
 40
0.003000
 41
0.003000
 70
0
  0
VERTEX
  8
21
 10
1.604246
 20
0.234333
 30
0.000000
  0
VERTEX
  8
21
 10
1.619913
 20
0.234333
 30
0.000000
  0
SEQEND
  8
0
  0
POLYLINE
  8
21
 66
1
 10
0.000000
 20
0.000000
 30
0.000000
 40
0.001500
 41
0.001500
 70
0
  0
VERTEX
  8
21
 10
1.619913
 20
0.233583
 30
0.000000
 42
1.000000
  0
VERTEX
  8
21
 10
1.619913
 20
0.235083
 30
0.000000
  0
SEQEND
  8
0
  0
POLYLINE
  8
21
 66
1
 10
0.000000
 20
0.000000
 30
0.000000
 40
0.001500
 41
0.001500
 70
0
  0
VERTEX
  8
21
 10
1.604246
 20
0.235083
 30
0.000000
 42
1.000000
  0
VERTEX
  8
21
 10
1.604246
 20
0.233583
 30
0.000000
  0
SEQEND
  8
0
  0
POLYLINE
  8
21
 66
1
 10
0.000000
 20
0.000000
 30
0.000000
 40
0.003000
 41
0.003000
 70
0
  0
VERTEX
  8
21
 10
1.609469
 20
0.250000
 30
0.000000
  0
VERTEX
  8
21
 10
1.609469
 20
0.210833
 30
0.000000
  0
SEQEND
  8
0
  0
POLYLINE
  8
21
 66
1
 10
0.000000
 20
0.000000
 30
0.000000
 40
0.001500
 41
0.001500
 70
0
  0
VERTEX
  8
21
 10
1.608719
 20
0.210833
 30
0.000000
 42
1.000000
  0
VERTEX
  8
21
 10
1.610219
 20
0.210833
 30
0.000000
  0
SEQEND
  8
0
  0
POLYLINE
  8
21
 66
1
 10
0.000000
 20
0.000000
 30
0.000000
 40
0.001500
 41
0.001500
 70
0
  0
VERTEX
  8
21
 10
1.610219
 20
0.250000
 30
0.000000
 42
1.000000
  0
VERTEX
  8
21
 10
1.608719
 20
0.250000
 30
0.000000
  0
SEQEND
  8
0
  0
POLYLINE
  8
21
 66
1
 10
0.000000
 20
0.000000
 30
0.000000
 40
0.003000
 41
0.003000
 70
0
  0
VERTEX
  8
21
 10
1.609469
 20
0.210833
 30
0.000000
 42
0.414214
  0
VERTEX
  8
21
 10
1.617302
 20
0.203000
 30
0.000000
  0
SEQEND
  8
0
  0
POLYLINE
  8
21
 66
1
 10
0.000000
 20
0.000000
 30
0.000000
 40
0.001500
 41
0.001500
 70
0
  0
VERTEX
  8
21
 10
1.610219
 20
0.210833
 30
0.000000
 42
1.000000
  0
VERTEX
  8
21
 10
1.608719
 20
0.210833
 30
0.000000
  0
SEQEND
  8
0
  0
POLYLINE
  8
21
 66
1
 10
0.000000
 20
0.000000
 30
0.000000
 40
0.001500
 41
0.001500
 70
0
  0
VERTEX
  8
21
 10
1.617302
 20
0.202250
 30
0.000000
 42
1.000000
  0
VERTEX
  8
21
 10
1.617302
 20
0.203750
 30
0.000000
  0
SEQEND
  8
0
  0
POLYLINE
  8
21
 66
1
 10
0.000000
 20
0.000000
 30
0.000000
 40
0.003000
 41
0.003000
 70
0
  0
VERTEX
  8
21
 10
1.617302
 20
0.203000
 30
0.000000
  0
VERTEX
  8
21
 10
1.619913
 20
0.203000
 30
0.000000
  0
SEQEND
  8
0
  0
POLYLINE
  8
21
 66
1
 10
0.000000
 20
0.000000
 30
0.000000
 40
0.001500
 41
0.001500
 70
0
  0
VERTEX
  8
21
 10
1.619913
 20
0.202250
 30
0.000000
 42
1.000000
  0
VERTEX
  8
21
 10
1.619913
 20
0.203750
 30
0.000000
  0
SEQEND
  8
0
  0
POLYLINE
  8
21
 66
1
 10
0.000000
 20
0.000000
 30
0.000000
 40
0.001500
 41
0.001500
 70
0
  0
VERTEX
  8
21
 10
1.617302
 20
0.203750
 30
0.000000
 42
1.000000
  0
VERTEX
  8
21
 10
1.617302
 20
0.202250
 30
0.000000
  0
SEQEND
  8
0
  0
POLYLINE
  8
21
 66
1
 10
0.000000
 20
0.000000
 30
0.000000
 40
0.003000
 41
0.003000
 70
0
  0
VERTEX
  8
21
 10
1.636453
 20
0.213444
 30
0.000000
  0
VERTEX
  8
21
 10
1.636453
 20
0.223889
 30
0.000000
  0
SEQEND
  8
0
  0
POLYLINE
  8
21
 66
1
 10
0.000000
 20
0.000000
 30
0.000000
 40
0.001500
 41
0.001500
 70
0
  0
VERTEX
  8
21
 10
1.637203
 20
0.223889
 30
0.000000
 42
1.000000
  0
VERTEX
  8
21
 10
1.635703
 20
0.223889
 30
0.000000
  0
SEQEND
  8
0
  0
POLYLINE
  8
21
 66
1
 10
0.000000
 20
0.000000
 30
0.000000
 40
0.001500
 41
0.001500
 70
0
  0
VERTEX
  8
21
 10
1.635703
 20
0.213444
 30
0.000000
 42
1.000000
  0
VERTEX
  8
21
 10
1.637203
 20
0.213444
 30
0.000000
  0
SEQEND
  8
0
  0
POLYLINE
  8
21
 66
1
 10
0.000000
 20
0.000000
 30
0.000000
 40
0.003000
 41
0.003000
 70
0
  0
VERTEX
  8
21
 10
1.657342
 20
0.223889
 30
0.000000
 42
1.000000
  0
VERTEX
  8
21
 10
1.636453
 20
0.223889
 30
0.000000
  0
SEQEND
  8
0
  0
POLYLINE
  8
21
 66
1
 10
0.000000
 20
0.000000
 30
0.000000
 40
0.001500
 41
0.001500
 70
0
  0
VERTEX
  8
21
 10
1.656592
 20
0.223889
 30
0.000000
 42
1.000000
  0
VERTEX
  8
21
 10
1.658092
 20
0.223889
 30
0.000000
  0
SEQEND
  8
0
  0
POLYLINE
  8
21
 66
1
 10
0.000000
 20
0.000000
 30
0.000000
 40
0.001500
 41
0.001500
 70
0
  0
VERTEX
  8
21
 10
1.635703
 20
0.223889
 30
0.000000
 42
1.000000
  0
VERTEX
  8
21
 10
1.637203
 20
0.223889
 30
0.000000
  0
SEQEND
  8
0
  0
POLYLINE
  8
21
 66
1
 10
0.000000
 20
0.000000
 30
0.000000
 40
0.003000
 41
0.003000
 70
0
  0
VERTEX
  8
21
 10
1.657342
 20
0.223889
 30
0.000000
  0
VERTEX
  8
21
 10
1.657342
 20
0.213444
 30
0.000000
  0
SEQEND
  8
0
  0
POLYLINE
  8
21
 66
1
 10
0.000000
 20
0.000000
 30
0.000000
 40
0.001500
 41
0.001500
 70
0
  0
VERTEX
  8
21
 10
1.656592
 20
0.213444
 30
0.000000
 42
1.000000
  0
VERTEX
  8
21
 10
1.658092
 20
0.213444
 30
0.000000
  0
SEQEND
  8
0
  0
POLYLINE
  8
21
 66
1
 10
0.000000
 20
0.000000
 30
0.000000
 40
0.001500
 41
0.001500
 70
0
  0
VERTEX
  8
21
 10
1.658092
 20
0.223889
 30
0.000000
 42
1.000000
  0
VERTEX
  8
21
 10
1.656592
 20
0.223889
 30
0.000000
  0
SEQEND
  8
0
  0
POLYLINE
  8
21
 66
1
 10
0.000000
 20
0.000000
 30
0.000000
 40
0.003000
 41
0.003000
 70
0
  0
VERTEX
  8
21
 10
1.636453
 20
0.213444
 30
0.000000
 42
1.000000
  0
VERTEX
  8
21
 10
1.657342
 20
0.213444
 30
0.000000
  0
SEQEND
  8
0
  0
POLYLINE
  8
21
 66
1
 10
0.000000
 20
0.000000
 30
0.000000
 40
0.001500
 41
0.001500
 70
0
  0
VERTEX
  8
21
 10
1.637203
 20
0.213444
 30
0.000000
 42
1.000000
  0
VERTEX
  8
21
 10
1.635703
 20
0.213444
 30
0.000000
  0
SEQEND
  8
0
  0
POLYLINE
  8
21
 66
1
 10
0.000000
 20
0.000000
 30
0.000000
 40
0.001500
 41
0.001500
 70
0
  0
VERTEX
  8
21
 10
1.658092
 20
0.213444
 30
0.000000
 42
1.000000
  0
VERTEX
  8
21
 10
1.656592
 20
0.213444
 30
0.000000
  0
SEQEND
  8
0
  0
POLYLINE
  8
21
 66
1
 10
0.000000
 20
0.000000
 30
0.000000
 40
0.003000
 41
0.003000
 70
0
  0
VERTEX
  8
21
 10
1.676953
 20
0.203000
 30
0.000000
  0
VERTEX
  8
21
 10
1.676953
 20
0.234333
 30
0.000000
  0
SEQEND
  8
0
  0
POLYLINE
  8
21
 66
1
 10
0.000000
 20
0.000000
 30
0.000000
 40
0.001500
 41
0.001500
 70
0
  0
VERTEX
  8
21
 10
1.677703
 20
0.234333
 30
0.000000
 42
1.000000
  0
VERTEX
  8
21
 10
1.676203
 20
0.234333
 30
0.000000
  0
SEQEND
  8
0
  0
POLYLINE
  8
21
 66
1
 10
0.000000
 20
0.000000
 30
0.000000
 40
0.001500
 41
0.001500
 70
0
  0
VERTEX
  8
21
 10
1.676203
 20
0.203000
 30
0.000000
 42
1.000000
  0
VERTEX
  8
21
 10
1.677703
 20
0.203000
 30
0.000000
  0
SEQEND
  8
0
  0
POLYLINE
  8
21
 66
1
 10
0.000000
 20
0.000000
 30
0.000000
 40
0.003000
 41
0.003000
 70
0
  0
VERTEX
  8
21
 10
1.676953
 20
0.234333
 30
0.000000
  0
VERTEX
  8
21
 10
1.690009
 20
0.234333
 30
0.000000
  0
SEQEND
  8
0
  0
POLYLINE
  8
21
 66
1
 10
0.000000
 20
0.000000
 30
0.000000
 40
0.001500
 41
0.001500
 70
0
  0
VERTEX
  8
21
 10
1.690009
 20
0.233583
 30
0.000000
 42
1.000000
  0
VERTEX
  8
21
 10
1.690009
 20
0.235083
 30
0.000000
  0
SEQEND
  8
0
  0
POLYLINE
  8
21
 66
1
 10
0.000000
 20
0.000000
 30
0.000000
 40
0.001500
 41
0.001500
 70
0
  0
VERTEX
  8
21
 10
1.676953
 20
0.235083
 30
0.000000
 42
1.000000
  0
VERTEX
  8
21
 10
1.676953
 20
0.233583
 30
0.000000
  0
SEQEND
  8
0
  0
POLYLINE
  8
21
 66
1
 10
0.000000
 20
0.000000
 30
0.000000
 40
0.003000
 41
0.003000
 70
0
  0
VERTEX
  8
21
 10
1.697842
 20
0.226500
 30
0.000000
 42
0.414214
  0
VERTEX
  8
21
 10
1.690009
 20
0.234333
 30
0.000000
  0
SEQEND
  8
0
  0
POLYLINE
  8
21
 66
1
 10
0.000000
 20
0.000000
 30
0.000000
 40
0.001500
 41
0.001500
 70
0
  0
VERTEX
  8
21
 10
1.697092
 20
0.226500
 30
0.000000
 42
1.000000
  0
VERTEX
  8
21
 10
1.698592
 20
0.226500
 30
0.000000
  0
SEQEND
  8
0
  0
POLYLINE
  8
21
 66
1
 10
0.000000
 20
0.000000
 30
0.000000
 40
0.001500
 41
0.001500
 70
0
  0
VERTEX
  8
21
 10
1.690009
 20
0.235083
 30
0.000000
 42
1.000000
  0
VERTEX
  8
21
 10
1.690009
 20
0.233583
 30
0.000000
  0
SEQEND
  8
0
  0
POLYLINE
  8
21
 66
1
 10
0.000000
 20
0.000000
 30
0.000000
 40
0.003000
 41
0.003000
 70
0
  0
VERTEX
  8
21
 10
1.697842
 20
0.226500
 30
0.000000
  0
VERTEX
  8
21
 10
1.697842
 20
0.203000
 30
0.000000
  0
SEQEND
  8
0
  0
POLYLINE
  8
21
 66
1
 10
0.000000
 20
0.000000
 30
0.000000
 40
0.001500
 41
0.001500
 70
0
  0
VERTEX
  8
21
 10
1.697092
 20
0.203000
 30
0.000000
 42
1.000000
  0
VERTEX
  8
21
 10
1.698592
 20
0.203000
 30
0.000000
  0
SEQEND
  8
0
  0
POLYLINE
  8
21
 66
1
 10
0.000000
 20
0.000000
 30
0.000000
 40
0.001500
 41
0.001500
 70
0
  0
VERTEX
  8
21
 10
1.698592
 20
0.226500
 30
0.000000
 42
1.000000
  0
VERTEX
  8
21
 10
1.697092
 20
0.226500
 30
0.000000
  0
SEQEND
  8
0
  0
POINT
  8
23
 10
0.900000
 20
1.650000
 30
0.000000
  0
POLYLINE
  8
21
 66
1
 10
0.000000
 20
0.000000
 30
0.000000
 40
0.005000
 41
0.005000
 70
0
  0
VERTEX
  8
21
 10
0.350000
 20
2.600000
 30
0.000000
  0
VERTEX
  8
21
 10
1.350000
 20
2.600000
 30
0.000000
  0
SEQEND
  8
0
  0
POLYLINE
  8
21
 66
1
 10
0.000000
 20
0.000000
 30
0.000000
 40
0.002500
 41
0.002500
 70
0
  0
VERTEX
  8
21
 10
1.350000
 20
2.598750
 30
0.000000
 42
1.000000
  0
VERTEX
  8
21
 10
1.350000
 20
2.601250
 30
0.000000
  0
SEQEND
  8
0
  0
POLYLINE
  8
21
 66
1
 10
0.000000
 20
0.000000
 30
0.000000
 40
0.002500
 41
0.002500
 70
0
  0
VERTEX
  8
21
 10
0.350000
 20
2.601250
 30
0.000000
 42
1.000000
  0
VERTEX
  8
21
 10
0.350000
 20
2.598750
 30
0.000000
  0
SEQEND
  8
0
  0
POLYLINE
  8
21
 66
1
 10
0.000000
 20
0.000000
 30
0.000000
 40
0.005000
 41
0.005000
 70
0
  0
VERTEX
  8
21
 10
1.350000
 20
2.600000
 30
0.000000
  0
VERTEX
  8
21
 10
1.350000
 20
0.700000
 30
0.000000
  0
SEQEND
  8
0
  0
POLYLINE
  8
21
 66
1
 10
0.000000
 20
0.000000
 30
0.000000
 40
0.002500
 41
0.002500
 70
0
  0
VERTEX
  8
21
 10
1.348750
 20
0.700000
 30
0.000000
 42
1.000000
  0
VERTEX
  8
21
 10
1.351250
 20
0.700000
 30
0.000000
  0
SEQEND
  8
0
  0
POLYLINE
  8
21
 66
1
 10
0.000000
 20
0.000000
 30
0.000000
 40
0.002500
 41
0.002500
 70
0
  0
VERTEX
  8
21
 10
1.351250
 20
2.600000
 30
0.000000
 42
1.000000
  0
VERTEX
  8
21
 10
1.348750
 20
2.600000
 30
0.000000
  0
SEQEND
  8
0
  0
POLYLINE
  8
21
 66
1
 10
0.000000
 20
0.000000
 30
0.000000
 40
0.005000
 41
0.005000
 70
0
  0
VERTEX
  8
21
 10
1.350000
 20
0.700000
 30
0.000000
  0
VERTEX
  8
21
 10
0.350000
 20
0.700000
 30
0.000000
  0
SEQEND
  8
0
  0
POLYLINE
  8
21
 66
1
 10
0.000000
 20
0.000000
 30
0.000000
 40
0.002500
 41
0.002500
 70
0
  0
VERTEX
  8
21
 10
0.350000
 20
0.701250
 30
0.000000
 42
1.000000
  0
VERTEX
  8
21
 10
0.350000
 20
0.698750
 30
0.000000
  0
SEQEND
  8
0
  0
POLYLINE
  8
21
 66
1
 10
0.000000
 20
0.000000
 30
0.000000
 40
0.002500
 41
0.002500
 70
0
  0
VERTEX
  8
21
 10
1.350000
 20
0.698750
 30
0.000000
 42
1.000000
  0
VERTEX
  8
21
 10
1.350000
 20
0.701250
 30
0.000000
  0
SEQEND
  8
0
  0
POLYLINE
  8
21
 66
1
 10
0.000000
 20
0.000000
 30
0.000000
 40
0.005000
 41
0.005000
 70
0
  0
VERTEX
  8
21
 10
0.350000
 20
0.700000
 30
0.000000
  0
VERTEX
  8
21
 10
0.350000
 20
2.600000
 30
0.000000
  0
SEQEND
  8
0
  0
POLYLINE
  8
21
 66
1
 10
0.000000
 20
0.000000
 30
0.000000
 40
0.002500
 41
0.002500
 70
0
  0
VERTEX
  8
21
 10
0.351250
 20
2.600000
 30
0.000000
 42
1.000000
  0
VERTEX
  8
21
 10
0.348750
 20
2.600000
 30
0.000000
  0
SEQEND
  8
0
  0
POLYLINE
  8
21
 66
1
 10
0.000000
 20
0.000000
 30
0.000000
 40
0.002500
 41
0.002500
 70
0
  0
VERTEX
  8
21
 10
0.348750
 20
0.700000
 30
0.000000
 42
1.000000
  0
VERTEX
  8
21
 10
0.351250
 20
0.700000
 30
0.000000
  0
SEQEND
  8
0
  0
POLYLINE
  8
49
 66
1
 10
0.000000
 20
0.000000
 30
0.000000
 40
0.004000
 41
0.004000
 70
0
  0
VERTEX
  8
49
 10
0.798000
 20
1.272444
 30
0.000000
  0
VERTEX
  8
49
 10
0.798000
 20
1.252000
 30
0.000000
  0
SEQEND
  8
0
  0
POLYLINE
  8
49
 66
1
 10
0.000000
 20
0.000000
 30
0.000000
 40
0.002000
 41
0.002000
 70
0
  0
VERTEX
  8
49
 10
0.797000
 20
1.252000
 30
0.000000
 42
1.000000
  0
VERTEX
  8
49
 10
0.799000
 20
1.252000
 30
0.000000
  0
SEQEND
  8
0
  0
POLYLINE
  8
49
 66
1
 10
0.000000
 20
0.000000
 30
0.000000
 40
0.002000
 41
0.002000
 70
0
  0
VERTEX
  8
49
 10
0.799000
 20
1.272444
 30
0.000000
 42
1.000000
  0
VERTEX
  8
49
 10
0.797000
 20
1.272444
 30
0.000000
  0
SEQEND
  8
0
  0
POLYLINE
  8
49
 66
1
 10
0.000000
 20
0.000000
 30
0.000000
 40
0.004000
 41
0.004000
 70
0
  0
VERTEX
  8
49
 10
0.798000
 20
1.252000
 30
0.000000
  0
VERTEX
  8
49
 10
0.752000
 20
1.252000
 30
0.000000
  0
SEQEND
  8
0
  0
POLYLINE
  8
49
 66
1
 10
0.000000
 20
0.000000
 30
0.000000
 40
0.002000
 41
0.002000
 70
0
  0
VERTEX
  8
49
 10
0.752000
 20
1.253000
 30
0.000000
 42
1.000000
  0
VERTEX
  8
49
 10
0.752000
 20
1.251000
 30
0.000000
  0
SEQEND
  8
0
  0
POLYLINE
  8
49
 66
1
 10
0.000000
 20
0.000000
 30
0.000000
 40
0.002000
 41
0.002000
 70
0
  0
VERTEX
  8
49
 10
0.798000
 20
1.251000
 30
0.000000
 42
1.000000
  0
VERTEX
  8
49
 10
0.798000
 20
1.253000
 30
0.000000
  0
SEQEND
  8
0
  0
POLYLINE
  8
49
 66
1
 10
0.000000
 20
0.000000
 30
0.000000
 40
0.004000
 41
0.004000
 70
0
  0
VERTEX
  8
49
 10
0.752000
 20
1.252000
 30
0.000000
  0
VERTEX
  8
49
 10
0.752000
 20
1.272444
 30
0.000000
  0
SEQEND
  8
0
  0
POLYLINE
  8
49
 66
1
 10
0.000000
 20
0.000000
 30
0.000000
 40
0.002000
 41
0.002000
 70
0
  0
VERTEX
  8
49
 10
0.753000
 20
1.272444
 30
0.000000
 42
1.000000
  0
VERTEX
  8
49
 10
0.751000
 20
1.272444
 30
0.000000
  0
SEQEND
  8
0
  0
POLYLINE
  8
49
 66
1
 10
0.000000
 20
0.000000
 30
0.000000
 40
0.002000
 41
0.002000
 70
0
  0
VERTEX
  8
49
 10
0.751000
 20
1.252000
 30
0.000000
 42
1.000000
  0
VERTEX
  8
49
 10
0.753000
 20
1.252000
 30
0.000000
  0
SEQEND
  8
0
  0
POLYLINE
  8
49
 66
1
 10
0.000000
 20
0.000000
 30
0.000000
 40
0.004000
 41
0.004000
 70
0
  0
VERTEX
  8
49
 10
0.772445
 20
1.252000
 30
0.000000
  0
VERTEX
  8
49
 10
0.772445
 20
1.267333
 30
0.000000
  0
SEQEND
  8
0
  0
POLYLINE
  8
49
 66
1
 10
0.000000
 20
0.000000
 30
0.000000
 40
0.002000
 41
0.002000
 70
0
  0
VERTEX
  8
49
 10
0.773445
 20
1.267333
 30
0.000000
 42
1.000000
  0
VERTEX
  8
49
 10
0.771445
 20
1.267333
 30
0.000000
  0
SEQEND
  8
0
  0
POLYLINE
  8
49
 66
1
 10
0.000000
 20
0.000000
 30
0.000000
 40
0.002000
 41
0.002000
 70
0
  0
VERTEX
  8
49
 10
0.771445
 20
1.252000
 30
0.000000
 42
1.000000
  0
VERTEX
  8
49
 10
0.773445
 20
1.252000
 30
0.000000
  0
SEQEND
  8
0
  0
POLYLINE
  8
49
 66
1
 10
0.000000
 20
0.000000
 30
0.000000
 40
0.004000
 41
0.004000
 70
0
  0
VERTEX
  8
49
 10
0.798000
 20
1.303244
 30
0.000000
 42
0.414214
  0
VERTEX
  8
49
 10
0.787778
 20
1.313467
 30
0.000000
  0
SEQEND
  8
0
  0
POLYLINE
  8
49
 66
1
 10
0.000000
 20
0.000000
 30
0.000000
 40
0.002000
 41
0.002000
 70
0
  0
VERTEX
  8
49
 10
0.797000
 20
1.303244
 30
0.000000
 42
1.000000
  0
VERTEX
  8
49
 10
0.799000
 20
1.303244
 30
0.000000
  0
SEQEND
  8
0
  0
POLYLINE
  8
49
 66
1
 10
0.000000
 20
0.000000
 30
0.000000
 40
0.002000
 41
0.002000
 70
0
  0
VERTEX
  8
49
 10
0.787778
 20
1.314467
 30
0.000000
 42
1.000000
  0
VERTEX
  8
49
 10
0.787778
 20
1.312467
 30
0.000000
  0
SEQEND
  8
0
  0
POLYLINE
  8
49
 66
1
 10
0.000000
 20
0.000000
 30
0.000000
 40
0.004000
 41
0.004000
 70
0
  0
VERTEX
  8
49
 10
0.791611
 20
1.287911
 30
0.000000
 42
0.199996
  0
VERTEX
  8
49
 10
0.798000
 20
1.303244
 30
0.000000
  0
SEQEND
  8
0
  0
POLYLINE
  8
49
 66
1
 10
0.000000
 20
0.000000
 30
0.000000
 40
0.002000
 41
0.002000
 70
0
  0
VERTEX
  8
49
 10
0.790907
 20
1.288621
 30
0.000000
 42
1.000000
  0
VERTEX
  8
49
 10
0.792315
 20
1.287201
 30
0.000000
  0
SEQEND
  8
0
  0
POLYLINE
  8
49
 66
1
 10
0.000000
 20
0.000000
 30
0.000000
 40
0.002000
 41
0.002000
 70
0
  0
VERTEX
  8
49
 10
0.799000
 20
1.303244
 30
0.000000
 42
1.000000
  0
VERTEX
  8
49
 10
0.797000
 20
1.303244
 30
0.000000
  0
SEQEND
  8
0
  0
POLYLINE
  8
49
 66
1
 10
0.000000
 20
0.000000
 30
0.000000
 40
0.004000
 41
0.004000
 70
0
  0
VERTEX
  8
49
 10
0.752000
 20
1.299411
 30
0.000000
 42
0.414214
  0
VERTEX
  8
49
 10
0.762222
 20
1.289189
 30
0.000000
  0
SEQEND
  8
0
  0
POLYLINE
  8
49
 66
1
 10
0.000000
 20
0.000000
 30
0.000000
 40
0.002000
 41
0.002000
 70
0
  0
VERTEX
  8
49
 10
0.753000
 20
1.299411
 30
0.000000
 42
1.000000
  0
VERTEX
  8
49
 10
0.751000
 20
1.299411
 30
0.000000
  0
SEQEND
  8
0
  0
POLYLINE
  8
49
 66
1
 10
0.000000
 20
0.000000
 30
0.000000
 40
0.002000
 41
0.002000
 70
0
  0
VERTEX
  8
49
 10
0.762222
 20
1.288189
 30
0.000000
 42
1.000000
  0
VERTEX
  8
49
 10
0.762222
 20
1.290189
 30
0.000000
  0
SEQEND
  8
0
  0
POLYLINE
  8
49
 66
1
 10
0.000000
 20
0.000000
 30
0.000000
 40
0.004000
 41
0.004000
 70
0
  0
VERTEX
  8
49
 10
0.755833
 20
1.310911
 30
0.000000
 42
0.162281
  0
VERTEX
  8
49
 10
0.752000
 20
1.299411
 30
0.000000
  0
SEQEND
  8
0
  0
POLYLINE
  8
49
 66
1
 10
0.000000
 20
0.000000
 30
0.000000
 40
0.002000
 41
0.002000
 70
0
  0
VERTEX
  8
49
 10
0.756633
 20
1.310311
 30
0.000000
 42
1.000000
  0
VERTEX
  8
49
 10
0.755033
 20
1.311511
 30
0.000000
  0
SEQEND
  8
0
  0
POLYLINE
  8
49
 66
1
 10
0.000000
 20
0.000000
 30
0.000000
 40
0.002000
 41
0.002000
 70
0
  0
VERTEX
  8
49
 10
0.751000
 20
1.299411
 30
0.000000
 42
1.000000
  0
VERTEX
  8
49
 10
0.753000
 20
1.299411
 30
0.000000
  0
SEQEND
  8
0
  0
POLYLINE
  8
49
 66
1
 10
0.000000
 20
0.000000
 30
0.000000
 40
0.004000
 41
0.004000
 70
0
  0
VERTEX
  8
49
 10
0.762222
 20
1.289189
 30
0.000000
 42
0.265567
  0
VERTEX
  8
49
 10
0.771167
 20
1.294300
 30
0.000000
  0
SEQEND
  8
0
  0
POLYLINE
  8
49
 66
1
 10
0.000000
 20
0.000000
 30
0.000000
 40
0.002000
 41
0.002000
 70
0
  0
VERTEX
  8
49
 10
0.762222
 20
1.290189
 30
0.000000
 42
1.000000
  0
VERTEX
  8
49
 10
0.762222
 20
1.288189
 30
0.000000
  0
SEQEND
  8
0
  0
POLYLINE
  8
49
 66
1
 10
0.000000
 20
0.000000
 30
0.000000
 40
0.002000
 41
0.002000
 70
0
  0
VERTEX
  8
49
 10
0.772028
 20
1.293792
 30
0.000000
 42
1.000000
  0
VERTEX
  8
49
 10
0.770305
 20
1.294808
 30
0.000000
  0
SEQEND
  8
0
  0
POLYLINE
  8
49
 66
1
 10
0.000000
 20
0.000000
 30
0.000000
 40
0.004000
 41
0.004000
 70
0
  0
VERTEX
  8
49
 10
0.787778
 20
1.313467
 30
0.000000
 42
0.265565
  0
VERTEX
  8
49
 10
0.778833
 20
1.308355
 30
0.000000
  0
SEQEND
  8
0
  0
POLYLINE
  8
49
 66
1
 10
0.000000
 20
0.000000
 30
0.000000
 40
0.002000
 41
0.002000
 70
0
  0
VERTEX
  8
49
 10
0.787778
 20
1.312467
 30
0.000000
 42
1.000000
  0
VERTEX
  8
49
 10
0.787778
 20
1.314467
 30
0.000000
  0
SEQEND
  8
0
  0
POLYLINE
  8
49
 66
1
 10
0.000000
 20
0.000000
 30
0.000000
 40
0.002000
 41
0.002000
 70
0
  0
VERTEX
  8
49
 10
0.777972
 20
1.308863
 30
0.000000
 42
1.000000
  0
VERTEX
  8
49
 10
0.779695
 20
1.307848
 30
0.000000
  0
SEQEND
  8
0
  0
POLYLINE
  8
49
 66
1
 10
0.000000
 20
0.000000
 30
0.000000
 40
0.004000
 41
0.004000
 70
0
  0
VERTEX
  8
49
 10
0.778833
 20
1.308355
 30
0.000000
  0
VERTEX
  8
49
 10
0.771167
 20
1.294300
 30
0.000000
  0
SEQEND
  8
0
  0
POLYLINE
  8
49
 66
1
 10
0.000000
 20
0.000000
 30
0.000000
 40
0.002000
 41
0.002000
 70
0
  0
VERTEX
  8
49
 10
0.770289
 20
1.294779
 30
0.000000
 42
1.000000
  0
VERTEX
  8
49
 10
0.772045
 20
1.293821
 30
0.000000
  0
SEQEND
  8
0
  0
POLYLINE
  8
49
 66
1
 10
0.000000
 20
0.000000
 30
0.000000
 40
0.002000
 41
0.002000
 70
0
  0
VERTEX
  8
49
 10
0.779711
 20
1.307877
 30
0.000000
 42
1.000000
  0
VERTEX
  8
49
 10
0.777956
 20
1.308834
 30
0.000000
  0
SEQEND
  8
0
  0
POLYLINE
  8
49
 66
1
 10
0.000000
 20
0.000000
 30
0.000000
 40
0.004000
 41
0.004000
 70
0
  0
VERTEX
  8
49
 10
0.798000
 20
1.333578
 30
0.000000
  0
VERTEX
  8
49
 10
0.752000
 20
1.333578
 30
0.000000
  0
SEQEND
  8
0
  0
POLYLINE
  8
49
 66
1
 10
0.000000
 20
0.000000
 30
0.000000
 40
0.002000
 41
0.002000
 70
0
  0
VERTEX
  8
49
 10
0.752000
 20
1.334578
 30
0.000000
 42
1.000000
  0
VERTEX
  8
49
 10
0.752000
 20
1.332578
 30
0.000000
  0
SEQEND
  8
0
  0
POLYLINE
  8
49
 66
1
 10
0.000000
 20
0.000000
 30
0.000000
 40
0.002000
 41
0.002000
 70
0
  0
VERTEX
  8
49
 10
0.798000
 20
1.332578
 30
0.000000
 42
1.000000
  0
VERTEX
  8
49
 10
0.798000
 20
1.334578
 30
0.000000
  0
SEQEND
  8
0
  0
POLYLINE
  8
49
 66
1
 10
0.000000
 20
0.000000
 30
0.000000
 40
0.004000
 41
0.004000
 70
0
  0
VERTEX
  8
49
 10
0.752000
 20
1.333578
 30
0.000000
  0
VERTEX
  8
49
 10
0.752000
 20
1.346355
 30
0.000000
  0
SEQEND
  8
0
  0
POLYLINE
  8
49
 66
1
 10
0.000000
 20
0.000000
 30
0.000000
 40
0.002000
 41
0.002000
 70
0
  0
VERTEX
  8
49
 10
0.753000
 20
1.346355
 30
0.000000
 42
1.000000
  0
VERTEX
  8
49
 10
0.751000
 20
1.346355
 30
0.000000
  0
SEQEND
  8
0
  0
POLYLINE
  8
49
 66
1
 10
0.000000
 20
0.000000
 30
0.000000
 40
0.002000
 41
0.002000
 70
0
  0
VERTEX
  8
49
 10
0.751000
 20
1.333578
 30
0.000000
 42
1.000000
  0
VERTEX
  8
49
 10
0.753000
 20
1.333578
 30
0.000000
  0
SEQEND
  8
0
  0
POLYLINE
  8
49
 66
1
 10
0.000000
 20
0.000000
 30
0.000000
 40
0.004000
 41
0.004000
 70
0
  0
VERTEX
  8
49
 10
0.777556
 20
1.346355
 30
0.000000
 42
1.000000
  0
VERTEX
  8
49
 10
0.752000
 20
1.346355
 30
0.000000
  0
SEQEND
  8
0
  0
POLYLINE
  8
49
 66
1
 10
0.000000
 20
0.000000
 30
0.000000
 40
0.002000
 41
0.002000
 70
0
  0
VERTEX
  8
49
 10
0.776556
 20
1.346355
 30
0.000000
 42
1.000000
  0
VERTEX
  8
49
 10
0.778556
 20
1.346355
 30
0.000000
  0
SEQEND
  8
0
  0
POLYLINE
  8
49
 66
1
 10
0.000000
 20
0.000000
 30
0.000000
 40
0.002000
 41
0.002000
 70
0
  0
VERTEX
  8
49
 10
0.751000
 20
1.346355
 30
0.000000
 42
1.000000
  0
VERTEX
  8
49
 10
0.753000
 20
1.346355
 30
0.000000
  0
SEQEND
  8
0
  0
POLYLINE
  8
49
 66
1
 10
0.000000
 20
0.000000
 30
0.000000
 40
0.004000
 41
0.004000
 70
0
  0
VERTEX
  8
49
 10
0.777556
 20
1.346355
 30
0.000000
  0
VERTEX
  8
49
 10
0.777556
 20
1.333578
 30
0.000000
  0
SEQEND
  8
0
  0
POLYLINE
  8
49
 66
1
 10
0.000000
 20
0.000000
 30
0.000000
 40
0.002000
 41
0.002000
 70
0
  0
VERTEX
  8
49
 10
0.776556
 20
1.333578
 30
0.000000
 42
1.000000
  0
VERTEX
  8
49
 10
0.778556
 20
1.333578
 30
0.000000
  0
SEQEND
  8
0
  0
POLYLINE
  8
49
 66
1
 10
0.000000
 20
0.000000
 30
0.000000
 40
0.002000
 41
0.002000
 70
0
  0
VERTEX
  8
49
 10
0.778556
 20
1.346355
 30
0.000000
 42
1.000000
  0
VERTEX
  8
49
 10
0.776556
 20
1.346355
 30
0.000000
  0
SEQEND
  8
0
  0
POLYLINE
  8
49
 66
1
 10
0.000000
 20
0.000000
 30
0.000000
 40
0.004000
 41
0.004000
 70
0
  0
VERTEX
  8
49
 10
0.780111
 20
1.376855
 30
0.000000
  0
VERTEX
  8
49
 10
0.780111
 20
1.407522
 30
0.000000
  0
SEQEND
  8
0
  0
POLYLINE
  8
49
 66
1
 10
0.000000
 20
0.000000
 30
0.000000
 40
0.002000
 41
0.002000
 70
0
  0
VERTEX
  8
49
 10
0.781111
 20
1.407522
 30
0.000000
 42
1.000000
  0
VERTEX
  8
49
 10
0.779111
 20
1.407522
 30
0.000000
  0
SEQEND
  8
0
  0
POLYLINE
  8
49
 66
1
 10
0.000000
 20
0.000000
 30
0.000000
 40
0.002000
 41
0.002000
 70
0
  0
VERTEX
  8
49
 10
0.779111
 20
1.376855
 30
0.000000
 42
1.000000
  0
VERTEX
  8
49
 10
0.781111
 20
1.376855
 30
0.000000
  0
SEQEND
  8
0
  0
POLYLINE
  8
49
 66
1
 10
0.000000
 20
0.000000
 30
0.000000
 40
0.004000
 41
0.004000
 70
0
  0
VERTEX
  8
49
 10
0.762222
 20
1.427411
 30
0.000000
  0
VERTEX
  8
49
 10
0.752000
 20
1.440188
 30
0.000000
  0
SEQEND
  8
0
  0
POLYLINE
  8
49
 66
1
 10
0.000000
 20
0.000000
 30
0.000000
 40
0.002000
 41
0.002000
 70
0
  0
VERTEX
  8
49
 10
0.752781
 20
1.440813
 30
0.000000
 42
1.000000
  0
VERTEX
  8
49
 10
0.751219
 20
1.439564
 30
0.000000
  0
SEQEND
  8
0
  0
POLYLINE
  8
49
 66
1
 10
0.000000
 20
0.000000
 30
0.000000
 40
0.002000
 41
0.002000
 70
0
  0
VERTEX
  8
49
 10
0.761441
 20
1.426786
 30
0.000000
 42
1.000000
  0
VERTEX
  8
49
 10
0.763003
 20
1.428036
 30
0.000000
  0
SEQEND
  8
0
  0
POLYLINE
  8
49
 66
1
 10
0.000000
 20
0.000000
 30
0.000000
 40
0.004000
 41
0.004000
 70
0
  0
VERTEX
  8
49
 10
0.752000
 20
1.440188
 30
0.000000
  0
VERTEX
  8
49
 10
0.798000
 20
1.440188
 30
0.000000
  0
SEQEND
  8
0
  0
POLYLINE
  8
49
 66
1
 10
0.000000
 20
0.000000
 30
0.000000
 40
0.002000
 41
0.002000
 70
0
  0
VERTEX
  8
49
 10
0.798000
 20
1.439188
 30
0.000000
 42
1.000000
  0
VERTEX
  8
49
 10
0.798000
 20
1.441188
 30
0.000000
  0
SEQEND
  8
0
  0
POLYLINE
  8
49
 66
1
 10
0.000000
 20
0.000000
 30
0.000000
 40
0.002000
 41
0.002000
 70
0
  0
VERTEX
  8
49
 10
0.752000
 20
1.441188
 30
0.000000
 42
1.000000
  0
VERTEX
  8
49
 10
0.752000
 20
1.439188
 30
0.000000
  0
SEQEND
  8
0
  0
POLYLINE
  8
49
 66
1
 10
0.000000
 20
0.000000
 30
0.000000
 40
0.004000
 41
0.004000
 70
0
  0
VERTEX
  8
49
 10
0.798000
 20
1.427411
 30
0.000000
  0
VERTEX
  8
49
 10
0.798000
 20
1.452966
 30
0.000000
  0
SEQEND
  8
0
  0
POLYLINE
  8
49
 66
1
 10
0.000000
 20
0.000000
 30
0.000000
 40
0.002000
 41
0.002000
 70
0
  0
VERTEX
  8
49
 10
0.799000
 20
1.452966
 30
0.000000
 42
1.000000
  0
VERTEX
  8
49
 10
0.797000
 20
1.452966
 30
0.000000
  0
SEQEND
  8
0
  0
POLYLINE
  8
49
 66
1
 10
0.000000
 20
0.000000
 30
0.000000
 40
0.002000
 41
0.002000
 70
0
  0
VERTEX
  8
49
 10
0.797000
 20
1.427411
 30
0.000000
 42
1.000000
  0
VERTEX
  8
49
 10
0.799000
 20
1.427411
 30
0.000000
  0
SEQEND
  8
0
  0
POLYLINE
  8
49
 66
1
 10
0.000000
 20
0.000000
 30
0.000000
 40
0.004000
 41
0.004000
 70
0
  0
VERTEX
  8
49
 10
0.763500
 20
1.497966
 30
0.000000
 42
0.414214
  0
VERTEX
  8
49
 10
0.752000
 20
1.486466
 30
0.000000
  0
SEQEND
  8
0
  0
POLYLINE
  8
49
 66
1
 10
0.000000
 20
0.000000
 30
0.000000
 40
0.002000
 41
0.002000
 70
0
  0
VERTEX
  8
49
 10
0.763500
 20
1.496966
 30
0.000000
 42
1.000000
  0
VERTEX
  8
49
 10
0.763500
 20
1.498966
 30
0.000000
  0
SEQEND
  8
0
  0
POLYLINE
  8
49
 66
1
 10
0.000000
 20
0.000000
 30
0.000000
 40
0.002000
 41
0.002000
 70
0
  0
VERTEX
  8
49
 10
0.751000
 20
1.486466
 30
0.000000
 42
1.000000
  0
VERTEX
  8
49
 10
0.753000
 20
1.486466
 30
0.000000
  0
SEQEND
  8
0
  0
POLYLINE
  8
49
 66
1
 10
0.000000
 20
0.000000
 30
0.000000
 40
0.004000
 41
0.004000
 70
0
  0
VERTEX
  8
49
 10
0.752000
 20
1.486466
 30
0.000000
 42
0.325186
  0
VERTEX
  8
49
 10
0.762222
 20
1.472411
 30
0.000000
  0
SEQEND
  8
0
  0
POLYLINE
  8
49
 66
1
 10
0.000000
 20
0.000000
 30
0.000000
 40
0.002000
 41
0.002000
 70
0
  0
VERTEX
  8
49
 10
0.753000
 20
1.486466
 30
0.000000
 42
1.000000
  0
VERTEX
  8
49
 10
0.751000
 20
1.486466
 30
0.000000
  0
SEQEND
  8
0
  0
POLYLINE
  8
49
 66
1
 10
0.000000
 20
0.000000
 30
0.000000
 40
0.002000
 41
0.002000
 70
0
  0
VERTEX
  8
49
 10
0.761914
 20
1.471459
 30
0.000000
 42
1.000000
  0
VERTEX
  8
49
 10
0.762530
 20
1.473362
 30
0.000000
  0
SEQEND
  8
0
  0
POLYLINE
  8
49
 66
1
 10
0.000000
 20
0.000000
 30
0.000000
 40
0.004000
 41
0.004000
 70
0
  0
VERTEX
  8
49
 10
0.772445
 20
1.494133
 30
0.000000
 42
0.205256
  0
VERTEX
  8
49
 10
0.763500
 20
1.497966
 30
0.000000
  0
SEQEND
  8
0
  0
POLYLINE
  8
49
 66
1
 10
0.000000
 20
0.000000
 30
0.000000
 40
0.002000
 41
0.002000
 70
0
  0
VERTEX
  8
49
 10
0.771720
 20
1.493443
 30
0.000000
 42
1.000000
  0
VERTEX
  8
49
 10
0.773169
 20
1.494823
 30
0.000000
  0
SEQEND
  8
0
  0
POLYLINE
  8
49
 66
1
 10
0.000000
 20
0.000000
 30
0.000000
 40
0.002000
 41
0.002000
 70
0
  0
VERTEX
  8
49
 10
0.763500
 20
1.498966
 30
0.000000
 42
1.000000
  0
VERTEX
  8
49
 10
0.763500
 20
1.496966
 30
0.000000
  0
SEQEND
  8
0
  0
POLYLINE
  8
49
 66
1
 10
0.000000
 20
0.000000
 30
0.000000
 40
0.004000
 41
0.004000
 70
0
  0
VERTEX
  8
49
 10
0.772445
 20
1.494133
 30
0.000000
  0
VERTEX
  8
49
 10
0.798000
 20
1.472411
 30
0.000000
  0
SEQEND
  8
0
  0
POLYLINE
  8
49
 66
1
 10
0.000000
 20
0.000000
 30
0.000000
 40
0.002000
 41
0.002000
 70
0
  0
VERTEX
  8
49
 10
0.797352
 20
1.471649
 30
0.000000
 42
1.000000
  0
VERTEX
  8
49
 10
0.798648
 20
1.473173
 30
0.000000
  0
SEQEND
  8
0
  0
POLYLINE
  8
49
 66
1
 10
0.000000
 20
0.000000
 30
0.000000
 40
0.002000
 41
0.002000
 70
0
  0
VERTEX
  8
49
 10
0.773092
 20
1.494895
 30
0.000000
 42
1.000000
  0
VERTEX
  8
49
 10
0.771797
 20
1.493371
 30
0.000000
  0
SEQEND
  8
0
  0
POLYLINE
  8
49
 66
1
 10
0.000000
 20
0.000000
 30
0.000000
 40
0.004000
 41
0.004000
 70
0
  0
VERTEX
  8
49
 10
0.798000
 20
1.472411
 30
0.000000
  0
VERTEX
  8
49
 10
0.798000
 20
1.497966
 30
0.000000
  0
SEQEND
  8
0
  0
POLYLINE
  8
49
 66
1
 10
0.000000
 20
0.000000
 30
0.000000
 40
0.002000
 41
0.002000
 70
0
  0
VERTEX
  8
49
 10
0.799000
 20
1.497966
 30
0.000000
 42
1.000000
  0
VERTEX
  8
49
 10
0.797000
 20
1.497966
 30
0.000000
  0
SEQEND
  8
0
  0
POLYLINE
  8
49
 66
1
 10
0.000000
 20
0.000000
 30
0.000000
 40
0.002000
 41
0.002000
 70
0
  0
VERTEX
  8
49
 10
0.797000
 20
1.472411
 30
0.000000
 42
1.000000
  0
VERTEX
  8
49
 10
0.799000
 20
1.472411
 30
0.000000
  0
SEQEND
  8
0
  0
POLYLINE
  8
49
 66
1
 10
0.000000
 20
0.000000
 30
0.000000
 40
0.004000
 41
0.004000
 70
0
  0
VERTEX
  8
49
 10
0.798000
 20
1.539444
 30
0.000000
  0
VERTEX
  8
49
 10
0.798000
 20
1.519000
 30
0.000000
  0
SEQEND
  8
0
  0
POLYLINE
  8
49
 66
1
 10
0.000000
 20
0.000000
 30
0.000000
 40
0.002000
 41
0.002000
 70
0
  0
VERTEX
  8
49
 10
0.797000
 20
1.519000
 30
0.000000
 42
1.000000
  0
VERTEX
  8
49
 10
0.799000
 20
1.519000
 30
0.000000
  0
SEQEND
  8
0
  0
POLYLINE
  8
49
 66
1
 10
0.000000
 20
0.000000
 30
0.000000
 40
0.002000
 41
0.002000
 70
0
  0
VERTEX
  8
49
 10
0.799000
 20
1.539444
 30
0.000000
 42
1.000000
  0
VERTEX
  8
49
 10
0.797000
 20
1.539444
 30
0.000000
  0
SEQEND
  8
0
  0
POLYLINE
  8
49
 66
1
 10
0.000000
 20
0.000000
 30
0.000000
 40
0.004000
 41
0.004000
 70
0
  0
VERTEX
  8
49
 10
0.798000
 20
1.519000
 30
0.000000
  0
VERTEX
  8
49
 10
0.752000
 20
1.519000
 30
0.000000
  0
SEQEND
  8
0
  0
POLYLINE
  8
49
 66
1
 10
0.000000
 20
0.000000
 30
0.000000
 40
0.002000
 41
0.002000
 70
0
  0
VERTEX
  8
49
 10
0.752000
 20
1.520000
 30
0.000000
 42
1.000000
  0
VERTEX
  8
49
 10
0.752000
 20
1.518000
 30
0.000000
  0
SEQEND
  8
0
  0
POLYLINE
  8
49
 66
1
 10
0.000000
 20
0.000000
 30
0.000000
 40
0.002000
 41
0.002000
 70
0
  0
VERTEX
  8
49
 10
0.798000
 20
1.518000
 30
0.000000
 42
1.000000
  0
VERTEX
  8
49
 10
0.798000
 20
1.520000
 30
0.000000
  0
SEQEND
  8
0
  0
POLYLINE
  8
49
 66
1
 10
0.000000
 20
0.000000
 30
0.000000
 40
0.004000
 41
0.004000
 70
0
  0
VERTEX
  8
49
 10
0.752000
 20
1.519000
 30
0.000000
  0
VERTEX
  8
49
 10
0.752000
 20
1.539444
 30
0.000000
  0
SEQEND
  8
0
  0
POLYLINE
  8
49
 66
1
 10
0.000000
 20
0.000000
 30
0.000000
 40
0.002000
 41
0.002000
 70
0
  0
VERTEX
  8
49
 10
0.753000
 20
1.539444
 30
0.000000
 42
1.000000
  0
VERTEX
  8
49
 10
0.751000
 20
1.539444
 30
0.000000
  0
SEQEND
  8
0
  0
POLYLINE
  8
49
 66
1
 10
0.000000
 20
0.000000
 30
0.000000
 40
0.002000
 41
0.002000
 70
0
  0
VERTEX
  8
49
 10
0.751000
 20
1.519000
 30
0.000000
 42
1.000000
  0
VERTEX
  8
49
 10
0.753000
 20
1.519000
 30
0.000000
  0
SEQEND
  8
0
  0
POLYLINE
  8
49
 66
1
 10
0.000000
 20
0.000000
 30
0.000000
 40
0.004000
 41
0.004000
 70
0
  0
VERTEX
  8
49
 10
0.772445
 20
1.519000
 30
0.000000
  0
VERTEX
  8
49
 10
0.772445
 20
1.534333
 30
0.000000
  0
SEQEND
  8
0
  0
POLYLINE
  8
49
 66
1
 10
0.000000
 20
0.000000
 30
0.000000
 40
0.002000
 41
0.002000
 70
0
  0
VERTEX
  8
49
 10
0.773445
 20
1.534333
 30
0.000000
 42
1.000000
  0
VERTEX
  8
49
 10
0.771445
 20
1.534333
 30
0.000000
  0
SEQEND
  8
0
  0
POLYLINE
  8
49
 66
1
 10
0.000000
 20
0.000000
 30
0.000000
 40
0.002000
 41
0.002000
 70
0
  0
VERTEX
  8
49
 10
0.771445
 20
1.519000
 30
0.000000
 42
1.000000
  0
VERTEX
  8
49
 10
0.773445
 20
1.519000
 30
0.000000
  0
SEQEND
  8
0
  0
POLYLINE
  8
49
 66
1
 10
0.000000
 20
0.000000
 30
0.000000
 40
0.004000
 41
0.004000
 70
0
  0
VERTEX
  8
49
 10
0.746889
 20
1.566915
 30
0.000000
 42
0.176174
  0
VERTEX
  8
49
 10
0.775000
 20
1.556693
 30
0.000000
  0
SEQEND
  8
0
  0
POLYLINE
  8
49
 66
1
 10
0.000000
 20
0.000000
 30
0.000000
 40
0.002000
 41
0.002000
 70
0
  0
VERTEX
  8
49
 10
0.747531
 20
1.567682
 30
0.000000
 42
1.000000
  0
VERTEX
  8
49
 10
0.746247
 20
1.566149
 30
0.000000
  0
SEQEND
  8
0
  0
POLYLINE
  8
49
 66
1
 10
0.000000
 20
0.000000
 30
0.000000
 40
0.002000
 41
0.002000
 70
0
  0
VERTEX
  8
49
 10
0.775000
 20
1.555693
 30
0.000000
 42
1.000000
  0
VERTEX
  8
49
 10
0.775000
 20
1.557693
 30
0.000000
  0
SEQEND
  8
0
  0
POLYLINE
  8
49
 66
1
 10
0.000000
 20
0.000000
 30
0.000000
 40
0.004000
 41
0.004000
 70
0
  0
VERTEX
  8
49
 10
0.775000
 20
1.556693
 30
0.000000
 42
0.176175
  0
VERTEX
  8
49
 10
0.803111
 20
1.566915
 30
0.000000
  0
SEQEND
  8
0
  0
POLYLINE
  8
49
 66
1
 10
0.000000
 20
0.000000
 30
0.000000
 40
0.002000
 41
0.002000
 70
0
  0
VERTEX
  8
49
 10
0.775000
 20
1.557693
 30
0.000000
 42
1.000000
  0
VERTEX
  8
49
 10
0.775000
 20
1.555693
 30
0.000000
  0
SEQEND
  8
0
  0
POLYLINE
  8
49
 66
1
 10
0.000000
 20
0.000000
 30
0.000000
 40
0.002000
 41
0.002000
 70
0
  0
VERTEX
  8
49
 10
0.803753
 20
1.566149
 30
0.000000
 42
1.000000
  0
VERTEX
  8
49
 10
0.802469
 20
1.567682
 30
0.000000
  0
SEQEND
  8
0
  0
POLYLINE
  8
49
 66
1
 10
0.000000
 20
0.000000
 30
0.000000
 40
0.004000
 41
0.004000
 70
0
  0
VERTEX
  8
49
 10
0.798000
 20
1.598744
 30
0.000000
 42
0.414214
  0
VERTEX
  8
49
 10
0.787778
 20
1.608966
 30
0.000000
  0
SEQEND
  8
0
  0
POLYLINE
  8
49
 66
1
 10
0.000000
 20
0.000000
 30
0.000000
 40
0.002000
 41
0.002000
 70
0
  0
VERTEX
  8
49
 10
0.797000
 20
1.598744
 30
0.000000
 42
1.000000
  0
VERTEX
  8
49
 10
0.799000
 20
1.598744
 30
0.000000
  0
SEQEND
  8
0
  0
POLYLINE
  8
49
 66
1
 10
0.000000
 20
0.000000
 30
0.000000
 40
0.002000
 41
0.002000
 70
0
  0
VERTEX
  8
49
 10
0.787778
 20
1.609966
 30
0.000000
 42
1.000000
  0
VERTEX
  8
49
 10
0.787778
 20
1.607966
 30
0.000000
  0
SEQEND
  8
0
  0
POLYLINE
  8
49
 66
1
 10
0.000000
 20
0.000000
 30
0.000000
 40
0.004000
 41
0.004000
 70
0
  0
VERTEX
  8
49
 10
0.791611
 20
1.583410
 30
0.000000
 42
0.199996
  0
VERTEX
  8
49
 10
0.798000
 20
1.598744
 30
0.000000
  0
SEQEND
  8
0
  0
POLYLINE
  8
49
 66
1
 10
0.000000
 20
0.000000
 30
0.000000
 40
0.002000
 41
0.002000
 70
0
  0
VERTEX
  8
49
 10
0.790907
 20
1.584120
 30
0.000000
 42
1.000000
  0
VERTEX
  8
49
 10
0.792315
 20
1.582700
 30
0.000000
  0
SEQEND
  8
0
  0
POLYLINE
  8
49
 66
1
 10
0.000000
 20
0.000000
 30
0.000000
 40
0.002000
 41
0.002000
 70
0
  0
VERTEX
  8
49
 10
0.799000
 20
1.598744
 30
0.000000
 42
1.000000
  0
VERTEX
  8
49
 10
0.797000
 20
1.598744
 30
0.000000
  0
SEQEND
  8
0
  0
POLYLINE
  8
49
 66
1
 10
0.000000
 20
0.000000
 30
0.000000
 40
0.004000
 41
0.004000
 70
0
  0
VERTEX
  8
49
 10
0.752000
 20
1.594910
 30
0.000000
 42
0.414214
  0
VERTEX
  8
49
 10
0.762222
 20
1.584688
 30
0.000000
  0
SEQEND
  8
0
  0
POLYLINE
  8
49
 66
1
 10
0.000000
 20
0.000000
 30
0.000000
 40
0.002000
 41
0.002000
 70
0
  0
VERTEX
  8
49
 10
0.753000
 20
1.594910
 30
0.000000
 42
1.000000
  0
VERTEX
  8
49
 10
0.751000
 20
1.594910
 30
0.000000
  0
SEQEND
  8
0
  0
POLYLINE
  8
49
 66
1
 10
0.000000
 20
0.000000
 30
0.000000
 40
0.002000
 41
0.002000
 70
0
  0
VERTEX
  8
49
 10
0.762222
 20
1.583688
 30
0.000000
 42
1.000000
  0
VERTEX
  8
49
 10
0.762222
 20
1.585688
 30
0.000000
  0
SEQEND
  8
0
  0
POLYLINE
  8
49
 66
1
 10
0.000000
 20
0.000000
 30
0.000000
 40
0.004000
 41
0.004000
 70
0
  0
VERTEX
  8
49
 10
0.755833
 20
1.606410
 30
0.000000
 42
0.162281
  0
VERTEX
  8
49
 10
0.752000
 20
1.594910
 30
0.000000
  0
SEQEND
  8
0
  0
POLYLINE
  8
49
 66
1
 10
0.000000
 20
0.000000
 30
0.000000
 40
0.002000
 41
0.002000
 70
0
  0
VERTEX
  8
49
 10
0.756633
 20
1.605810
 30
0.000000
 42
1.000000
  0
VERTEX
  8
49
 10
0.755033
 20
1.607010
 30
0.000000
  0
SEQEND
  8
0
  0
POLYLINE
  8
49
 66
1
 10
0.000000
 20
0.000000
 30
0.000000
 40
0.002000
 41
0.002000
 70
0
  0
VERTEX
  8
49
 10
0.751000
 20
1.594910
 30
0.000000
 42
1.000000
  0
VERTEX
  8
49
 10
0.753000
 20
1.594910
 30
0.000000
  0
SEQEND
  8
0
  0
POLYLINE
  8
49
 66
1
 10
0.000000
 20
0.000000
 30
0.000000
 40
0.004000
 41
0.004000
 70
0
  0
VERTEX
  8
49
 10
0.762222
 20
1.584688
 30
0.000000
 42
0.265567
  0
VERTEX
  8
49
 10
0.771167
 20
1.589799
 30
0.000000
  0
SEQEND
  8
0
  0
POLYLINE
  8
49
 66
1
 10
0.000000
 20
0.000000
 30
0.000000
 40
0.002000
 41
0.002000
 70
0
  0
VERTEX
  8
49
 10
0.762222
 20
1.585688
 30
0.000000
 42
1.000000
  0
VERTEX
  8
49
 10
0.762222
 20
1.583688
 30
0.000000
  0
SEQEND
  8
0
  0
POLYLINE
  8
49
 66
1
 10
0.000000
 20
0.000000
 30
0.000000
 40
0.002000
 41
0.002000
 70
0
  0
VERTEX
  8
49
 10
0.772028
 20
1.589292
 30
0.000000
 42
1.000000
  0
VERTEX
  8
49
 10
0.770305
 20
1.590307
 30
0.000000
  0
SEQEND
  8
0
  0
POLYLINE
  8
49
 66
1
 10
0.000000
 20
0.000000
 30
0.000000
 40
0.004000
 41
0.004000
 70
0
  0
VERTEX
  8
49
 10
0.787778
 20
1.608966
 30
0.000000
 42
0.265565
  0
VERTEX
  8
49
 10
0.778833
 20
1.603855
 30
0.000000
  0
SEQEND
  8
0
  0
POLYLINE
  8
49
 66
1
 10
0.000000
 20
0.000000
 30
0.000000
 40
0.002000
 41
0.002000
 70
0
  0
VERTEX
  8
49
 10
0.787778
 20
1.607966
 30
0.000000
 42
1.000000
  0
VERTEX
  8
49
 10
0.787778
 20
1.609966
 30
0.000000
  0
SEQEND
  8
0
  0
POLYLINE
  8
49
 66
1
 10
0.000000
 20
0.000000
 30
0.000000
 40
0.002000
 41
0.002000
 70
0
  0
VERTEX
  8
49
 10
0.777972
 20
1.604363
 30
0.000000
 42
1.000000
  0
VERTEX
  8
49
 10
0.779695
 20
1.603347
 30
0.000000
  0
SEQEND
  8
0
  0
POLYLINE
  8
49
 66
1
 10
0.000000
 20
0.000000
 30
0.000000
 40
0.004000
 41
0.004000
 70
0
  0
VERTEX
  8
49
 10
0.778833
 20
1.603855
 30
0.000000
  0
VERTEX
  8
49
 10
0.771167
 20
1.589799
 30
0.000000
  0
SEQEND
  8
0
  0
POLYLINE
  8
49
 66
1
 10
0.000000
 20
0.000000
 30
0.000000
 40
0.002000
 41
0.002000
 70
0
  0
VERTEX
  8
49
 10
0.770289
 20
1.590278
 30
0.000000
 42
1.000000
  0
VERTEX
  8
49
 10
0.772045
 20
1.589320
 30
0.000000
  0
SEQEND
  8
0
  0
POLYLINE
  8
49
 66
1
 10
0.000000
 20
0.000000
 30
0.000000
 40
0.002000
 41
0.002000
 70
0
  0
VERTEX
  8
49
 10
0.779711
 20
1.603376
 30
0.000000
 42
1.000000
  0
VERTEX
  8
49
 10
0.777956
 20
1.604334
 30
0.000000
  0
SEQEND
  8
0
  0
POLYLINE
  8
49
 66
1
 10
0.000000
 20
0.000000
 30
0.000000
 40
0.004000
 41
0.004000
 70
0
  0
VERTEX
  8
49
 10
0.798000
 20
1.628855
 30
0.000000
  0
VERTEX
  8
49
 10
0.752000
 20
1.628855
 30
0.000000
  0
SEQEND
  8
0
  0
POLYLINE
  8
49
 66
1
 10
0.000000
 20
0.000000
 30
0.000000
 40
0.002000
 41
0.002000
 70
0
  0
VERTEX
  8
49
 10
0.752000
 20
1.629855
 30
0.000000
 42
1.000000
  0
VERTEX
  8
49
 10
0.752000
 20
1.627855
 30
0.000000
  0
SEQEND
  8
0
  0
POLYLINE
  8
49
 66
1
 10
0.000000
 20
0.000000
 30
0.000000
 40
0.002000
 41
0.002000
 70
0
  0
VERTEX
  8
49
 10
0.798000
 20
1.627855
 30
0.000000
 42
1.000000
  0
VERTEX
  8
49
 10
0.798000
 20
1.629855
 30
0.000000
  0
SEQEND
  8
0
  0
POLYLINE
  8
49
 66
1
 10
0.000000
 20
0.000000
 30
0.000000
 40
0.004000
 41
0.004000
 70
0
  0
VERTEX
  8
49
 10
0.752000
 20
1.628855
 30
0.000000
  0
VERTEX
  8
49
 10
0.777556
 20
1.644188
 30
0.000000
  0
SEQEND
  8
0
  0
POLYLINE
  8
49
 66
1
 10
0.000000
 20
0.000000
 30
0.000000
 40
0.002000
 41
0.002000
 70
0
  0
VERTEX
  8
49
 10
0.778070
 20
1.643331
 30
0.000000
 42
1.000000
  0
VERTEX
  8
49
 10
0.777041
 20
1.645046
 30
0.000000
  0
SEQEND
  8
0
  0
POLYLINE
  8
49
 66
1
 10
0.000000
 20
0.000000
 30
0.000000
 40
0.002000
 41
0.002000
 70
0
  0
VERTEX
  8
49
 10
0.751486
 20
1.629712
 30
0.000000
 42
1.000000
  0
VERTEX
  8
49
 10
0.752514
 20
1.627997
 30
0.000000
  0
SEQEND
  8
0
  0
POLYLINE
  8
49
 66
1
 10
0.000000
 20
0.000000
 30
0.000000
 40
0.004000
 41
0.004000
 70
0
  0
VERTEX
  8
49
 10
0.777556
 20
1.644188
 30
0.000000
  0
VERTEX
  8
49
 10
0.752000
 20
1.659521
 30
0.000000
  0
SEQEND
  8
0
  0
POLYLINE
  8
49
 66
1
 10
0.000000
 20
0.000000
 30
0.000000
 40
0.002000
 41
0.002000
 70
0
  0
VERTEX
  8
49
 10
0.752514
 20
1.660379
 30
0.000000
 42
1.000000
  0
VERTEX
  8
49
 10
0.751486
 20
1.658664
 30
0.000000
  0
SEQEND
  8
0
  0
POLYLINE
  8
49
 66
1
 10
0.000000
 20
0.000000
 30
0.000000
 40
0.002000
 41
0.002000
 70
0
  0
VERTEX
  8
49
 10
0.777041
 20
1.643331
 30
0.000000
 42
1.000000
  0
VERTEX
  8
49
 10
0.778070
 20
1.645046
 30
0.000000
  0
SEQEND
  8
0
  0
POLYLINE
  8
49
 66
1
 10
0.000000
 20
0.000000
 30
0.000000
 40
0.004000
 41
0.004000
 70
0
  0
VERTEX
  8
49
 10
0.752000
 20
1.659521
 30
0.000000
  0
VERTEX
  8
49
 10
0.798000
 20
1.659521
 30
0.000000
  0
SEQEND
  8
0
  0
POLYLINE
  8
49
 66
1
 10
0.000000
 20
0.000000
 30
0.000000
 40
0.002000
 41
0.002000
 70
0
  0
VERTEX
  8
49
 10
0.798000
 20
1.658521
 30
0.000000
 42
1.000000
  0
VERTEX
  8
49
 10
0.798000
 20
1.660521
 30
0.000000
  0
SEQEND
  8
0
  0
POLYLINE
  8
49
 66
1
 10
0.000000
 20
0.000000
 30
0.000000
 40
0.002000
 41
0.002000
 70
0
  0
VERTEX
  8
49
 10
0.752000
 20
1.660521
 30
0.000000
 42
1.000000
  0
VERTEX
  8
49
 10
0.752000
 20
1.658521
 30
0.000000
  0
SEQEND
  8
0
  0
POLYLINE
  8
49
 66
1
 10
0.000000
 20
0.000000
 30
0.000000
 40
0.004000
 41
0.004000
 70
0
  0
VERTEX
  8
49
 10
0.798000
 20
1.678355
 30
0.000000
  0
VERTEX
  8
49
 10
0.752000
 20
1.693688
 30
0.000000
  0
SEQEND
  8
0
  0
POLYLINE
  8
49
 66
1
 10
0.000000
 20
0.000000
 30
0.000000
 40
0.002000
 41
0.002000
 70
0
  0
VERTEX
  8
49
 10
0.752316
 20
1.694637
 30
0.000000
 42
1.000000
  0
VERTEX
  8
49
 10
0.751684
 20
1.692739
 30
0.000000
  0
SEQEND
  8
0
  0
POLYLINE
  8
49
 66
1
 10
0.000000
 20
0.000000
 30
0.000000
 40
0.002000
 41
0.002000
 70
0
  0
VERTEX
  8
49
 10
0.797684
 20
1.677406
 30
0.000000
 42
1.000000
  0
VERTEX
  8
49
 10
0.798316
 20
1.679304
 30
0.000000
  0
SEQEND
  8
0
  0
POLYLINE
  8
49
 66
1
 10
0.000000
 20
0.000000
 30
0.000000
 40
0.004000
 41
0.004000
 70
0
  0
VERTEX
  8
49
 10
0.752000
 20
1.693688
 30
0.000000
  0
VERTEX
  8
49
 10
0.798000
 20
1.709021
 30
0.000000
  0
SEQEND
  8
0
  0
POLYLINE
  8
49
 66
1
 10
0.000000
 20
0.000000
 30
0.000000
 40
0.002000
 41
0.002000
 70
0
  0
VERTEX
  8
49
 10
0.798316
 20
1.708073
 30
0.000000
 42
1.000000
  0
VERTEX
  8
49
 10
0.797684
 20
1.709970
 30
0.000000
  0
SEQEND
  8
0
  0
POLYLINE
  8
49
 66
1
 10
0.000000
 20
0.000000
 30
0.000000
 40
0.002000
 41
0.002000
 70
0
  0
VERTEX
  8
49
 10
0.751684
 20
1.694637
 30
0.000000
 42
1.000000
  0
VERTEX
  8
49
 10
0.752316
 20
1.692739
 30
0.000000
  0
SEQEND
  8
0
  0
POLYLINE
  8
49
 66
1
 10
0.000000
 20
0.000000
 30
0.000000
 40
0.004000
 41
0.004000
 70
0
  0
VERTEX
  8
49
 10
0.786500
 20
1.705188
 30
0.000000
  0
VERTEX
  8
49
 10
0.786500
 20
1.682188
 30
0.000000
  0
SEQEND
  8
0
  0
POLYLINE
  8
49
 66
1
 10
0.000000
 20
0.000000
 30
0.000000
 40
0.002000
 41
0.002000
 70
0
  0
VERTEX
  8
49
 10
0.785500
 20
1.682188
 30
0.000000
 42
1.000000
  0
VERTEX
  8
49
 10
0.787500
 20
1.682188
 30
0.000000
  0
SEQEND
  8
0
  0
POLYLINE
  8
49
 66
1
 10
0.000000
 20
0.000000
 30
0.000000
 40
0.002000
 41
0.002000
 70
0
  0
VERTEX
  8
49
 10
0.787500
 20
1.705188
 30
0.000000
 42
1.000000
  0
VERTEX
  8
49
 10
0.785500
 20
1.705188
 30
0.000000
  0
SEQEND
  8
0
  0
POLYLINE
  8
49
 66
1
 10
0.000000
 20
0.000000
 30
0.000000
 40
0.004000
 41
0.004000
 70
0
  0
VERTEX
  8
49
 10
0.752000
 20
1.727499
 30
0.000000
  0
VERTEX
  8
49
 10
0.798000
 20
1.727499
 30
0.000000
  0
SEQEND
  8
0
  0
POLYLINE
  8
49
 66
1
 10
0.000000
 20
0.000000
 30
0.000000
 40
0.002000
 41
0.002000
 70
0
  0
VERTEX
  8
49
 10
0.798000
 20
1.726499
 30
0.000000
 42
1.000000
  0
VERTEX
  8
49
 10
0.798000
 20
1.728499
 30
0.000000
  0
SEQEND
  8
0
  0
POLYLINE
  8
49
 66
1
 10
0.000000
 20
0.000000
 30
0.000000
 40
0.002000
 41
0.002000
 70
0
  0
VERTEX
  8
49
 10
0.752000
 20
1.728499
 30
0.000000
 42
1.000000
  0
VERTEX
  8
49
 10
0.752000
 20
1.726499
 30
0.000000
  0
SEQEND
  8
0
  0
POLYLINE
  8
49
 66
1
 10
0.000000
 20
0.000000
 30
0.000000
 40
0.004000
 41
0.004000
 70
0
  0
VERTEX
  8
49
 10
0.798000
 20
1.727499
 30
0.000000
  0
VERTEX
  8
49
 10
0.798000
 20
1.747944
 30
0.000000
  0
SEQEND
  8
0
  0
POLYLINE
  8
49
 66
1
 10
0.000000
 20
0.000000
 30
0.000000
 40
0.002000
 41
0.002000
 70
0
  0
VERTEX
  8
49
 10
0.799000
 20
1.747944
 30
0.000000
 42
1.000000
  0
VERTEX
  8
49
 10
0.797000
 20
1.747944
 30
0.000000
  0
SEQEND
  8
0
  0
POLYLINE
  8
49
 66
1
 10
0.000000
 20
0.000000
 30
0.000000
 40
0.002000
 41
0.002000
 70
0
  0
VERTEX
  8
49
 10
0.797000
 20
1.727499
 30
0.000000
 42
1.000000
  0
VERTEX
  8
49
 10
0.799000
 20
1.727499
 30
0.000000
  0
SEQEND
  8
0
  0
POLYLINE
  8
49
 66
1
 10
0.000000
 20
0.000000
 30
0.000000
 40
0.004000
 41
0.004000
 70
0
  0
VERTEX
  8
49
 10
0.752000
 20
1.766499
 30
0.000000
  0
VERTEX
  8
49
 10
0.798000
 20
1.766499
 30
0.000000
  0
SEQEND
  8
0
  0
POLYLINE
  8
49
 66
1
 10
0.000000
 20
0.000000
 30
0.000000
 40
0.002000
 41
0.002000
 70
0
  0
VERTEX
  8
49
 10
0.798000
 20
1.765499
 30
0.000000
 42
1.000000
  0
VERTEX
  8
49
 10
0.798000
 20
1.767499
 30
0.000000
  0
SEQEND
  8
0
  0
POLYLINE
  8
49
 66
1
 10
0.000000
 20
0.000000
 30
0.000000
 40
0.002000
 41
0.002000
 70
0
  0
VERTEX
  8
49
 10
0.752000
 20
1.767499
 30
0.000000
 42
1.000000
  0
VERTEX
  8
49
 10
0.752000
 20
1.765499
 30
0.000000
  0
SEQEND
  8
0
  0
POLYLINE
  8
49
 66
1
 10
0.000000
 20
0.000000
 30
0.000000
 40
0.004000
 41
0.004000
 70
0
  0
VERTEX
  8
49
 10
0.798000
 20
1.766499
 30
0.000000
  0
VERTEX
  8
49
 10
0.798000
 20
1.786944
 30
0.000000
  0
SEQEND
  8
0
  0
POLYLINE
  8
49
 66
1
 10
0.000000
 20
0.000000
 30
0.000000
 40
0.002000
 41
0.002000
 70
0
  0
VERTEX
  8
49
 10
0.799000
 20
1.786944
 30
0.000000
 42
1.000000
  0
VERTEX
  8
49
 10
0.797000
 20
1.786944
 30
0.000000
  0
SEQEND
  8
0
  0
POLYLINE
  8
49
 66
1
 10
0.000000
 20
0.000000
 30
0.000000
 40
0.002000
 41
0.002000
 70
0
  0
VERTEX
  8
49
 10
0.797000
 20
1.766499
 30
0.000000
 42
1.000000
  0
VERTEX
  8
49
 10
0.799000
 20
1.766499
 30
0.000000
  0
SEQEND
  8
0
  0
POLYLINE
  8
49
 66
1
 10
0.000000
 20
0.000000
 30
0.000000
 40
0.004000
 41
0.004000
 70
0
  0
VERTEX
  8
49
 10
0.803111
 20
1.802461
 30
0.000000
 42
0.176175
  0
VERTEX
  8
49
 10
0.775000
 20
1.812683
 30
0.000000
  0
SEQEND
  8
0
  0
POLYLINE
  8
49
 66
1
 10
0.000000
 20
0.000000
 30
0.000000
 40
0.002000
 41
0.002000
 70
0
  0
VERTEX
  8
49
 10
0.802469
 20
1.801695
 30
0.000000
 42
1.000000
  0
VERTEX
  8
49
 10
0.803753
 20
1.803227
 30
0.000000
  0
SEQEND
  8
0
  0
POLYLINE
  8
49
 66
1
 10
0.000000
 20
0.000000
 30
0.000000
 40
0.002000
 41
0.002000
 70
0
  0
VERTEX
  8
49
 10
0.775000
 20
1.813683
 30
0.000000
 42
1.000000
  0
VERTEX
  8
49
 10
0.775000
 20
1.811683
 30
0.000000
  0
SEQEND
  8
0
  0
POLYLINE
  8
49
 66
1
 10
0.000000
 20
0.000000
 30
0.000000
 40
0.004000
 41
0.004000
 70
0
  0
VERTEX
  8
49
 10
0.775000
 20
1.812683
 30
0.000000
 42
0.176174
  0
VERTEX
  8
49
 10
0.746889
 20
1.802461
 30
0.000000
  0
SEQEND
  8
0
  0
POLYLINE
  8
49
 66
1
 10
0.000000
 20
0.000000
 30
0.000000
 40
0.002000
 41
0.002000
 70
0
  0
VERTEX
  8
49
 10
0.775000
 20
1.811683
 30
0.000000
 42
1.000000
  0
VERTEX
  8
49
 10
0.775000
 20
1.813683
 30
0.000000
  0
SEQEND
  8
0
  0
POLYLINE
  8
49
 66
1
 10
0.000000
 20
0.000000
 30
0.000000
 40
0.002000
 41
0.002000
 70
0
  0
VERTEX
  8
49
 10
0.746247
 20
1.803227
 30
0.000000
 42
1.000000
  0
VERTEX
  8
49
 10
0.747531
 20
1.801695
 30
0.000000
  0
SEQEND
  8
0
  0
INSERT
  8
17
  2
ROUNDP
 10
0.400000
 20
1.350000
 30
0.000000
 41
0.059000
 42
0.059000
 43
1.000000
 50
0.000000
  0
INSERT
  8
17
  2
ROUNDP
 10
0.400000
 20
1.350000
 30
0.000000
 41
0.059000
 42
0.059000
 43
1.000000
 50
0.000000
  0
INSERT
  8
17
  2
ROUNDP
 10
1.300000
 20
1.850000
 30
0.000000
 41
0.059000
 42
0.059000
 43
1.000000
 50
0.000000
  0
INSERT
  8
17
  2
ROUNDP
 10
1.300000
 20
1.850000
 30
0.000000
 41
0.059000
 42
0.059000
 43
1.000000
 50
0.000000
  0
INSERT
  8
17
  2
ROUNDP
 10
1.300000
 20
0.950000
 30
0.000000
 41
0.059000
 42
0.059000
 43
1.000000
 50
0.000000
  0
INSERT
  8
17
  2
ROUNDP
 10
1.300000
 20
0.950000
 30
0.000000
 41
0.059000
 42
0.059000
 43
1.000000
 50
0.000000
  0
INSERT
  8
17
  2
ROUNDP
 10
0.400000
 20
2.350000
 30
0.000000
 41
0.059000
 42
0.059000
 43
1.000000
 50
0.000000
  0
INSERT
  8
17
  2
ROUNDP
 10
0.400000
 20
2.350000
 30
0.000000
 41
0.059000
 42
0.059000
 43
1.000000
 50
0.000000
  0
INSERT
  8
17
  2
ROUNDP
 10
0.400000
 20
1.750000
 30
0.000000
 41
0.059000
 42
0.059000
 43
1.000000
 50
0.000000
  0
INSERT
  8
17
  2
ROUNDP
 10
0.400000
 20
1.750000
 30
0.000000
 41
0.059000
 42
0.059000
 43
1.000000
 50
0.000000
  0
INSERT
  8
17
  2
ROUNDP
 10
0.400000
 20
1.250000
 30
0.000000
 41
0.059000
 42
0.059000
 43
1.000000
 50
0.000000
  0
INSERT
  8
17
  2
ROUNDP
 10
0.400000
 20
1.250000
 30
0.000000
 41
0.059000
 42
0.059000
 43
1.000000
 50
0.000000
  0
INSERT
  8
17
  2
ROUNDP
 10
0.400000
 20
1.450000
 30
0.000000
 41
0.059000
 42
0.059000
 43
1.000000
 50
0.000000
  0
INSERT
  8
17
  2
ROUNDP
 10
0.400000
 20
1.450000
 30
0.000000
 41
0.059000
 42
0.059000
 43
1.000000
 50
0.000000
  0
INSERT
  8
17
  2
ROUNDP
 10
0.400000
 20
1.050000
 30
0.000000
 41
0.059000
 42
0.059000
 43
1.000000
 50
0.000000
  0
INSERT
  8
17
  2
ROUNDP
 10
0.400000
 20
1.050000
 30
0.000000
 41
0.059000
 42
0.059000
 43
1.000000
 50
0.000000
  0
INSERT
  8
17
  2
ROUNDP
 10
1.300000
 20
1.750000
 30
0.000000
 41
0.059000
 42
0.059000
 43
1.000000
 50
0.000000
  0
INSERT
  8
17
  2
ROUNDP
 10
1.300000
 20
1.750000
 30
0.000000
 41
0.059000
 42
0.059000
 43
1.000000
 50
0.000000
  0
INSERT
  8
17
  2
ROUNDP
 10
1.300000
 20
1.050000
 30
0.000000
 41
0.059000
 42
0.059000
 43
1.000000
 50
0.000000
  0
INSERT
  8
17
  2
ROUNDP
 10
1.300000
 20
1.050000
 30
0.000000
 41
0.059000
 42
0.059000
 43
1.000000
 50
0.000000
  0
INSERT
  8
17
  2
ROUNDP
 10
1.300000
 20
2.050000
 30
0.000000
 41
0.059000
 42
0.059000
 43
1.000000
 50
0.000000
  0
INSERT
  8
17
  2
ROUNDP
 10
1.300000
 20
2.050000
 30
0.000000
 41
0.059000
 42
0.059000
 43
1.000000
 50
0.000000
  0
INSERT
  8
17
  2
ROUNDP
 10
1.300000
 20
1.150000
 30
0.000000
 41
0.059000
 42
0.059000
 43
1.000000
 50
0.000000
  0
INSERT
  8
17
  2
ROUNDP
 10
1.300000
 20
1.150000
 30
0.000000
 41
0.059000
 42
0.059000
 43
1.000000
 50
0.000000
  0
INSERT
  8
17
  2
ROUNDP
 10
1.300000
 20
1.950000
 30
0.000000
 41
0.059000
 42
0.059000
 43
1.000000
 50
0.000000
  0
INSERT
  8
17
  2
ROUNDP
 10
1.300000
 20
1.950000
 30
0.000000
 41
0.059000
 42
0.059000
 43
1.000000
 50
0.000000
  0
INSERT
  8
17
  2
ROUNDP
 10
1.300000
 20
1.250000
 30
0.000000
 41
0.059000
 42
0.059000
 43
1.000000
 50
0.000000
  0
INSERT
  8
17
  2
ROUNDP
 10
1.300000
 20
1.250000
 30
0.000000
 41
0.059000
 42
0.059000
 43
1.000000
 50
0.000000
  0
INSERT
  8
17
  2
ROUNDP
 10
1.300000
 20
2.150000
 30
0.000000
 41
0.059000
 42
0.059000
 43
1.000000
 50
0.000000
  0
INSERT
  8
17
  2
ROUNDP
 10
1.300000
 20
2.150000
 30
0.000000
 41
0.059000
 42
0.059000
 43
1.000000
 50
0.000000
  0
INSERT
  8
17
  2
ROUNDP
 10
1.300000
 20
2.250000
 30
0.000000
 41
0.059000
 42
0.059000
 43
1.000000
 50
0.000000
  0
INSERT
  8
17
  2
ROUNDP
 10
1.300000
 20
2.250000
 30
0.000000
 41
0.059000
 42
0.059000
 43
1.000000
 50
0.000000
  0
INSERT
  8
17
  2
ROUNDP
 10
0.400000
 20
1.950000
 30
0.000000
 41
0.059000
 42
0.059000
 43
1.000000
 50
0.000000
  0
INSERT
  8
17
  2
ROUNDP
 10
0.400000
 20
1.950000
 30
0.000000
 41
0.059000
 42
0.059000
 43
1.000000
 50
0.000000
  0
INSERT
  8
17
  2
ROUNDP
 10
0.400000
 20
2.050000
 30
0.000000
 41
0.059000
 42
0.059000
 43
1.000000
 50
0.000000
  0
INSERT
  8
17
  2
ROUNDP
 10
0.400000
 20
2.050000
 30
0.000000
 41
0.059000
 42
0.059000
 43
1.000000
 50
0.000000
  0
INSERT
  8
17
  2
ROUNDP
 10
1.300000
 20
1.550000
 30
0.000000
 41
0.059000
 42
0.059000
 43
1.000000
 50
0.000000
  0
INSERT
  8
17
  2
ROUNDP
 10
1.300000
 20
1.550000
 30
0.000000
 41
0.059000
 42
0.059000
 43
1.000000
 50
0.000000
  0
INSERT
  8
17
  2
ROUNDP
 10
1.300000
 20
1.450000
 30
0.000000
 41
0.059000
 42
0.059000
 43
1.000000
 50
0.000000
  0
INSERT
  8
17
  2
ROUNDP
 10
1.300000
 20
1.450000
 30
0.000000
 41
0.059000
 42
0.059000
 43
1.000000
 50
0.000000
  0
INSERT
  8
17
  2
ROUNDP
 10
1.300000
 20
1.650000
 30
0.000000
 41
0.059000
 42
0.059000
 43
1.000000
 50
0.000000
  0
INSERT
  8
17
  2
ROUNDP
 10
1.300000
 20
1.650000
 30
0.000000
 41
0.059000
 42
0.059000
 43
1.000000
 50
0.000000
  0
INSERT
  8
17
  2
ROUNDP
 10
1.300000
 20
1.350000
 30
0.000000
 41
0.059000
 42
0.059000
 43
1.000000
 50
0.000000
  0
INSERT
  8
17
  2
ROUNDP
 10
1.300000
 20
1.350000
 30
0.000000
 41
0.059000
 42
0.059000
 43
1.000000
 50
0.000000
  0
INSERT
  8
17
  2
ROUNDP
 10
1.300000
 20
2.350000
 30
0.000000
 41
0.059000
 42
0.059000
 43
1.000000
 50
0.000000
  0
INSERT
  8
17
  2
ROUNDP
 10
1.300000
 20
2.350000
 30
0.000000
 41
0.059000
 42
0.059000
 43
1.000000
 50
0.000000
  0
INSERT
  8
17
  2
ROUNDP
 10
0.400000
 20
1.650000
 30
0.000000
 41
0.059000
 42
0.059000
 43
1.000000
 50
0.000000
  0
INSERT
  8
17
  2
ROUNDP
 10
0.400000
 20
1.650000
 30
0.000000
 41
0.059000
 42
0.059000
 43
1.000000
 50
0.000000
  0
INSERT
  8
17
  2
ROUNDP
 10
0.400000
 20
1.850000
 30
0.000000
 41
0.059000
 42
0.059000
 43
1.000000
 50
0.000000
  0
INSERT
  8
17
  2
ROUNDP
 10
0.400000
 20
1.850000
 30
0.000000
 41
0.059000
 42
0.059000
 43
1.000000
 50
0.000000
  0
INSERT
  8
17
  2
ROUNDP
 10
0.400000
 20
2.250000
 30
0.000000
 41
0.059000
 42
0.059000
 43
1.000000
 50
0.000000
  0
INSERT
  8
17
  2
ROUNDP
 10
0.400000
 20
2.250000
 30
0.000000
 41
0.059000
 42
0.059000
 43
1.000000
 50
0.000000
  0
INSERT
  8
17
  2
ROUNDP
 10
0.400000
 20
2.150000
 30
0.000000
 41
0.059000
 42
0.059000
 43
1.000000
 50
0.000000
  0
INSERT
  8
17
  2
ROUNDP
 10
0.400000
 20
2.150000
 30
0.000000
 41
0.059000
 42
0.059000
 43
1.000000
 50
0.000000
  0
INSERT
  8
17
  2
ROUNDP
 10
0.400000
 20
1.150000
 30
0.000000
 41
0.059000
 42
0.059000
 43
1.000000
 50
0.000000
  0
INSERT
  8
17
  2
ROUNDP
 10
0.400000
 20
1.150000
 30
0.000000
 41
0.059000
 42
0.059000
 43
1.000000
 50
0.000000
  0
INSERT
  8
17
  2
ROUNDP
 10
0.400000
 20
1.550000
 30
0.000000
 41
0.059000
 42
0.059000
 43
1.000000
 50
0.000000
  0
INSERT
  8
17
  2
ROUNDP
 10
0.400000
 20
1.550000
 30
0.000000
 41
0.059000
 42
0.059000
 43
1.000000
 50
0.000000
  0
INSERT
  8
17
  2
ROUNDP
 10
0.400000
 20
0.950000
 30
0.000000
 41
0.059000
 42
0.059000
 43
1.000000
 50
0.000000
  0
INSERT
  8
17
  2
ROUNDP
 10
0.400000
 20
0.950000
 30
0.000000
 41
0.059000
 42
0.059000
 43
1.000000
 50
0.000000
  0
POLYLINE
  8
49
 66
1
 10
0.000000
 20
0.000000
 30
0.000000
 40
0.004000
 41
0.004000
 70
0
  0
VERTEX
  8
49
 10
1.036945
 20
1.148000
 30
0.000000
  0
VERTEX
  8
49
 10
1.036945
 20
1.114778
 30
0.000000
  0
SEQEND
  8
0
  0
POLYLINE
  8
49
 66
1
 10
0.000000
 20
0.000000
 30
0.000000
 40
0.002000
 41
0.002000
 70
0
  0
VERTEX
  8
49
 10
1.035945
 20
1.114778
 30
0.000000
 42
1.000000
  0
VERTEX
  8
49
 10
1.037945
 20
1.114778
 30
0.000000
  0
SEQEND
  8
0
  0
POLYLINE
  8
49
 66
1
 10
0.000000
 20
0.000000
 30
0.000000
 40
0.002000
 41
0.002000
 70
0
  0
VERTEX
  8
49
 10
1.037945
 20
1.148000
 30
0.000000
 42
1.000000
  0
VERTEX
  8
49
 10
1.035945
 20
1.148000
 30
0.000000
  0
SEQEND
  8
0
  0
POLYLINE
  8
49
 66
1
 10
0.000000
 20
0.000000
 30
0.000000
 40
0.004000
 41
0.004000
 70
0
  0
VERTEX
  8
49
 10
1.036945
 20
1.114778
 30
0.000000
 42
1.000000
  0
VERTEX
  8
49
 10
1.062500
 20
1.114778
 30
0.000000
  0
SEQEND
  8
0
  0
POLYLINE
  8
49
 66
1
 10
0.000000
 20
0.000000
 30
0.000000
 40
0.002000
 41
0.002000
 70
0
  0
VERTEX
  8
49
 10
1.037945
 20
1.114778
 30
0.000000
 42
1.000000
  0
VERTEX
  8
49
 10
1.035945
 20
1.114778
 30
0.000000
  0
SEQEND
  8
0
  0
POLYLINE
  8
49
 66
1
 10
0.000000
 20
0.000000
 30
0.000000
 40
0.002000
 41
0.002000
 70
0
  0
VERTEX
  8
49
 10
1.063500
 20
1.114778
 30
0.000000
 42
1.000000
  0
VERTEX
  8
49
 10
1.061500
 20
1.114778
 30
0.000000
  0
SEQEND
  8
0
  0
POLYLINE
  8
49
 66
1
 10
0.000000
 20
0.000000
 30
0.000000
 40
0.004000
 41
0.004000
 70
0
  0
VERTEX
  8
49
 10
1.062500
 20
1.114778
 30
0.000000
  0
VERTEX
  8
49
 10
1.062500
 20
1.148000
 30
0.000000
  0
SEQEND
  8
0
  0
POLYLINE
  8
49
 66
1
 10
0.000000
 20
0.000000
 30
0.000000
 40
0.002000
 41
0.002000
 70
0
  0
VERTEX
  8
49
 10
1.063500
 20
1.148000
 30
0.000000
 42
1.000000
  0
VERTEX
  8
49
 10
1.061500
 20
1.148000
 30
0.000000
  0
SEQEND
  8
0
  0
POLYLINE
  8
49
 66
1
 10
0.000000
 20
0.000000
 30
0.000000
 40
0.002000
 41
0.002000
 70
0
  0
VERTEX
  8
49
 10
1.061500
 20
1.114778
 30
0.000000
 42
1.000000
  0
VERTEX
  8
49
 10
1.063500
 20
1.114778
 30
0.000000
  0
SEQEND
  8
0
  0
POLYLINE
  8
49
 66
1
 10
0.000000
 20
0.000000
 30
0.000000
 40
0.004000
 41
0.004000
 70
0
  0
VERTEX
  8
49
 10
1.093222
 20
1.102000
 30
0.000000
  0
VERTEX
  8
49
 10
1.093222
 20
1.148000
 30
0.000000
  0
SEQEND
  8
0
  0
POLYLINE
  8
49
 66
1
 10
0.000000
 20
0.000000
 30
0.000000
 40
0.002000
 41
0.002000
 70
0
  0
VERTEX
  8
49
 10
1.094222
 20
1.148000
 30
0.000000
 42
1.000000
  0
VERTEX
  8
49
 10
1.092222
 20
1.148000
 30
0.000000
  0
SEQEND
  8
0
  0
POLYLINE
  8
49
 66
1
 10
0.000000
 20
0.000000
 30
0.000000
 40
0.002000
 41
0.002000
 70
0
  0
VERTEX
  8
49
 10
1.092222
 20
1.102000
 30
0.000000
 42
1.000000
  0
VERTEX
  8
49
 10
1.094222
 20
1.102000
 30
0.000000
  0
SEQEND
  8
0
  0
POLYLINE
  8
49
 66
1
 10
0.000000
 20
0.000000
 30
0.000000
 40
0.004000
 41
0.004000
 70
0
  0
VERTEX
  8
49
 10
1.093222
 20
1.125000
 30
0.000000
  0
VERTEX
  8
49
 10
1.086833
 20
1.128833
 30
0.000000
  0
SEQEND
  8
0
  0
POLYLINE
  8
49
 66
1
 10
0.000000
 20
0.000000
 30
0.000000
 40
0.002000
 41
0.002000
 70
0
  0
VERTEX
  8
49
 10
1.087348
 20
1.129691
 30
0.000000
 42
1.000000
  0
VERTEX
  8
49
 10
1.086319
 20
1.127976
 30
0.000000
  0
SEQEND
  8
0
  0
POLYLINE
  8
49
 66
1
 10
0.000000
 20
0.000000
 30
0.000000
 40
0.002000
 41
0.002000
 70
0
  0
VERTEX
  8
49
 10
1.092708
 20
1.124143
 30
0.000000
 42
1.000000
  0
VERTEX
  8
49
 10
1.093737
 20
1.125857
 30
0.000000
  0
SEQEND
  8
0
  0
POLYLINE
  8
49
 66
1
 10
0.000000
 20
0.000000
 30
0.000000
 40
0.004000
 41
0.004000
 70
0
  0
VERTEX
  8
49
 10
1.089389
 20
1.142889
 30
0.000000
 42
0.691672
  0
VERTEX
  8
49
 10
1.086833
 20
1.128833
 30
0.000000
  0
SEQEND
  8
0
  0
POLYLINE
  8
49
 66
1
 10
0.000000
 20
0.000000
 30
0.000000
 40
0.002000
 41
0.002000
 70
0
  0
VERTEX
  8
49
 10
1.089569
 20
1.141905
 30
0.000000
 42
1.000000
  0
VERTEX
  8
49
 10
1.089209
 20
1.143872
 30
0.000000
  0
SEQEND
  8
0
  0
POLYLINE
  8
49
 66
1
 10
0.000000
 20
0.000000
 30
0.000000
 40
0.002000
 41
0.002000
 70
0
  0
VERTEX
  8
49
 10
1.086319
 20
1.127976
 30
0.000000
 42
1.000000
  0
VERTEX
  8
49
 10
1.087348
 20
1.129691
 30
0.000000
  0
SEQEND
  8
0
  0
POLYLINE
  8
49
 66
1
 10
0.000000
 20
0.000000
 30
0.000000
 40
0.004000
 41
0.004000
 70
0
  0
VERTEX
  8
49
 10
1.103445
 20
1.140333
 30
0.000000
 42
0.182258
  0
VERTEX
  8
49
 10
1.089389
 20
1.142889
 30
0.000000
  0
SEQEND
  8
0
  0
POLYLINE
  8
49
 66
1
 10
0.000000
 20
0.000000
 30
0.000000
 40
0.002000
 41
0.002000
 70
0
  0
VERTEX
  8
49
 10
1.102930
 20
1.139476
 30
0.000000
 42
1.000000
  0
VERTEX
  8
49
 10
1.103959
 20
1.141191
 30
0.000000
  0
SEQEND
  8
0
  0
POLYLINE
  8
49
 66
1
 10
0.000000
 20
0.000000
 30
0.000000
 40
0.002000
 41
0.002000
 70
0
  0
VERTEX
  8
49
 10
1.089209
 20
1.143872
 30
0.000000
 42
1.000000
  0
VERTEX
  8
49
 10
1.089569
 20
1.141905
 30
0.000000
  0
SEQEND
  8
0
  0
POLYLINE
  8
49
 66
1
 10
0.000000
 20
0.000000
 30
0.000000
 40
0.004000
 41
0.004000
 70
0
  0
VERTEX
  8
49
 10
1.093222
 20
1.125000
 30
0.000000
  0
VERTEX
  8
49
 10
1.099611
 20
1.121167
 30
0.000000
  0
SEQEND
  8
0
  0
POLYLINE
  8
49
 66
1
 10
0.000000
 20
0.000000
 30
0.000000
 40
0.002000
 41
0.002000
 70
0
  0
VERTEX
  8
49
 10
1.099097
 20
1.120309
 30
0.000000
 42
1.000000
  0
VERTEX
  8
49
 10
1.100126
 20
1.122024
 30
0.000000
  0
SEQEND
  8
0
  0
POLYLINE
  8
49
 66
1
 10
0.000000
 20
0.000000
 30
0.000000
 40
0.002000
 41
0.002000
 70
0
  0
VERTEX
  8
49
 10
1.093737
 20
1.125857
 30
0.000000
 42
1.000000
  0
VERTEX
  8
49
 10
1.092708
 20
1.124143
 30
0.000000
  0
SEQEND
  8
0
  0
POLYLINE
  8
49
 66
1
 10
0.000000
 20
0.000000
 30
0.000000
 40
0.004000
 41
0.004000
 70
0
  0
VERTEX
  8
49
 10
1.097056
 20
1.107111
 30
0.000000
 42
0.691669
  0
VERTEX
  8
49
 10
1.099611
 20
1.121167
 30
0.000000
  0
SEQEND
  8
0
  0
POLYLINE
  8
49
 66
1
 10
0.000000
 20
0.000000
 30
0.000000
 40
0.002000
 41
0.002000
 70
0
  0
VERTEX
  8
49
 10
1.096876
 20
1.108095
 30
0.000000
 42
1.000000
  0
VERTEX
  8
49
 10
1.097235
 20
1.106127
 30
0.000000
  0
SEQEND
  8
0
  0
POLYLINE
  8
49
 66
1
 10
0.000000
 20
0.000000
 30
0.000000
 40
0.002000
 41
0.002000
 70
0
  0
VERTEX
  8
49
 10
1.100126
 20
1.122024
 30
0.000000
 42
1.000000
  0
VERTEX
  8
49
 10
1.099097
 20
1.120309
 30
0.000000
  0
SEQEND
  8
0
  0
POLYLINE
  8
49
 66
1
 10
0.000000
 20
0.000000
 30
0.000000
 40
0.004000
 41
0.004000
 70
0
  0
VERTEX
  8
49
 10
1.083000
 20
1.109667
 30
0.000000
 42
0.182260
  0
VERTEX
  8
49
 10
1.097056
 20
1.107111
 30
0.000000
  0
SEQEND
  8
0
  0
POLYLINE
  8
49
 66
1
 10
0.000000
 20
0.000000
 30
0.000000
 40
0.002000
 41
0.002000
 70
0
  0
VERTEX
  8
49
 10
1.083515
 20
1.110524
 30
0.000000
 42
1.000000
  0
VERTEX
  8
49
 10
1.082486
 20
1.108809
 30
0.000000
  0
SEQEND
  8
0
  0
POLYLINE
  8
49
 66
1
 10
0.000000
 20
0.000000
 30
0.000000
 40
0.002000
 41
0.002000
 70
0
  0
VERTEX
  8
49
 10
1.097235
 20
1.106127
 30
0.000000
 42
1.000000
  0
VERTEX
  8
49
 10
1.096876
 20
1.108095
 30
0.000000
  0
SEQEND
  8
0
  0
POLYLINE
  8
49
 66
1
 10
0.000000
 20
0.000000
 30
0.000000
 40
0.004000
 41
0.004000
 70
0
  0
VERTEX
  8
49
 10
1.122445
 20
1.137778
 30
0.000000
  0
VERTEX
  8
49
 10
1.135222
 20
1.148000
 30
0.000000
  0
SEQEND
  8
0
  0
POLYLINE
  8
49
 66
1
 10
0.000000
 20
0.000000
 30
0.000000
 40
0.002000
 41
0.002000
 70
0
  0
VERTEX
  8
49
 10
1.135847
 20
1.147219
 30
0.000000
 42
1.000000
  0
VERTEX
  8
49
 10
1.134597
 20
1.148781
 30
0.000000
  0
SEQEND
  8
0
  0
POLYLINE
  8
49
 66
1
 10
0.000000
 20
0.000000
 30
0.000000
 40
0.002000
 41
0.002000
 70
0
  0
VERTEX
  8
49
 10
1.121820
 20
1.138559
 30
0.000000
 42
1.000000
  0
VERTEX
  8
49
 10
1.123069
 20
1.136997
 30
0.000000
  0
SEQEND
  8
0
  0
POLYLINE
  8
49
 66
1
 10
0.000000
 20
0.000000
 30
0.000000
 40
0.004000
 41
0.004000
 70
0
  0
VERTEX
  8
49
 10
1.135222
 20
1.148000
 30
0.000000
  0
VERTEX
  8
49
 10
1.135222
 20
1.102000
 30
0.000000
  0
SEQEND
  8
0
  0
POLYLINE
  8
49
 66
1
 10
0.000000
 20
0.000000
 30
0.000000
 40
0.002000
 41
0.002000
 70
0
  0
VERTEX
  8
49
 10
1.134222
 20
1.102000
 30
0.000000
 42
1.000000
  0
VERTEX
  8
49
 10
1.136222
 20
1.102000
 30
0.000000
  0
SEQEND
  8
0
  0
POLYLINE
  8
49
 66
1
 10
0.000000
 20
0.000000
 30
0.000000
 40
0.002000
 41
0.002000
 70
0
  0
VERTEX
  8
49
 10
1.136222
 20
1.148000
 30
0.000000
 42
1.000000
  0
VERTEX
  8
49
 10
1.134222
 20
1.148000
 30
0.000000
  0
SEQEND
  8
0
  0
POLYLINE
  8
49
 66
1
 10
0.000000
 20
0.000000
 30
0.000000
 40
0.004000
 41
0.004000
 70
0
  0
VERTEX
  8
49
 10
1.122445
 20
1.102000
 30
0.000000
  0
VERTEX
  8
49
 10
1.148000
 20
1.102000
 30
0.000000
  0
SEQEND
  8
0
  0
POLYLINE
  8
49
 66
1
 10
0.000000
 20
0.000000
 30
0.000000
 40
0.002000
 41
0.002000
 70
0
  0
VERTEX
  8
49
 10
1.148000
 20
1.101000
 30
0.000000
 42
1.000000
  0
VERTEX
  8
49
 10
1.148000
 20
1.103000
 30
0.000000
  0
SEQEND
  8
0
  0
POLYLINE
  8
49
 66
1
 10
0.000000
 20
0.000000
 30
0.000000
 40
0.002000
 41
0.002000
 70
0
  0
VERTEX
  8
49
 10
1.122445
 20
1.103000
 30
0.000000
 42
1.000000
  0
VERTEX
  8
49
 10
1.122445
 20
1.101000
 30
0.000000
  0
SEQEND
  8
0
  0
POINT
  8
23
 10
0.850000
 20
1.800000
 30
0.000000
  0
POLYLINE
  8
21
 66
1
 10
0.000000
 20
0.000000
 30
0.000000
 40
0.005000
 41
0.005000
 70
0
  0
VERTEX
  8
21
 10
0.250000
 20
2.925000
 30
0.000000
  0
VERTEX
  8
21
 10
1.450000
 20
2.925000
 30
0.000000
  0
SEQEND
  8
0
  0
POLYLINE
  8
21
 66
1
 10
0.000000
 20
0.000000
 30
0.000000
 40
0.002500
 41
0.002500
 70
0
  0
VERTEX
  8
21
 10
1.450000
 20
2.923750
 30
0.000000
 42
1.000000
  0
VERTEX
  8
21
 10
1.450000
 20
2.926250
 30
0.000000
  0
SEQEND
  8
0
  0
POLYLINE
  8
21
 66
1
 10
0.000000
 20
0.000000
 30
0.000000
 40
0.002500
 41
0.002500
 70
0
  0
VERTEX
  8
21
 10
0.250000
 20
2.926250
 30
0.000000
 42
1.000000
  0
VERTEX
  8
21
 10
0.250000
 20
2.923750
 30
0.000000
  0
SEQEND
  8
0
  0
POLYLINE
  8
21
 66
1
 10
0.000000
 20
0.000000
 30
0.000000
 40
0.005000
 41
0.005000
 70
0
  0
VERTEX
  8
21
 10
1.450000
 20
2.925000
 30
0.000000
  0
VERTEX
  8
21
 10
1.450000
 20
0.675000
 30
0.000000
  0
SEQEND
  8
0
  0
POLYLINE
  8
21
 66
1
 10
0.000000
 20
0.000000
 30
0.000000
 40
0.002500
 41
0.002500
 70
0
  0
VERTEX
  8
21
 10
1.448750
 20
0.675000
 30
0.000000
 42
1.000000
  0
VERTEX
  8
21
 10
1.451250
 20
0.675000
 30
0.000000
  0
SEQEND
  8
0
  0
POLYLINE
  8
21
 66
1
 10
0.000000
 20
0.000000
 30
0.000000
 40
0.002500
 41
0.002500
 70
0
  0
VERTEX
  8
21
 10
1.451250
 20
2.925000
 30
0.000000
 42
1.000000
  0
VERTEX
  8
21
 10
1.448750
 20
2.925000
 30
0.000000
  0
SEQEND
  8
0
  0
POLYLINE
  8
21
 66
1
 10
0.000000
 20
0.000000
 30
0.000000
 40
0.005000
 41
0.005000
 70
0
  0
VERTEX
  8
21
 10
1.450000
 20
0.675000
 30
0.000000
  0
VERTEX
  8
21
 10
0.250000
 20
0.675000
 30
0.000000
  0
SEQEND
  8
0
  0
POLYLINE
  8
21
 66
1
 10
0.000000
 20
0.000000
 30
0.000000
 40
0.002500
 41
0.002500
 70
0
  0
VERTEX
  8
21
 10
0.250000
 20
0.676250
 30
0.000000
 42
1.000000
  0
VERTEX
  8
21
 10
0.250000
 20
0.673750
 30
0.000000
  0
SEQEND
  8
0
  0
POLYLINE
  8
21
 66
1
 10
0.000000
 20
0.000000
 30
0.000000
 40
0.002500
 41
0.002500
 70
0
  0
VERTEX
  8
21
 10
1.450000
 20
0.673750
 30
0.000000
 42
1.000000
  0
VERTEX
  8
21
 10
1.450000
 20
0.676250
 30
0.000000
  0
SEQEND
  8
0
  0
POLYLINE
  8
21
 66
1
 10
0.000000
 20
0.000000
 30
0.000000
 40
0.005000
 41
0.005000
 70
0
  0
VERTEX
  8
21
 10
0.250000
 20
0.675000
 30
0.000000
  0
VERTEX
  8
21
 10
0.250000
 20
2.925000
 30
0.000000
  0
SEQEND
  8
0
  0
POLYLINE
  8
21
 66
1
 10
0.000000
 20
0.000000
 30
0.000000
 40
0.002500
 41
0.002500
 70
0
  0
VERTEX
  8
21
 10
0.251250
 20
2.925000
 30
0.000000
 42
1.000000
  0
VERTEX
  8
21
 10
0.248750
 20
2.925000
 30
0.000000
  0
SEQEND
  8
0
  0
POLYLINE
  8
21
 66
1
 10
0.000000
 20
0.000000
 30
0.000000
 40
0.002500
 41
0.002500
 70
0
  0
VERTEX
  8
21
 10
0.248750
 20
0.675000
 30
0.000000
 42
1.000000
  0
VERTEX
  8
21
 10
0.251250
 20
0.675000
 30
0.000000
  0
SEQEND
  8
0
  0
POLYLINE
  8
49
 66
1
 10
0.000000
 20
0.000000
 30
0.000000
 40
0.004000
 41
0.004000
 70
0
  0
VERTEX
  8
49
 10
1.048000
 20
1.422444
 30
0.000000
  0
VERTEX
  8
49
 10
1.048000
 20
1.402000
 30
0.000000
  0
SEQEND
  8
0
  0
POLYLINE
  8
49
 66
1
 10
0.000000
 20
0.000000
 30
0.000000
 40
0.002000
 41
0.002000
 70
0
  0
VERTEX
  8
49
 10
1.047000
 20
1.402000
 30
0.000000
 42
1.000000
  0
VERTEX
  8
49
 10
1.049000
 20
1.402000
 30
0.000000
  0
SEQEND
  8
0
  0
POLYLINE
  8
49
 66
1
 10
0.000000
 20
0.000000
 30
0.000000
 40
0.002000
 41
0.002000
 70
0
  0
VERTEX
  8
49
 10
1.049000
 20
1.422444
 30
0.000000
 42
1.000000
  0
VERTEX
  8
49
 10
1.047000
 20
1.422444
 30
0.000000
  0
SEQEND
  8
0
  0
POLYLINE
  8
49
 66
1
 10
0.000000
 20
0.000000
 30
0.000000
 40
0.004000
 41
0.004000
 70
0
  0
VERTEX
  8
49
 10
1.048000
 20
1.402000
 30
0.000000
  0
VERTEX
  8
49
 10
1.002000
 20
1.402000
 30
0.000000
  0
SEQEND
  8
0
  0
POLYLINE
  8
49
 66
1
 10
0.000000
 20
0.000000
 30
0.000000
 40
0.002000
 41
0.002000
 70
0
  0
VERTEX
  8
49
 10
1.002000
 20
1.403000
 30
0.000000
 42
1.000000
  0
VERTEX
  8
49
 10
1.002000
 20
1.401000
 30
0.000000
  0
SEQEND
  8
0
  0
POLYLINE
  8
49
 66
1
 10
0.000000
 20
0.000000
 30
0.000000
 40
0.002000
 41
0.002000
 70
0
  0
VERTEX
  8
49
 10
1.048000
 20
1.401000
 30
0.000000
 42
1.000000
  0
VERTEX
  8
49
 10
1.048000
 20
1.403000
 30
0.000000
  0
SEQEND
  8
0
  0
POLYLINE
  8
49
 66
1
 10
0.000000
 20
0.000000
 30
0.000000
 40
0.004000
 41
0.004000
 70
0
  0
VERTEX
  8
49
 10
1.002000
 20
1.402000
 30
0.000000
  0
VERTEX
  8
49
 10
1.002000
 20
1.422444
 30
0.000000
  0
SEQEND
  8
0
  0
POLYLINE
  8
49
 66
1
 10
0.000000
 20
0.000000
 30
0.000000
 40
0.002000
 41
0.002000
 70
0
  0
VERTEX
  8
49
 10
1.003000
 20
1.422444
 30
0.000000
 42
1.000000
  0
VERTEX
  8
49
 10
1.001000
 20
1.422444
 30
0.000000
  0
SEQEND
  8
0
  0
POLYLINE
  8
49
 66
1
 10
0.000000
 20
0.000000
 30
0.000000
 40
0.002000
 41
0.002000
 70
0
  0
VERTEX
  8
49
 10
1.001000
 20
1.402000
 30
0.000000
 42
1.000000
  0
VERTEX
  8
49
 10
1.003000
 20
1.402000
 30
0.000000
  0
SEQEND
  8
0
  0
POLYLINE
  8
49
 66
1
 10
0.000000
 20
0.000000
 30
0.000000
 40
0.004000
 41
0.004000
 70
0
  0
VERTEX
  8
49
 10
1.022445
 20
1.402000
 30
0.000000
  0
VERTEX
  8
49
 10
1.022445
 20
1.417333
 30
0.000000
  0
SEQEND
  8
0
  0
POLYLINE
  8
49
 66
1
 10
0.000000
 20
0.000000
 30
0.000000
 40
0.002000
 41
0.002000
 70
0
  0
VERTEX
  8
49
 10
1.023445
 20
1.417333
 30
0.000000
 42
1.000000
  0
VERTEX
  8
49
 10
1.021445
 20
1.417333
 30
0.000000
  0
SEQEND
  8
0
  0
POLYLINE
  8
49
 66
1
 10
0.000000
 20
0.000000
 30
0.000000
 40
0.002000
 41
0.002000
 70
0
  0
VERTEX
  8
49
 10
1.021445
 20
1.402000
 30
0.000000
 42
1.000000
  0
VERTEX
  8
49
 10
1.023445
 20
1.402000
 30
0.000000
  0
SEQEND
  8
0
  0
POLYLINE
  8
49
 66
1
 10
0.000000
 20
0.000000
 30
0.000000
 40
0.004000
 41
0.004000
 70
0
  0
VERTEX
  8
49
 10
1.048000
 20
1.453244
 30
0.000000
 42
0.414214
  0
VERTEX
  8
49
 10
1.037778
 20
1.463467
 30
0.000000
  0
SEQEND
  8
0
  0
POLYLINE
  8
49
 66
1
 10
0.000000
 20
0.000000
 30
0.000000
 40
0.002000
 41
0.002000
 70
0
  0
VERTEX
  8
49
 10
1.047000
 20
1.453244
 30
0.000000
 42
1.000000
  0
VERTEX
  8
49
 10
1.049000
 20
1.453244
 30
0.000000
  0
SEQEND
  8
0
  0
POLYLINE
  8
49
 66
1
 10
0.000000
 20
0.000000
 30
0.000000
 40
0.002000
 41
0.002000
 70
0
  0
VERTEX
  8
49
 10
1.037778
 20
1.464467
 30
0.000000
 42
1.000000
  0
VERTEX
  8
49
 10
1.037778
 20
1.462467
 30
0.000000
  0
SEQEND
  8
0
  0
POLYLINE
  8
49
 66
1
 10
0.000000
 20
0.000000
 30
0.000000
 40
0.004000
 41
0.004000
 70
0
  0
VERTEX
  8
49
 10
1.041611
 20
1.437911
 30
0.000000
 42
0.199996
  0
VERTEX
  8
49
 10
1.048000
 20
1.453244
 30
0.000000
  0
SEQEND
  8
0
  0
POLYLINE
  8
49
 66
1
 10
0.000000
 20
0.000000
 30
0.000000
 40
0.002000
 41
0.002000
 70
0
  0
VERTEX
  8
49
 10
1.040907
 20
1.438621
 30
0.000000
 42
1.000000
  0
VERTEX
  8
49
 10
1.042315
 20
1.437201
 30
0.000000
  0
SEQEND
  8
0
  0
POLYLINE
  8
49
 66
1
 10
0.000000
 20
0.000000
 30
0.000000
 40
0.002000
 41
0.002000
 70
0
  0
VERTEX
  8
49
 10
1.049000
 20
1.453244
 30
0.000000
 42
1.000000
  0
VERTEX
  8
49
 10
1.047000
 20
1.453244
 30
0.000000
  0
SEQEND
  8
0
  0
POLYLINE
  8
49
 66
1
 10
0.000000
 20
0.000000
 30
0.000000
 40
0.004000
 41
0.004000
 70
0
  0
VERTEX
  8
49
 10
1.002000
 20
1.449411
 30
0.000000
 42
0.414214
  0
VERTEX
  8
49
 10
1.012222
 20
1.439189
 30
0.000000
  0
SEQEND
  8
0
  0
POLYLINE
  8
49
 66
1
 10
0.000000
 20
0.000000
 30
0.000000
 40
0.002000
 41
0.002000
 70
0
  0
VERTEX
  8
49
 10
1.003000
 20
1.449411
 30
0.000000
 42
1.000000
  0
VERTEX
  8
49
 10
1.001000
 20
1.449411
 30
0.000000
  0
SEQEND
  8
0
  0
POLYLINE
  8
49
 66
1
 10
0.000000
 20
0.000000
 30
0.000000
 40
0.002000
 41
0.002000
 70
0
  0
VERTEX
  8
49
 10
1.012222
 20
1.438189
 30
0.000000
 42
1.000000
  0
VERTEX
  8
49
 10
1.012222
 20
1.440189
 30
0.000000
  0
SEQEND
  8
0
  0
POLYLINE
  8
49
 66
1
 10
0.000000
 20
0.000000
 30
0.000000
 40
0.004000
 41
0.004000
 70
0
  0
VERTEX
  8
49
 10
1.005833
 20
1.460911
 30
0.000000
 42
0.162281
  0
VERTEX
  8
49
 10
1.002000
 20
1.449411
 30
0.000000
  0
SEQEND
  8
0
  0
POLYLINE
  8
49
 66
1
 10
0.000000
 20
0.000000
 30
0.000000
 40
0.002000
 41
0.002000
 70
0
  0
VERTEX
  8
49
 10
1.006633
 20
1.460311
 30
0.000000
 42
1.000000
  0
VERTEX
  8
49
 10
1.005033
 20
1.461511
 30
0.000000
  0
SEQEND
  8
0
  0
POLYLINE
  8
49
 66
1
 10
0.000000
 20
0.000000
 30
0.000000
 40
0.002000
 41
0.002000
 70
0
  0
VERTEX
  8
49
 10
1.001000
 20
1.449411
 30
0.000000
 42
1.000000
  0
VERTEX
  8
49
 10
1.003000
 20
1.449411
 30
0.000000
  0
SEQEND
  8
0
  0
POLYLINE
  8
49
 66
1
 10
0.000000
 20
0.000000
 30
0.000000
 40
0.004000
 41
0.004000
 70
0
  0
VERTEX
  8
49
 10
1.012222
 20
1.439189
 30
0.000000
 42
0.265567
  0
VERTEX
  8
49
 10
1.021167
 20
1.444300
 30
0.000000
  0
SEQEND
  8
0
  0
POLYLINE
  8
49
 66
1
 10
0.000000
 20
0.000000
 30
0.000000
 40
0.002000
 41
0.002000
 70
0
  0
VERTEX
  8
49
 10
1.012222
 20
1.440189
 30
0.000000
 42
1.000000
  0
VERTEX
  8
49
 10
1.012222
 20
1.438189
 30
0.000000
  0
SEQEND
  8
0
  0
POLYLINE
  8
49
 66
1
 10
0.000000
 20
0.000000
 30
0.000000
 40
0.002000
 41
0.002000
 70
0
  0
VERTEX
  8
49
 10
1.022028
 20
1.443792
 30
0.000000
 42
1.000000
  0
VERTEX
  8
49
 10
1.020305
 20
1.444808
 30
0.000000
  0
SEQEND
  8
0
  0
POLYLINE
  8
49
 66
1
 10
0.000000
 20
0.000000
 30
0.000000
 40
0.004000
 41
0.004000
 70
0
  0
VERTEX
  8
49
 10
1.037778
 20
1.463467
 30
0.000000
 42
0.265565
  0
VERTEX
  8
49
 10
1.028833
 20
1.458355
 30
0.000000
  0
SEQEND
  8
0
  0
POLYLINE
  8
49
 66
1
 10
0.000000
 20
0.000000
 30
0.000000
 40
0.002000
 41
0.002000
 70
0
  0
VERTEX
  8
49
 10
1.037778
 20
1.462467
 30
0.000000
 42
1.000000
  0
VERTEX
  8
49
 10
1.037778
 20
1.464467
 30
0.000000
  0
SEQEND
  8
0
  0
POLYLINE
  8
49
 66
1
 10
0.000000
 20
0.000000
 30
0.000000
 40
0.002000
 41
0.002000
 70
0
  0
VERTEX
  8
49
 10
1.027972
 20
1.458863
 30
0.000000
 42
1.000000
  0
VERTEX
  8
49
 10
1.029695
 20
1.457848
 30
0.000000
  0
SEQEND
  8
0
  0
POLYLINE
  8
49
 66
1
 10
0.000000
 20
0.000000
 30
0.000000
 40
0.004000
 41
0.004000
 70
0
  0
VERTEX
  8
49
 10
1.028833
 20
1.458355
 30
0.000000
  0
VERTEX
  8
49
 10
1.021167
 20
1.444300
 30
0.000000
  0
SEQEND
  8
0
  0
POLYLINE
  8
49
 66
1
 10
0.000000
 20
0.000000
 30
0.000000
 40
0.002000
 41
0.002000
 70
0
  0
VERTEX
  8
49
 10
1.020289
 20
1.444779
 30
0.000000
 42
1.000000
  0
VERTEX
  8
49
 10
1.022045
 20
1.443821
 30
0.000000
  0
SEQEND
  8
0
  0
POLYLINE
  8
49
 66
1
 10
0.000000
 20
0.000000
 30
0.000000
 40
0.002000
 41
0.002000
 70
0
  0
VERTEX
  8
49
 10
1.029711
 20
1.457877
 30
0.000000
 42
1.000000
  0
VERTEX
  8
49
 10
1.027956
 20
1.458834
 30
0.000000
  0
SEQEND
  8
0
  0
POLYLINE
  8
49
 66
1
 10
0.000000
 20
0.000000
 30
0.000000
 40
0.004000
 41
0.004000
 70
0
  0
VERTEX
  8
49
 10
1.048000
 20
1.483578
 30
0.000000
  0
VERTEX
  8
49
 10
1.002000
 20
1.483578
 30
0.000000
  0
SEQEND
  8
0
  0
POLYLINE
  8
49
 66
1
 10
0.000000
 20
0.000000
 30
0.000000
 40
0.002000
 41
0.002000
 70
0
  0
VERTEX
  8
49
 10
1.002000
 20
1.484578
 30
0.000000
 42
1.000000
  0
VERTEX
  8
49
 10
1.002000
 20
1.482578
 30
0.000000
  0
SEQEND
  8
0
  0
POLYLINE
  8
49
 66
1
 10
0.000000
 20
0.000000
 30
0.000000
 40
0.002000
 41
0.002000
 70
0
  0
VERTEX
  8
49
 10
1.048000
 20
1.482578
 30
0.000000
 42
1.000000
  0
VERTEX
  8
49
 10
1.048000
 20
1.484578
 30
0.000000
  0
SEQEND
  8
0
  0
POLYLINE
  8
49
 66
1
 10
0.000000
 20
0.000000
 30
0.000000
 40
0.004000
 41
0.004000
 70
0
  0
VERTEX
  8
49
 10
1.002000
 20
1.483578
 30
0.000000
  0
VERTEX
  8
49
 10
1.002000
 20
1.496355
 30
0.000000
  0
SEQEND
  8
0
  0
POLYLINE
  8
49
 66
1
 10
0.000000
 20
0.000000
 30
0.000000
 40
0.002000
 41
0.002000
 70
0
  0
VERTEX
  8
49
 10
1.003000
 20
1.496355
 30
0.000000
 42
1.000000
  0
VERTEX
  8
49
 10
1.001000
 20
1.496355
 30
0.000000
  0
SEQEND
  8
0
  0
POLYLINE
  8
49
 66
1
 10
0.000000
 20
0.000000
 30
0.000000
 40
0.002000
 41
0.002000
 70
0
  0
VERTEX
  8
49
 10
1.001000
 20
1.483578
 30
0.000000
 42
1.000000
  0
VERTEX
  8
49
 10
1.003000
 20
1.483578
 30
0.000000
  0
SEQEND
  8
0
  0
POLYLINE
  8
49
 66
1
 10
0.000000
 20
0.000000
 30
0.000000
 40
0.004000
 41
0.004000
 70
0
  0
VERTEX
  8
49
 10
1.027556
 20
1.496355
 30
0.000000
 42
1.000000
  0
VERTEX
  8
49
 10
1.002000
 20
1.496355
 30
0.000000
  0
SEQEND
  8
0
  0
POLYLINE
  8
49
 66
1
 10
0.000000
 20
0.000000
 30
0.000000
 40
0.002000
 41
0.002000
 70
0
  0
VERTEX
  8
49
 10
1.026556
 20
1.496355
 30
0.000000
 42
1.000000
  0
VERTEX
  8
49
 10
1.028556
 20
1.496355
 30
0.000000
  0
SEQEND
  8
0
  0
POLYLINE
  8
49
 66
1
 10
0.000000
 20
0.000000
 30
0.000000
 40
0.002000
 41
0.002000
 70
0
  0
VERTEX
  8
49
 10
1.001000
 20
1.496355
 30
0.000000
 42
1.000000
  0
VERTEX
  8
49
 10
1.003000
 20
1.496355
 30
0.000000
  0
SEQEND
  8
0
  0
POLYLINE
  8
49
 66
1
 10
0.000000
 20
0.000000
 30
0.000000
 40
0.004000
 41
0.004000
 70
0
  0
VERTEX
  8
49
 10
1.027556
 20
1.496355
 30
0.000000
  0
VERTEX
  8
49
 10
1.027556
 20
1.483578
 30
0.000000
  0
SEQEND
  8
0
  0
POLYLINE
  8
49
 66
1
 10
0.000000
 20
0.000000
 30
0.000000
 40
0.002000
 41
0.002000
 70
0
  0
VERTEX
  8
49
 10
1.026556
 20
1.483578
 30
0.000000
 42
1.000000
  0
VERTEX
  8
49
 10
1.028556
 20
1.483578
 30
0.000000
  0
SEQEND
  8
0
  0
POLYLINE
  8
49
 66
1
 10
0.000000
 20
0.000000
 30
0.000000
 40
0.002000
 41
0.002000
 70
0
  0
VERTEX
  8
49
 10
1.028556
 20
1.496355
 30
0.000000
 42
1.000000
  0
VERTEX
  8
49
 10
1.026556
 20
1.496355
 30
0.000000
  0
SEQEND
  8
0
  0
POLYLINE
  8
49
 66
1
 10
0.000000
 20
0.000000
 30
0.000000
 40
0.004000
 41
0.004000
 70
0
  0
VERTEX
  8
49
 10
1.030111
 20
1.526855
 30
0.000000
  0
VERTEX
  8
49
 10
1.030111
 20
1.557522
 30
0.000000
  0
SEQEND
  8
0
  0
POLYLINE
  8
49
 66
1
 10
0.000000
 20
0.000000
 30
0.000000
 40
0.002000
 41
0.002000
 70
0
  0
VERTEX
  8
49
 10
1.031111
 20
1.557522
 30
0.000000
 42
1.000000
  0
VERTEX
  8
49
 10
1.029111
 20
1.557522
 30
0.000000
  0
SEQEND
  8
0
  0
POLYLINE
  8
49
 66
1
 10
0.000000
 20
0.000000
 30
0.000000
 40
0.002000
 41
0.002000
 70
0
  0
VERTEX
  8
49
 10
1.029111
 20
1.526855
 30
0.000000
 42
1.000000
  0
VERTEX
  8
49
 10
1.031111
 20
1.526855
 30
0.000000
  0
SEQEND
  8
0
  0
POLYLINE
  8
49
 66
1
 10
0.000000
 20
0.000000
 30
0.000000
 40
0.004000
 41
0.004000
 70
0
  0
VERTEX
  8
49
 10
1.012222
 20
1.577411
 30
0.000000
  0
VERTEX
  8
49
 10
1.002000
 20
1.590188
 30
0.000000
  0
SEQEND
  8
0
  0
POLYLINE
  8
49
 66
1
 10
0.000000
 20
0.000000
 30
0.000000
 40
0.002000
 41
0.002000
 70
0
  0
VERTEX
  8
49
 10
1.002781
 20
1.590813
 30
0.000000
 42
1.000000
  0
VERTEX
  8
49
 10
1.001219
 20
1.589564
 30
0.000000
  0
SEQEND
  8
0
  0
POLYLINE
  8
49
 66
1
 10
0.000000
 20
0.000000
 30
0.000000
 40
0.002000
 41
0.002000
 70
0
  0
VERTEX
  8
49
 10
1.011441
 20
1.576786
 30
0.000000
 42
1.000000
  0
VERTEX
  8
49
 10
1.013003
 20
1.578036
 30
0.000000
  0
SEQEND
  8
0
  0
POLYLINE
  8
49
 66
1
 10
0.000000
 20
0.000000
 30
0.000000
 40
0.004000
 41
0.004000
 70
0
  0
VERTEX
  8
49
 10
1.002000
 20
1.590188
 30
0.000000
  0
VERTEX
  8
49
 10
1.048000
 20
1.590188
 30
0.000000
  0
SEQEND
  8
0
  0
POLYLINE
  8
49
 66
1
 10
0.000000
 20
0.000000
 30
0.000000
 40
0.002000
 41
0.002000
 70
0
  0
VERTEX
  8
49
 10
1.048000
 20
1.589188
 30
0.000000
 42
1.000000
  0
VERTEX
  8
49
 10
1.048000
 20
1.591188
 30
0.000000
  0
SEQEND
  8
0
  0
POLYLINE
  8
49
 66
1
 10
0.000000
 20
0.000000
 30
0.000000
 40
0.002000
 41
0.002000
 70
0
  0
VERTEX
  8
49
 10
1.002000
 20
1.591188
 30
0.000000
 42
1.000000
  0
VERTEX
  8
49
 10
1.002000
 20
1.589188
 30
0.000000
  0
SEQEND
  8
0
  0
POLYLINE
  8
49
 66
1
 10
0.000000
 20
0.000000
 30
0.000000
 40
0.004000
 41
0.004000
 70
0
  0
VERTEX
  8
49
 10
1.048000
 20
1.577411
 30
0.000000
  0
VERTEX
  8
49
 10
1.048000
 20
1.602966
 30
0.000000
  0
SEQEND
  8
0
  0
POLYLINE
  8
49
 66
1
 10
0.000000
 20
0.000000
 30
0.000000
 40
0.002000
 41
0.002000
 70
0
  0
VERTEX
  8
49
 10
1.049000
 20
1.602966
 30
0.000000
 42
1.000000
  0
VERTEX
  8
49
 10
1.047000
 20
1.602966
 30
0.000000
  0
SEQEND
  8
0
  0
POLYLINE
  8
49
 66
1
 10
0.000000
 20
0.000000
 30
0.000000
 40
0.002000
 41
0.002000
 70
0
  0
VERTEX
  8
49
 10
1.047000
 20
1.577411
 30
0.000000
 42
1.000000
  0
VERTEX
  8
49
 10
1.049000
 20
1.577411
 30
0.000000
  0
SEQEND
  8
0
  0
POLYLINE
  8
49
 66
1
 10
0.000000
 20
0.000000
 30
0.000000
 40
0.004000
 41
0.004000
 70
0
  0
VERTEX
  8
49
 10
1.013500
 20
1.647966
 30
0.000000
 42
0.414214
  0
VERTEX
  8
49
 10
1.002000
 20
1.636466
 30
0.000000
  0
SEQEND
  8
0
  0
POLYLINE
  8
49
 66
1
 10
0.000000
 20
0.000000
 30
0.000000
 40
0.002000
 41
0.002000
 70
0
  0
VERTEX
  8
49
 10
1.013500
 20
1.646966
 30
0.000000
 42
1.000000
  0
VERTEX
  8
49
 10
1.013500
 20
1.648966
 30
0.000000
  0
SEQEND
  8
0
  0
POLYLINE
  8
49
 66
1
 10
0.000000
 20
0.000000
 30
0.000000
 40
0.002000
 41
0.002000
 70
0
  0
VERTEX
  8
49
 10
1.001000
 20
1.636466
 30
0.000000
 42
1.000000
  0
VERTEX
  8
49
 10
1.003000
 20
1.636466
 30
0.000000
  0
SEQEND
  8
0
  0
POLYLINE
  8
49
 66
1
 10
0.000000
 20
0.000000
 30
0.000000
 40
0.004000
 41
0.004000
 70
0
  0
VERTEX
  8
49
 10
1.002000
 20
1.636466
 30
0.000000
 42
0.325186
  0
VERTEX
  8
49
 10
1.012222
 20
1.622411
 30
0.000000
  0
SEQEND
  8
0
  0
POLYLINE
  8
49
 66
1
 10
0.000000
 20
0.000000
 30
0.000000
 40
0.002000
 41
0.002000
 70
0
  0
VERTEX
  8
49
 10
1.003000
 20
1.636466
 30
0.000000
 42
1.000000
  0
VERTEX
  8
49
 10
1.001000
 20
1.636466
 30
0.000000
  0
SEQEND
  8
0
  0
POLYLINE
  8
49
 66
1
 10
0.000000
 20
0.000000
 30
0.000000
 40
0.002000
 41
0.002000
 70
0
  0
VERTEX
  8
49
 10
1.011914
 20
1.621459
 30
0.000000
 42
1.000000
  0
VERTEX
  8
49
 10
1.012530
 20
1.623362
 30
0.000000
  0
SEQEND
  8
0
  0
POLYLINE
  8
49
 66
1
 10
0.000000
 20
0.000000
 30
0.000000
 40
0.004000
 41
0.004000
 70
0
  0
VERTEX
  8
49
 10
1.022445
 20
1.644133
 30
0.000000
 42
0.205256
  0
VERTEX
  8
49
 10
1.013500
 20
1.647966
 30
0.000000
  0
SEQEND
  8
0
  0
POLYLINE
  8
49
 66
1
 10
0.000000
 20
0.000000
 30
0.000000
 40
0.002000
 41
0.002000
 70
0
  0
VERTEX
  8
49
 10
1.021720
 20
1.643443
 30
0.000000
 42
1.000000
  0
VERTEX
  8
49
 10
1.023169
 20
1.644823
 30
0.000000
  0
SEQEND
  8
0
  0
POLYLINE
  8
49
 66
1
 10
0.000000
 20
0.000000
 30
0.000000
 40
0.002000
 41
0.002000
 70
0
  0
VERTEX
  8
49
 10
1.013500
 20
1.648966
 30
0.000000
 42
1.000000
  0
VERTEX
  8
49
 10
1.013500
 20
1.646966
 30
0.000000
  0
SEQEND
  8
0
  0
POLYLINE
  8
49
 66
1
 10
0.000000
 20
0.000000
 30
0.000000
 40
0.004000
 41
0.004000
 70
0
  0
VERTEX
  8
49
 10
1.022445
 20
1.644133
 30
0.000000
  0
VERTEX
  8
49
 10
1.048000
 20
1.622411
 30
0.000000
  0
SEQEND
  8
0
  0
POLYLINE
  8
49
 66
1
 10
0.000000
 20
0.000000
 30
0.000000
 40
0.002000
 41
0.002000
 70
0
  0
VERTEX
  8
49
 10
1.047352
 20
1.621649
 30
0.000000
 42
1.000000
  0
VERTEX
  8
49
 10
1.048648
 20
1.623173
 30
0.000000
  0
SEQEND
  8
0
  0
POLYLINE
  8
49
 66
1
 10
0.000000
 20
0.000000
 30
0.000000
 40
0.002000
 41
0.002000
 70
0
  0
VERTEX
  8
49
 10
1.023092
 20
1.644895
 30
0.000000
 42
1.000000
  0
VERTEX
  8
49
 10
1.021797
 20
1.643371
 30
0.000000
  0
SEQEND
  8
0
  0
POLYLINE
  8
49
 66
1
 10
0.000000
 20
0.000000
 30
0.000000
 40
0.004000
 41
0.004000
 70
0
  0
VERTEX
  8
49
 10
1.048000
 20
1.622411
 30
0.000000
  0
VERTEX
  8
49
 10
1.048000
 20
1.647966
 30
0.000000
  0
SEQEND
  8
0
  0
POLYLINE
  8
49
 66
1
 10
0.000000
 20
0.000000
 30
0.000000
 40
0.002000
 41
0.002000
 70
0
  0
VERTEX
  8
49
 10
1.049000
 20
1.647966
 30
0.000000
 42
1.000000
  0
VERTEX
  8
49
 10
1.047000
 20
1.647966
 30
0.000000
  0
SEQEND
  8
0
  0
POLYLINE
  8
49
 66
1
 10
0.000000
 20
0.000000
 30
0.000000
 40
0.002000
 41
0.002000
 70
0
  0
VERTEX
  8
49
 10
1.047000
 20
1.622411
 30
0.000000
 42
1.000000
  0
VERTEX
  8
49
 10
1.049000
 20
1.622411
 30
0.000000
  0
SEQEND
  8
0
  0
POLYLINE
  8
49
 66
1
 10
0.000000
 20
0.000000
 30
0.000000
 40
0.004000
 41
0.004000
 70
0
  0
VERTEX
  8
49
 10
1.048000
 20
1.689444
 30
0.000000
  0
VERTEX
  8
49
 10
1.048000
 20
1.669000
 30
0.000000
  0
SEQEND
  8
0
  0
POLYLINE
  8
49
 66
1
 10
0.000000
 20
0.000000
 30
0.000000
 40
0.002000
 41
0.002000
 70
0
  0
VERTEX
  8
49
 10
1.047000
 20
1.669000
 30
0.000000
 42
1.000000
  0
VERTEX
  8
49
 10
1.049000
 20
1.669000
 30
0.000000
  0
SEQEND
  8
0
  0
POLYLINE
  8
49
 66
1
 10
0.000000
 20
0.000000
 30
0.000000
 40
0.002000
 41
0.002000
 70
0
  0
VERTEX
  8
49
 10
1.049000
 20
1.689444
 30
0.000000
 42
1.000000
  0
VERTEX
  8
49
 10
1.047000
 20
1.689444
 30
0.000000
  0
SEQEND
  8
0
  0
POLYLINE
  8
49
 66
1
 10
0.000000
 20
0.000000
 30
0.000000
 40
0.004000
 41
0.004000
 70
0
  0
VERTEX
  8
49
 10
1.048000
 20
1.669000
 30
0.000000
  0
VERTEX
  8
49
 10
1.002000
 20
1.669000
 30
0.000000
  0
SEQEND
  8
0
  0
POLYLINE
  8
49
 66
1
 10
0.000000
 20
0.000000
 30
0.000000
 40
0.002000
 41
0.002000
 70
0
  0
VERTEX
  8
49
 10
1.002000
 20
1.670000
 30
0.000000
 42
1.000000
  0
VERTEX
  8
49
 10
1.002000
 20
1.668000
 30
0.000000
  0
SEQEND
  8
0
  0
POLYLINE
  8
49
 66
1
 10
0.000000
 20
0.000000
 30
0.000000
 40
0.002000
 41
0.002000
 70
0
  0
VERTEX
  8
49
 10
1.048000
 20
1.668000
 30
0.000000
 42
1.000000
  0
VERTEX
  8
49
 10
1.048000
 20
1.670000
 30
0.000000
  0
SEQEND
  8
0
  0
POLYLINE
  8
49
 66
1
 10
0.000000
 20
0.000000
 30
0.000000
 40
0.004000
 41
0.004000
 70
0
  0
VERTEX
  8
49
 10
1.002000
 20
1.669000
 30
0.000000
  0
VERTEX
  8
49
 10
1.002000
 20
1.689444
 30
0.000000
  0
SEQEND
  8
0
  0
POLYLINE
  8
49
 66
1
 10
0.000000
 20
0.000000
 30
0.000000
 40
0.002000
 41
0.002000
 70
0
  0
VERTEX
  8
49
 10
1.003000
 20
1.689444
 30
0.000000
 42
1.000000
  0
VERTEX
  8
49
 10
1.001000
 20
1.689444
 30
0.000000
  0
SEQEND
  8
0
  0
POLYLINE
  8
49
 66
1
 10
0.000000
 20
0.000000
 30
0.000000
 40
0.002000
 41
0.002000
 70
0
  0
VERTEX
  8
49
 10
1.001000
 20
1.669000
 30
0.000000
 42
1.000000
  0
VERTEX
  8
49
 10
1.003000
 20
1.669000
 30
0.000000
  0
SEQEND
  8
0
  0
POLYLINE
  8
49
 66
1
 10
0.000000
 20
0.000000
 30
0.000000
 40
0.004000
 41
0.004000
 70
0
  0
VERTEX
  8
49
 10
1.022445
 20
1.669000
 30
0.000000
  0
VERTEX
  8
49
 10
1.022445
 20
1.684333
 30
0.000000
  0
SEQEND
  8
0
  0
POLYLINE
  8
49
 66
1
 10
0.000000
 20
0.000000
 30
0.000000
 40
0.002000
 41
0.002000
 70
0
  0
VERTEX
  8
49
 10
1.023445
 20
1.684333
 30
0.000000
 42
1.000000
  0
VERTEX
  8
49
 10
1.021445
 20
1.684333
 30
0.000000
  0
SEQEND
  8
0
  0
POLYLINE
  8
49
 66
1
 10
0.000000
 20
0.000000
 30
0.000000
 40
0.002000
 41
0.002000
 70
0
  0
VERTEX
  8
49
 10
1.021445
 20
1.669000
 30
0.000000
 42
1.000000
  0
VERTEX
  8
49
 10
1.023445
 20
1.669000
 30
0.000000
  0
SEQEND
  8
0
  0
POLYLINE
  8
49
 66
1
 10
0.000000
 20
0.000000
 30
0.000000
 40
0.004000
 41
0.004000
 70
0
  0
VERTEX
  8
49
 10
0.996889
 20
1.716915
 30
0.000000
 42
0.176174
  0
VERTEX
  8
49
 10
1.025000
 20
1.706693
 30
0.000000
  0
SEQEND
  8
0
  0
POLYLINE
  8
49
 66
1
 10
0.000000
 20
0.000000
 30
0.000000
 40
0.002000
 41
0.002000
 70
0
  0
VERTEX
  8
49
 10
0.997531
 20
1.717682
 30
0.000000
 42
1.000000
  0
VERTEX
  8
49
 10
0.996247
 20
1.716149
 30
0.000000
  0
SEQEND
  8
0
  0
POLYLINE
  8
49
 66
1
 10
0.000000
 20
0.000000
 30
0.000000
 40
0.002000
 41
0.002000
 70
0
  0
VERTEX
  8
49
 10
1.025000
 20
1.705693
 30
0.000000
 42
1.000000
  0
VERTEX
  8
49
 10
1.025000
 20
1.707693
 30
0.000000
  0
SEQEND
  8
0
  0
POLYLINE
  8
49
 66
1
 10
0.000000
 20
0.000000
 30
0.000000
 40
0.004000
 41
0.004000
 70
0
  0
VERTEX
  8
49
 10
1.025000
 20
1.706693
 30
0.000000
 42
0.176175
  0
VERTEX
  8
49
 10
1.053111
 20
1.716915
 30
0.000000
  0
SEQEND
  8
0
  0
POLYLINE
  8
49
 66
1
 10
0.000000
 20
0.000000
 30
0.000000
 40
0.002000
 41
0.002000
 70
0
  0
VERTEX
  8
49
 10
1.025000
 20
1.707693
 30
0.000000
 42
1.000000
  0
VERTEX
  8
49
 10
1.025000
 20
1.705693
 30
0.000000
  0
SEQEND
  8
0
  0
POLYLINE
  8
49
 66
1
 10
0.000000
 20
0.000000
 30
0.000000
 40
0.002000
 41
0.002000
 70
0
  0
VERTEX
  8
49
 10
1.053753
 20
1.716149
 30
0.000000
 42
1.000000
  0
VERTEX
  8
49
 10
1.052469
 20
1.717682
 30
0.000000
  0
SEQEND
  8
0
  0
POLYLINE
  8
49
 66
1
 10
0.000000
 20
0.000000
 30
0.000000
 40
0.004000
 41
0.004000
 70
0
  0
VERTEX
  8
49
 10
1.002000
 20
1.736499
 30
0.000000
  0
VERTEX
  8
49
 10
1.048000
 20
1.736499
 30
0.000000
  0
SEQEND
  8
0
  0
POLYLINE
  8
49
 66
1
 10
0.000000
 20
0.000000
 30
0.000000
 40
0.002000
 41
0.002000
 70
0
  0
VERTEX
  8
49
 10
1.048000
 20
1.735499
 30
0.000000
 42
1.000000
  0
VERTEX
  8
49
 10
1.048000
 20
1.737499
 30
0.000000
  0
SEQEND
  8
0
  0
POLYLINE
  8
49
 66
1
 10
0.000000
 20
0.000000
 30
0.000000
 40
0.002000
 41
0.002000
 70
0
  0
VERTEX
  8
49
 10
1.002000
 20
1.737499
 30
0.000000
 42
1.000000
  0
VERTEX
  8
49
 10
1.002000
 20
1.735499
 30
0.000000
  0
SEQEND
  8
0
  0
POLYLINE
  8
49
 66
1
 10
0.000000
 20
0.000000
 30
0.000000
 40
0.004000
 41
0.004000
 70
0
  0
VERTEX
  8
49
 10
1.048000
 20
1.736499
 30
0.000000
  0
VERTEX
  8
49
 10
1.048000
 20
1.756944
 30
0.000000
  0
SEQEND
  8
0
  0
POLYLINE
  8
49
 66
1
 10
0.000000
 20
0.000000
 30
0.000000
 40
0.002000
 41
0.002000
 70
0
  0
VERTEX
  8
49
 10
1.049000
 20
1.756944
 30
0.000000
 42
1.000000
  0
VERTEX
  8
49
 10
1.047000
 20
1.756944
 30
0.000000
  0
SEQEND
  8
0
  0
POLYLINE
  8
49
 66
1
 10
0.000000
 20
0.000000
 30
0.000000
 40
0.002000
 41
0.002000
 70
0
  0
VERTEX
  8
49
 10
1.047000
 20
1.736499
 30
0.000000
 42
1.000000
  0
VERTEX
  8
49
 10
1.049000
 20
1.736499
 30
0.000000
  0
SEQEND
  8
0
  0
POLYLINE
  8
49
 66
1
 10
0.000000
 20
0.000000
 30
0.000000
 40
0.004000
 41
0.004000
 70
0
  0
VERTEX
  8
49
 10
1.048000
 20
1.771355
 30
0.000000
  0
VERTEX
  8
49
 10
1.002000
 20
1.786688
 30
0.000000
  0
SEQEND
  8
0
  0
POLYLINE
  8
49
 66
1
 10
0.000000
 20
0.000000
 30
0.000000
 40
0.002000
 41
0.002000
 70
0
  0
VERTEX
  8
49
 10
1.002316
 20
1.787637
 30
0.000000
 42
1.000000
  0
VERTEX
  8
49
 10
1.001684
 20
1.785740
 30
0.000000
  0
SEQEND
  8
0
  0
POLYLINE
  8
49
 66
1
 10
0.000000
 20
0.000000
 30
0.000000
 40
0.002000
 41
0.002000
 70
0
  0
VERTEX
  8
49
 10
1.047684
 20
1.770406
 30
0.000000
 42
1.000000
  0
VERTEX
  8
49
 10
1.048316
 20
1.772304
 30
0.000000
  0
SEQEND
  8
0
  0
POLYLINE
  8
49
 66
1
 10
0.000000
 20
0.000000
 30
0.000000
 40
0.004000
 41
0.004000
 70
0
  0
VERTEX
  8
49
 10
1.002000
 20
1.786688
 30
0.000000
  0
VERTEX
  8
49
 10
1.048000
 20
1.802022
 30
0.000000
  0
SEQEND
  8
0
  0
POLYLINE
  8
49
 66
1
 10
0.000000
 20
0.000000
 30
0.000000
 40
0.002000
 41
0.002000
 70
0
  0
VERTEX
  8
49
 10
1.048316
 20
1.801073
 30
0.000000
 42
1.000000
  0
VERTEX
  8
49
 10
1.047684
 20
1.802970
 30
0.000000
  0
SEQEND
  8
0
  0
POLYLINE
  8
49
 66
1
 10
0.000000
 20
0.000000
 30
0.000000
 40
0.002000
 41
0.002000
 70
0
  0
VERTEX
  8
49
 10
1.001684
 20
1.787637
 30
0.000000
 42
1.000000
  0
VERTEX
  8
49
 10
1.002316
 20
1.785740
 30
0.000000
  0
SEQEND
  8
0
  0
POLYLINE
  8
49
 66
1
 10
0.000000
 20
0.000000
 30
0.000000
 40
0.004000
 41
0.004000
 70
0
  0
VERTEX
  8
49
 10
1.036500
 20
1.798188
 30
0.000000
  0
VERTEX
  8
49
 10
1.036500
 20
1.775188
 30
0.000000
  0
SEQEND
  8
0
  0
POLYLINE
  8
49
 66
1
 10
0.000000
 20
0.000000
 30
0.000000
 40
0.002000
 41
0.002000
 70
0
  0
VERTEX
  8
49
 10
1.035500
 20
1.775188
 30
0.000000
 42
1.000000
  0
VERTEX
  8
49
 10
1.037500
 20
1.775188
 30
0.000000
  0
SEQEND
  8
0
  0
POLYLINE
  8
49
 66
1
 10
0.000000
 20
0.000000
 30
0.000000
 40
0.002000
 41
0.002000
 70
0
  0
VERTEX
  8
49
 10
1.037500
 20
1.798188
 30
0.000000
 42
1.000000
  0
VERTEX
  8
49
 10
1.035500
 20
1.798188
 30
0.000000
  0
SEQEND
  8
0
  0
POLYLINE
  8
49
 66
1
 10
0.000000
 20
0.000000
 30
0.000000
 40
0.004000
 41
0.004000
 70
0
  0
VERTEX
  8
49
 10
1.048000
 20
1.820700
 30
0.000000
  0
VERTEX
  8
49
 10
1.002000
 20
1.820700
 30
0.000000
  0
SEQEND
  8
0
  0
POLYLINE
  8
49
 66
1
 10
0.000000
 20
0.000000
 30
0.000000
 40
0.002000
 41
0.002000
 70
0
  0
VERTEX
  8
49
 10
1.002000
 20
1.821700
 30
0.000000
 42
1.000000
  0
VERTEX
  8
49
 10
1.002000
 20
1.819700
 30
0.000000
  0
SEQEND
  8
0
  0
POLYLINE
  8
49
 66
1
 10
0.000000
 20
0.000000
 30
0.000000
 40
0.002000
 41
0.002000
 70
0
  0
VERTEX
  8
49
 10
1.048000
 20
1.819700
 30
0.000000
 42
1.000000
  0
VERTEX
  8
49
 10
1.048000
 20
1.821700
 30
0.000000
  0
SEQEND
  8
0
  0
POLYLINE
  8
49
 66
1
 10
0.000000
 20
0.000000
 30
0.000000
 40
0.004000
 41
0.004000
 70
0
  0
VERTEX
  8
49
 10
1.002000
 20
1.820700
 30
0.000000
  0
VERTEX
  8
49
 10
1.002000
 20
1.833478
 30
0.000000
  0
SEQEND
  8
0
  0
POLYLINE
  8
49
 66
1
 10
0.000000
 20
0.000000
 30
0.000000
 40
0.002000
 41
0.002000
 70
0
  0
VERTEX
  8
49
 10
1.003000
 20
1.833478
 30
0.000000
 42
1.000000
  0
VERTEX
  8
49
 10
1.001000
 20
1.833478
 30
0.000000
  0
SEQEND
  8
0
  0
POLYLINE
  8
49
 66
1
 10
0.000000
 20
0.000000
 30
0.000000
 40
0.002000
 41
0.002000
 70
0
  0
VERTEX
  8
49
 10
1.001000
 20
1.820700
 30
0.000000
 42
1.000000
  0
VERTEX
  8
49
 10
1.003000
 20
1.820700
 30
0.000000
  0
SEQEND
  8
0
  0
POLYLINE
  8
49
 66
1
 10
0.000000
 20
0.000000
 30
0.000000
 40
0.004000
 41
0.004000
 70
0
  0
VERTEX
  8
49
 10
1.027556
 20
1.833478
 30
0.000000
 42
1.000000
  0
VERTEX
  8
49
 10
1.002000
 20
1.833478
 30
0.000000
  0
SEQEND
  8
0
  0
POLYLINE
  8
49
 66
1
 10
0.000000
 20
0.000000
 30
0.000000
 40
0.002000
 41
0.002000
 70
0
  0
VERTEX
  8
49
 10
1.026556
 20
1.833478
 30
0.000000
 42
1.000000
  0
VERTEX
  8
49
 10
1.028556
 20
1.833478
 30
0.000000
  0
SEQEND
  8
0
  0
POLYLINE
  8
49
 66
1
 10
0.000000
 20
0.000000
 30
0.000000
 40
0.002000
 41
0.002000
 70
0
  0
VERTEX
  8
49
 10
1.001000
 20
1.833478
 30
0.000000
 42
1.000000
  0
VERTEX
  8
49
 10
1.003000
 20
1.833478
 30
0.000000
  0
SEQEND
  8
0
  0
POLYLINE
  8
49
 66
1
 10
0.000000
 20
0.000000
 30
0.000000
 40
0.004000
 41
0.004000
 70
0
  0
VERTEX
  8
49
 10
1.027556
 20
1.833478
 30
0.000000
  0
VERTEX
  8
49
 10
1.027556
 20
1.820700
 30
0.000000
  0
SEQEND
  8
0
  0
POLYLINE
  8
49
 66
1
 10
0.000000
 20
0.000000
 30
0.000000
 40
0.002000
 41
0.002000
 70
0
  0
VERTEX
  8
49
 10
1.026556
 20
1.820700
 30
0.000000
 42
1.000000
  0
VERTEX
  8
49
 10
1.028556
 20
1.820700
 30
0.000000
  0
SEQEND
  8
0
  0
POLYLINE
  8
49
 66
1
 10
0.000000
 20
0.000000
 30
0.000000
 40
0.002000
 41
0.002000
 70
0
  0
VERTEX
  8
49
 10
1.028556
 20
1.833478
 30
0.000000
 42
1.000000
  0
VERTEX
  8
49
 10
1.026556
 20
1.833478
 30
0.000000
  0
SEQEND
  8
0
  0
POLYLINE
  8
49
 66
1
 10
0.000000
 20
0.000000
 30
0.000000
 40
0.004000
 41
0.004000
 70
0
  0
VERTEX
  8
49
 10
1.048000
 20
1.846256
 30
0.000000
  0
VERTEX
  8
49
 10
1.027556
 20
1.836034
 30
0.000000
  0
SEQEND
  8
0
  0
POLYLINE
  8
49
 66
1
 10
0.000000
 20
0.000000
 30
0.000000
 40
0.002000
 41
0.002000
 70
0
  0
VERTEX
  8
49
 10
1.027108
 20
1.836928
 30
0.000000
 42
1.000000
  0
VERTEX
  8
49
 10
1.028003
 20
1.835139
 30
0.000000
  0
SEQEND
  8
0
  0
POLYLINE
  8
49
 66
1
 10
0.000000
 20
0.000000
 30
0.000000
 40
0.002000
 41
0.002000
 70
0
  0
VERTEX
  8
49
 10
1.048447
 20
1.845361
 30
0.000000
 42
1.000000
  0
VERTEX
  8
49
 10
1.047553
 20
1.847150
 30
0.000000
  0
SEQEND
  8
0
  0
POLYLINE
  8
49
 66
1
 10
0.000000
 20
0.000000
 30
0.000000
 40
0.004000
 41
0.004000
 70
0
  0
VERTEX
  8
49
 10
1.022445
 20
1.884799
 30
0.000000
  0
VERTEX
  8
49
 10
1.022445
 20
1.892466
 30
0.000000
  0
SEQEND
  8
0
  0
POLYLINE
  8
49
 66
1
 10
0.000000
 20
0.000000
 30
0.000000
 40
0.002000
 41
0.002000
 70
0
  0
VERTEX
  8
49
 10
1.023445
 20
1.892466
 30
0.000000
 42
1.000000
  0
VERTEX
  8
49
 10
1.021445
 20
1.892466
 30
0.000000
  0
SEQEND
  8
0
  0
POLYLINE
  8
49
 66
1
 10
0.000000
 20
0.000000
 30
0.000000
 40
0.002000
 41
0.002000
 70
0
  0
VERTEX
  8
49
 10
1.021445
 20
1.884799
 30
0.000000
 42
1.000000
  0
VERTEX
  8
49
 10
1.023445
 20
1.884799
 30
0.000000
  0
SEQEND
  8
0
  0
POLYLINE
  8
49
 66
1
 10
0.000000
 20
0.000000
 30
0.000000
 40
0.004000
 41
0.004000
 70
0
  0
VERTEX
  8
49
 10
1.022445
 20
1.892466
 30
0.000000
  0
VERTEX
  8
49
 10
1.048000
 20
1.892466
 30
0.000000
  0
SEQEND
  8
0
  0
POLYLINE
  8
49
 66
1
 10
0.000000
 20
0.000000
 30
0.000000
 40
0.002000
 41
0.002000
 70
0
  0
VERTEX
  8
49
 10
1.048000
 20
1.891466
 30
0.000000
 42
1.000000
  0
VERTEX
  8
49
 10
1.048000
 20
1.893466
 30
0.000000
  0
SEQEND
  8
0
  0
POLYLINE
  8
49
 66
1
 10
0.000000
 20
0.000000
 30
0.000000
 40
0.002000
 41
0.002000
 70
0
  0
VERTEX
  8
49
 10
1.022445
 20
1.893466
 30
0.000000
 42
1.000000
  0
VERTEX
  8
49
 10
1.022445
 20
1.891466
 30
0.000000
  0
SEQEND
  8
0
  0
POLYLINE
  8
49
 66
1
 10
0.000000
 20
0.000000
 30
0.000000
 40
0.004000
 41
0.004000
 70
0
  0
VERTEX
  8
49
 10
1.048000
 20
1.892466
 30
0.000000
  0
VERTEX
  8
49
 10
1.048000
 20
1.877133
 30
0.000000
  0
SEQEND
  8
0
  0
POLYLINE
  8
49
 66
1
 10
0.000000
 20
0.000000
 30
0.000000
 40
0.002000
 41
0.002000
 70
0
  0
VERTEX
  8
49
 10
1.047000
 20
1.877133
 30
0.000000
 42
1.000000
  0
VERTEX
  8
49
 10
1.049000
 20
1.877133
 30
0.000000
  0
SEQEND
  8
0
  0
POLYLINE
  8
49
 66
1
 10
0.000000
 20
0.000000
 30
0.000000
 40
0.002000
 41
0.002000
 70
0
  0
VERTEX
  8
49
 10
1.049000
 20
1.892466
 30
0.000000
 42
1.000000
  0
VERTEX
  8
49
 10
1.047000
 20
1.892466
 30
0.000000
  0
SEQEND
  8
0
  0
POLYLINE
  8
49
 66
1
 10
0.000000
 20
0.000000
 30
0.000000
 40
0.004000
 41
0.004000
 70
0
  0
VERTEX
  8
49
 10
1.037778
 20
1.866910
 30
0.000000
 42
0.414214
  0
VERTEX
  8
49
 10
1.048000
 20
1.877133
 30
0.000000
  0
SEQEND
  8
0
  0
POLYLINE
  8
49
 66
1
 10
0.000000
 20
0.000000
 30
0.000000
 40
0.002000
 41
0.002000
 70
0
  0
VERTEX
  8
49
 10
1.037778
 20
1.867910
 30
0.000000
 42
1.000000
  0
VERTEX
  8
49
 10
1.037778
 20
1.865910
 30
0.000000
  0
SEQEND
  8
0
  0
POLYLINE
  8
49
 66
1
 10
0.000000
 20
0.000000
 30
0.000000
 40
0.002000
 41
0.002000
 70
0
  0
VERTEX
  8
49
 10
1.049000
 20
1.877133
 30
0.000000
 42
1.000000
  0
VERTEX
  8
49
 10
1.047000
 20
1.877133
 30
0.000000
  0
SEQEND
  8
0
  0
POLYLINE
  8
49
 66
1
 10
0.000000
 20
0.000000
 30
0.000000
 40
0.004000
 41
0.004000
 70
0
  0
VERTEX
  8
49
 10
1.037778
 20
1.866910
 30
0.000000
  0
VERTEX
  8
49
 10
1.012222
 20
1.866910
 30
0.000000
  0
SEQEND
  8
0
  0
POLYLINE
  8
49
 66
1
 10
0.000000
 20
0.000000
 30
0.000000
 40
0.002000
 41
0.002000
 70
0
  0
VERTEX
  8
49
 10
1.012222
 20
1.867910
 30
0.000000
 42
1.000000
  0
VERTEX
  8
49
 10
1.012222
 20
1.865910
 30
0.000000
  0
SEQEND
  8
0
  0
POLYLINE
  8
49
 66
1
 10
0.000000
 20
0.000000
 30
0.000000
 40
0.002000
 41
0.002000
 70
0
  0
VERTEX
  8
49
 10
1.037778
 20
1.865910
 30
0.000000
 42
1.000000
  0
VERTEX
  8
49
 10
1.037778
 20
1.867910
 30
0.000000
  0
SEQEND
  8
0
  0
POLYLINE
  8
49
 66
1
 10
0.000000
 20
0.000000
 30
0.000000
 40
0.004000
 41
0.004000
 70
0
  0
VERTEX
  8
49
 10
1.002000
 20
1.877133
 30
0.000000
 42
0.414207
  0
VERTEX
  8
49
 10
1.012222
 20
1.866910
 30
0.000000
  0
SEQEND
  8
0
  0
POLYLINE
  8
49
 66
1
 10
0.000000
 20
0.000000
 30
0.000000
 40
0.002000
 41
0.002000
 70
0
  0
VERTEX
  8
49
 10
1.003000
 20
1.877133
 30
0.000000
 42
1.000000
  0
VERTEX
  8
49
 10
1.001000
 20
1.877132
 30
0.000000
  0
SEQEND
  8
0
  0
POLYLINE
  8
49
 66
1
 10
0.000000
 20
0.000000
 30
0.000000
 40
0.002000
 41
0.002000
 70
0
  0
VERTEX
  8
49
 10
1.012222
 20
1.865910
 30
0.000000
 42
1.000000
  0
VERTEX
  8
49
 10
1.012222
 20
1.867910
 30
0.000000
  0
SEQEND
  8
0
  0
POLYLINE
  8
49
 66
1
 10
0.000000
 20
0.000000
 30
0.000000
 40
0.004000
 41
0.004000
 70
0
  0
VERTEX
  8
49
 10
1.002000
 20
1.877133
 30
0.000000
  0
VERTEX
  8
49
 10
1.002000
 20
1.892466
 30
0.000000
  0
SEQEND
  8
0
  0
POLYLINE
  8
49
 66
1
 10
0.000000
 20
0.000000
 30
0.000000
 40
0.002000
 41
0.002000
 70
0
  0
VERTEX
  8
49
 10
1.003000
 20
1.892466
 30
0.000000
 42
1.000000
  0
VERTEX
  8
49
 10
1.001000
 20
1.892466
 30
0.000000
  0
SEQEND
  8
0
  0
POLYLINE
  8
49
 66
1
 10
0.000000
 20
0.000000
 30
0.000000
 40
0.002000
 41
0.002000
 70
0
  0
VERTEX
  8
49
 10
1.001000
 20
1.877133
 30
0.000000
 42
1.000000
  0
VERTEX
  8
49
 10
1.003000
 20
1.877133
 30
0.000000
  0
SEQEND
  8
0
  0
POLYLINE
  8
49
 66
1
 10
0.000000
 20
0.000000
 30
0.000000
 40
0.004000
 41
0.004000
 70
0
  0
VERTEX
  8
49
 10
1.048000
 20
1.935444
 30
0.000000
  0
VERTEX
  8
49
 10
1.048000
 20
1.914999
 30
0.000000
  0
SEQEND
  8
0
  0
POLYLINE
  8
49
 66
1
 10
0.000000
 20
0.000000
 30
0.000000
 40
0.002000
 41
0.002000
 70
0
  0
VERTEX
  8
49
 10
1.047000
 20
1.914999
 30
0.000000
 42
1.000000
  0
VERTEX
  8
49
 10
1.049000
 20
1.914999
 30
0.000000
  0
SEQEND
  8
0
  0
POLYLINE
  8
49
 66
1
 10
0.000000
 20
0.000000
 30
0.000000
 40
0.002000
 41
0.002000
 70
0
  0
VERTEX
  8
49
 10
1.049000
 20
1.935444
 30
0.000000
 42
1.000000
  0
VERTEX
  8
49
 10
1.047000
 20
1.935444
 30
0.000000
  0
SEQEND
  8
0
  0
POLYLINE
  8
49
 66
1
 10
0.000000
 20
0.000000
 30
0.000000
 40
0.004000
 41
0.004000
 70
0
  0
VERTEX
  8
49
 10
1.048000
 20
1.914999
 30
0.000000
  0
VERTEX
  8
49
 10
1.002000
 20
1.914999
 30
0.000000
  0
SEQEND
  8
0
  0
POLYLINE
  8
49
 66
1
 10
0.000000
 20
0.000000
 30
0.000000
 40
0.002000
 41
0.002000
 70
0
  0
VERTEX
  8
49
 10
1.002000
 20
1.915999
 30
0.000000
 42
1.000000
  0
VERTEX
  8
49
 10
1.002000
 20
1.913999
 30
0.000000
  0
SEQEND
  8
0
  0
POLYLINE
  8
49
 66
1
 10
0.000000
 20
0.000000
 30
0.000000
 40
0.002000
 41
0.002000
 70
0
  0
VERTEX
  8
49
 10
1.048000
 20
1.913999
 30
0.000000
 42
1.000000
  0
VERTEX
  8
49
 10
1.048000
 20
1.915999
 30
0.000000
  0
SEQEND
  8
0
  0
POLYLINE
  8
49
 66
1
 10
0.000000
 20
0.000000
 30
0.000000
 40
0.004000
 41
0.004000
 70
0
  0
VERTEX
  8
49
 10
1.002000
 20
1.914999
 30
0.000000
  0
VERTEX
  8
49
 10
1.002000
 20
1.935444
 30
0.000000
  0
SEQEND
  8
0
  0
POLYLINE
  8
49
 66
1
 10
0.000000
 20
0.000000
 30
0.000000
 40
0.002000
 41
0.002000
 70
0
  0
VERTEX
  8
49
 10
1.003000
 20
1.935444
 30
0.000000
 42
1.000000
  0
VERTEX
  8
49
 10
1.001000
 20
1.935444
 30
0.000000
  0
SEQEND
  8
0
  0
POLYLINE
  8
49
 66
1
 10
0.000000
 20
0.000000
 30
0.000000
 40
0.002000
 41
0.002000
 70
0
  0
VERTEX
  8
49
 10
1.001000
 20
1.914999
 30
0.000000
 42
1.000000
  0
VERTEX
  8
49
 10
1.003000
 20
1.914999
 30
0.000000
  0
SEQEND
  8
0
  0
POLYLINE
  8
49
 66
1
 10
0.000000
 20
0.000000
 30
0.000000
 40
0.004000
 41
0.004000
 70
0
  0
VERTEX
  8
49
 10
1.022445
 20
1.914999
 30
0.000000
  0
VERTEX
  8
49
 10
1.022445
 20
1.930332
 30
0.000000
  0
SEQEND
  8
0
  0
POLYLINE
  8
49
 66
1
 10
0.000000
 20
0.000000
 30
0.000000
 40
0.002000
 41
0.002000
 70
0
  0
VERTEX
  8
49
 10
1.023445
 20
1.930332
 30
0.000000
 42
1.000000
  0
VERTEX
  8
49
 10
1.021445
 20
1.930332
 30
0.000000
  0
SEQEND
  8
0
  0
POLYLINE
  8
49
 66
1
 10
0.000000
 20
0.000000
 30
0.000000
 40
0.002000
 41
0.002000
 70
0
  0
VERTEX
  8
49
 10
1.021445
 20
1.914999
 30
0.000000
 42
1.000000
  0
VERTEX
  8
49
 10
1.023445
 20
1.914999
 30
0.000000
  0
SEQEND
  8
0
  0
POLYLINE
  8
49
 66
1
 10
0.000000
 20
0.000000
 30
0.000000
 40
0.004000
 41
0.004000
 70
0
  0
VERTEX
  8
49
 10
1.053111
 20
1.950961
 30
0.000000
 42
0.176175
  0
VERTEX
  8
49
 10
1.025000
 20
1.961183
 30
0.000000
  0
SEQEND
  8
0
  0
POLYLINE
  8
49
 66
1
 10
0.000000
 20
0.000000
 30
0.000000
 40
0.002000
 41
0.002000
 70
0
  0
VERTEX
  8
49
 10
1.052469
 20
1.950194
 30
0.000000
 42
1.000000
  0
VERTEX
  8
49
 10
1.053753
 20
1.951727
 30
0.000000
  0
SEQEND
  8
0
  0
POLYLINE
  8
49
 66
1
 10
0.000000
 20
0.000000
 30
0.000000
 40
0.002000
 41
0.002000
 70
0
  0
VERTEX
  8
49
 10
1.025000
 20
1.962183
 30
0.000000
 42
1.000000
  0
VERTEX
  8
49
 10
1.025000
 20
1.960183
 30
0.000000
  0
SEQEND
  8
0
  0
POLYLINE
  8
49
 66
1
 10
0.000000
 20
0.000000
 30
0.000000
 40
0.004000
 41
0.004000
 70
0
  0
VERTEX
  8
49
 10
1.025000
 20
1.961183
 30
0.000000
 42
0.176174
  0
VERTEX
  8
49
 10
0.996889
 20
1.950961
 30
0.000000
  0
SEQEND
  8
0
  0
POLYLINE
  8
49
 66
1
 10
0.000000
 20
0.000000
 30
0.000000
 40
0.002000
 41
0.002000
 70
0
  0
VERTEX
  8
49
 10
1.025000
 20
1.960183
 30
0.000000
 42
1.000000
  0
VERTEX
  8
49
 10
1.025000
 20
1.962183
 30
0.000000
  0
SEQEND
  8
0
  0
POLYLINE
  8
49
 66
1
 10
0.000000
 20
0.000000
 30
0.000000
 40
0.002000
 41
0.002000
 70
0
  0
VERTEX
  8
49
 10
0.996247
 20
1.951727
 30
0.000000
 42
1.000000
  0
VERTEX
  8
49
 10
0.997531
 20
1.950194
 30
0.000000
  0
SEQEND
  8
0
  0
INSERT
  8
17
  2
ROUNDP
 10
0.300000
 20
1.500000
 30
0.000000
 41
0.059000
 42
0.059000
 43
1.000000
 50
0.000000
  0
INSERT
  8
17
  2
ROUNDP
 10
0.300000
 20
1.500000
 30
0.000000
 41
0.059000
 42
0.059000
 43
1.000000
 50
0.000000
  0
INSERT
  8
17
  2
ROUNDP
 10
1.400000
 20
2.000000
 30
0.000000
 41
0.059000
 42
0.059000
 43
1.000000
 50
0.000000
  0
INSERT
  8
17
  2
ROUNDP
 10
1.400000
 20
2.000000
 30
0.000000
 41
0.059000
 42
0.059000
 43
1.000000
 50
0.000000
  0
INSERT
  8
17
  2
ROUNDP
 10
1.400000
 20
1.100000
 30
0.000000
 41
0.059000
 42
0.059000
 43
1.000000
 50
0.000000
  0
INSERT
  8
17
  2
ROUNDP
 10
1.400000
 20
1.100000
 30
0.000000
 41
0.059000
 42
0.059000
 43
1.000000
 50
0.000000
  0
INSERT
  8
17
  2
ROUNDP
 10
0.300000
 20
2.500000
 30
0.000000
 41
0.059000
 42
0.059000
 43
1.000000
 50
0.000000
  0
INSERT
  8
17
  2
ROUNDP
 10
0.300000
 20
2.500000
 30
0.000000
 41
0.059000
 42
0.059000
 43
1.000000
 50
0.000000
  0
INSERT
  8
17
  2
ROUNDP
 10
0.300000
 20
1.900000
 30
0.000000
 41
0.059000
 42
0.059000
 43
1.000000
 50
0.000000
  0
INSERT
  8
17
  2
ROUNDP
 10
0.300000
 20
1.900000
 30
0.000000
 41
0.059000
 42
0.059000
 43
1.000000
 50
0.000000
  0
INSERT
  8
17
  2
ROUNDP
 10
0.300000
 20
1.400000
 30
0.000000
 41
0.059000
 42
0.059000
 43
1.000000
 50
0.000000
  0
INSERT
  8
17
  2
ROUNDP
 10
0.300000
 20
1.400000
 30
0.000000
 41
0.059000
 42
0.059000
 43
1.000000
 50
0.000000
  0
INSERT
  8
17
  2
ROUNDP
 10
0.300000
 20
1.600000
 30
0.000000
 41
0.059000
 42
0.059000
 43
1.000000
 50
0.000000
  0
INSERT
  8
17
  2
ROUNDP
 10
0.300000
 20
1.600000
 30
0.000000
 41
0.059000
 42
0.059000
 43
1.000000
 50
0.000000
  0
INSERT
  8
17
  2
ROUNDP
 10
0.300000
 20
1.200000
 30
0.000000
 41
0.059000
 42
0.059000
 43
1.000000
 50
0.000000
  0
INSERT
  8
17
  2
ROUNDP
 10
0.300000
 20
1.200000
 30
0.000000
 41
0.059000
 42
0.059000
 43
1.000000
 50
0.000000
  0
INSERT
  8
17
  2
ROUNDP
 10
1.400000
 20
1.900000
 30
0.000000
 41
0.059000
 42
0.059000
 43
1.000000
 50
0.000000
  0
INSERT
  8
17
  2
ROUNDP
 10
1.400000
 20
1.900000
 30
0.000000
 41
0.059000
 42
0.059000
 43
1.000000
 50
0.000000
  0
INSERT
  8
17
  2
ROUNDP
 10
1.400000
 20
1.200000
 30
0.000000
 41
0.059000
 42
0.059000
 43
1.000000
 50
0.000000
  0
INSERT
  8
17
  2
ROUNDP
 10
1.400000
 20
1.200000
 30
0.000000
 41
0.059000
 42
0.059000
 43
1.000000
 50
0.000000
  0
INSERT
  8
17
  2
ROUNDP
 10
1.400000
 20
2.200000
 30
0.000000
 41
0.059000
 42
0.059000
 43
1.000000
 50
0.000000
  0
INSERT
  8
17
  2
ROUNDP
 10
1.400000
 20
2.200000
 30
0.000000
 41
0.059000
 42
0.059000
 43
1.000000
 50
0.000000
  0
INSERT
  8
17
  2
ROUNDP
 10
1.400000
 20
1.300000
 30
0.000000
 41
0.059000
 42
0.059000
 43
1.000000
 50
0.000000
  0
INSERT
  8
17
  2
ROUNDP
 10
1.400000
 20
1.300000
 30
0.000000
 41
0.059000
 42
0.059000
 43
1.000000
 50
0.000000
  0
INSERT
  8
17
  2
ROUNDP
 10
1.400000
 20
2.100000
 30
0.000000
 41
0.059000
 42
0.059000
 43
1.000000
 50
0.000000
  0
INSERT
  8
17
  2
ROUNDP
 10
1.400000
 20
2.100000
 30
0.000000
 41
0.059000
 42
0.059000
 43
1.000000
 50
0.000000
  0
INSERT
  8
17
  2
ROUNDP
 10
1.400000
 20
1.400000
 30
0.000000
 41
0.059000
 42
0.059000
 43
1.000000
 50
0.000000
  0
INSERT
  8
17
  2
ROUNDP
 10
1.400000
 20
1.400000
 30
0.000000
 41
0.059000
 42
0.059000
 43
1.000000
 50
0.000000
  0
INSERT
  8
17
  2
ROUNDP
 10
1.400000
 20
2.300000
 30
0.000000
 41
0.059000
 42
0.059000
 43
1.000000
 50
0.000000
  0
INSERT
  8
17
  2
ROUNDP
 10
1.400000
 20
2.300000
 30
0.000000
 41
0.059000
 42
0.059000
 43
1.000000
 50
0.000000
  0
INSERT
  8
17
  2
ROUNDP
 10
1.400000
 20
2.400000
 30
0.000000
 41
0.059000
 42
0.059000
 43
1.000000
 50
0.000000
  0
INSERT
  8
17
  2
ROUNDP
 10
1.400000
 20
2.400000
 30
0.000000
 41
0.059000
 42
0.059000
 43
1.000000
 50
0.000000
  0
INSERT
  8
17
  2
ROUNDP
 10
0.300000
 20
2.100000
 30
0.000000
 41
0.059000
 42
0.059000
 43
1.000000
 50
0.000000
  0
INSERT
  8
17
  2
ROUNDP
 10
0.300000
 20
2.100000
 30
0.000000
 41
0.059000
 42
0.059000
 43
1.000000
 50
0.000000
  0
INSERT
  8
17
  2
ROUNDP
 10
0.300000
 20
2.200000
 30
0.000000
 41
0.059000
 42
0.059000
 43
1.000000
 50
0.000000
  0
INSERT
  8
17
  2
ROUNDP
 10
0.300000
 20
2.200000
 30
0.000000
 41
0.059000
 42
0.059000
 43
1.000000
 50
0.000000
  0
INSERT
  8
17
  2
ROUNDP
 10
1.400000
 20
1.700000
 30
0.000000
 41
0.059000
 42
0.059000
 43
1.000000
 50
0.000000
  0
INSERT
  8
17
  2
ROUNDP
 10
1.400000
 20
1.700000
 30
0.000000
 41
0.059000
 42
0.059000
 43
1.000000
 50
0.000000
  0
INSERT
  8
17
  2
ROUNDP
 10
1.400000
 20
1.600000
 30
0.000000
 41
0.059000
 42
0.059000
 43
1.000000
 50
0.000000
  0
INSERT
  8
17
  2
ROUNDP
 10
1.400000
 20
1.600000
 30
0.000000
 41
0.059000
 42
0.059000
 43
1.000000
 50
0.000000
  0
INSERT
  8
17
  2
ROUNDP
 10
1.400000
 20
1.800000
 30
0.000000
 41
0.059000
 42
0.059000
 43
1.000000
 50
0.000000
  0
INSERT
  8
17
  2
ROUNDP
 10
1.400000
 20
1.800000
 30
0.000000
 41
0.059000
 42
0.059000
 43
1.000000
 50
0.000000
  0
INSERT
  8
17
  2
ROUNDP
 10
1.400000
 20
1.500000
 30
0.000000
 41
0.059000
 42
0.059000
 43
1.000000
 50
0.000000
  0
INSERT
  8
17
  2
ROUNDP
 10
1.400000
 20
1.500000
 30
0.000000
 41
0.059000
 42
0.059000
 43
1.000000
 50
0.000000
  0
INSERT
  8
17
  2
ROUNDP
 10
1.400000
 20
2.500000
 30
0.000000
 41
0.059000
 42
0.059000
 43
1.000000
 50
0.000000
  0
INSERT
  8
17
  2
ROUNDP
 10
1.400000
 20
2.500000
 30
0.000000
 41
0.059000
 42
0.059000
 43
1.000000
 50
0.000000
  0
INSERT
  8
17
  2
ROUNDP
 10
0.300000
 20
1.800000
 30
0.000000
 41
0.059000
 42
0.059000
 43
1.000000
 50
0.000000
  0
INSERT
  8
17
  2
ROUNDP
 10
0.300000
 20
1.800000
 30
0.000000
 41
0.059000
 42
0.059000
 43
1.000000
 50
0.000000
  0
INSERT
  8
17
  2
ROUNDP
 10
0.300000
 20
2.000000
 30
0.000000
 41
0.059000
 42
0.059000
 43
1.000000
 50
0.000000
  0
INSERT
  8
17
  2
ROUNDP
 10
0.300000
 20
2.000000
 30
0.000000
 41
0.059000
 42
0.059000
 43
1.000000
 50
0.000000
  0
INSERT
  8
17
  2
ROUNDP
 10
0.300000
 20
2.400000
 30
0.000000
 41
0.059000
 42
0.059000
 43
1.000000
 50
0.000000
  0
INSERT
  8
17
  2
ROUNDP
 10
0.300000
 20
2.400000
 30
0.000000
 41
0.059000
 42
0.059000
 43
1.000000
 50
0.000000
  0
INSERT
  8
17
  2
ROUNDP
 10
0.300000
 20
2.300000
 30
0.000000
 41
0.059000
 42
0.059000
 43
1.000000
 50
0.000000
  0
INSERT
  8
17
  2
ROUNDP
 10
0.300000
 20
2.300000
 30
0.000000
 41
0.059000
 42
0.059000
 43
1.000000
 50
0.000000
  0
INSERT
  8
17
  2
ROUNDP
 10
0.300000
 20
1.300000
 30
0.000000
 41
0.059000
 42
0.059000
 43
1.000000
 50
0.000000
  0
INSERT
  8
17
  2
ROUNDP
 10
0.300000
 20
1.300000
 30
0.000000
 41
0.059000
 42
0.059000
 43
1.000000
 50
0.000000
  0
INSERT
  8
17
  2
ROUNDP
 10
0.300000
 20
1.700000
 30
0.000000
 41
0.059000
 42
0.059000
 43
1.000000
 50
0.000000
  0
INSERT
  8
17
  2
ROUNDP
 10
0.300000
 20
1.700000
 30
0.000000
 41
0.059000
 42
0.059000
 43
1.000000
 50
0.000000
  0
INSERT
  8
17
  2
ROUNDP
 10
0.300000
 20
1.100000
 30
0.000000
 41
0.059000
 42
0.059000
 43
1.000000
 50
0.000000
  0
INSERT
  8
17
  2
ROUNDP
 10
0.300000
 20
1.100000
 30
0.000000
 41
0.059000
 42
0.059000
 43
1.000000
 50
0.000000
  0
POLYLINE
  8
49
 66
1
 10
0.000000
 20
0.000000
 30
0.000000
 40
0.004000
 41
0.004000
 70
0
  0
VERTEX
  8
49
 10
0.986945
 20
1.298000
 30
0.000000
  0
VERTEX
  8
49
 10
0.986945
 20
1.264778
 30
0.000000
  0
SEQEND
  8
0
  0
POLYLINE
  8
49
 66
1
 10
0.000000
 20
0.000000
 30
0.000000
 40
0.002000
 41
0.002000
 70
0
  0
VERTEX
  8
49
 10
0.985945
 20
1.264778
 30
0.000000
 42
1.000000
  0
VERTEX
  8
49
 10
0.987945
 20
1.264778
 30
0.000000
  0
SEQEND
  8
0
  0
POLYLINE
  8
49
 66
1
 10
0.000000
 20
0.000000
 30
0.000000
 40
0.002000
 41
0.002000
 70
0
  0
VERTEX
  8
49
 10
0.987945
 20
1.298000
 30
0.000000
 42
1.000000
  0
VERTEX
  8
49
 10
0.985945
 20
1.298000
 30
0.000000
  0
SEQEND
  8
0
  0
POLYLINE
  8
49
 66
1
 10
0.000000
 20
0.000000
 30
0.000000
 40
0.004000
 41
0.004000
 70
0
  0
VERTEX
  8
49
 10
0.986945
 20
1.264778
 30
0.000000
 42
1.000000
  0
VERTEX
  8
49
 10
1.012500
 20
1.264778
 30
0.000000
  0
SEQEND
  8
0
  0
POLYLINE
  8
49
 66
1
 10
0.000000
 20
0.000000
 30
0.000000
 40
0.002000
 41
0.002000
 70
0
  0
VERTEX
  8
49
 10
0.987945
 20
1.264778
 30
0.000000
 42
1.000000
  0
VERTEX
  8
49
 10
0.985945
 20
1.264778
 30
0.000000
  0
SEQEND
  8
0
  0
POLYLINE
  8
49
 66
1
 10
0.000000
 20
0.000000
 30
0.000000
 40
0.002000
 41
0.002000
 70
0
  0
VERTEX
  8
49
 10
1.013500
 20
1.264778
 30
0.000000
 42
1.000000
  0
VERTEX
  8
49
 10
1.011500
 20
1.264778
 30
0.000000
  0
SEQEND
  8
0
  0
POLYLINE
  8
49
 66
1
 10
0.000000
 20
0.000000
 30
0.000000
 40
0.004000
 41
0.004000
 70
0
  0
VERTEX
  8
49
 10
1.012500
 20
1.264778
 30
0.000000
  0
VERTEX
  8
49
 10
1.012500
 20
1.298000
 30
0.000000
  0
SEQEND
  8
0
  0
POLYLINE
  8
49
 66
1
 10
0.000000
 20
0.000000
 30
0.000000
 40
0.002000
 41
0.002000
 70
0
  0
VERTEX
  8
49
 10
1.013500
 20
1.298000
 30
0.000000
 42
1.000000
  0
VERTEX
  8
49
 10
1.011500
 20
1.298000
 30
0.000000
  0
SEQEND
  8
0
  0
POLYLINE
  8
49
 66
1
 10
0.000000
 20
0.000000
 30
0.000000
 40
0.002000
 41
0.002000
 70
0
  0
VERTEX
  8
49
 10
1.011500
 20
1.264778
 30
0.000000
 42
1.000000
  0
VERTEX
  8
49
 10
1.013500
 20
1.264778
 30
0.000000
  0
SEQEND
  8
0
  0
POLYLINE
  8
49
 66
1
 10
0.000000
 20
0.000000
 30
0.000000
 40
0.004000
 41
0.004000
 70
0
  0
VERTEX
  8
49
 10
1.043222
 20
1.252000
 30
0.000000
  0
VERTEX
  8
49
 10
1.043222
 20
1.298000
 30
0.000000
  0
SEQEND
  8
0
  0
POLYLINE
  8
49
 66
1
 10
0.000000
 20
0.000000
 30
0.000000
 40
0.002000
 41
0.002000
 70
0
  0
VERTEX
  8
49
 10
1.044222
 20
1.298000
 30
0.000000
 42
1.000000
  0
VERTEX
  8
49
 10
1.042222
 20
1.298000
 30
0.000000
  0
SEQEND
  8
0
  0
POLYLINE
  8
49
 66
1
 10
0.000000
 20
0.000000
 30
0.000000
 40
0.002000
 41
0.002000
 70
0
  0
VERTEX
  8
49
 10
1.042222
 20
1.252000
 30
0.000000
 42
1.000000
  0
VERTEX
  8
49
 10
1.044222
 20
1.252000
 30
0.000000
  0
SEQEND
  8
0
  0
POLYLINE
  8
49
 66
1
 10
0.000000
 20
0.000000
 30
0.000000
 40
0.004000
 41
0.004000
 70
0
  0
VERTEX
  8
49
 10
1.043222
 20
1.275000
 30
0.000000
  0
VERTEX
  8
49
 10
1.036833
 20
1.278833
 30
0.000000
  0
SEQEND
  8
0
  0
POLYLINE
  8
49
 66
1
 10
0.000000
 20
0.000000
 30
0.000000
 40
0.002000
 41
0.002000
 70
0
  0
VERTEX
  8
49
 10
1.037348
 20
1.279691
 30
0.000000
 42
1.000000
  0
VERTEX
  8
49
 10
1.036319
 20
1.277976
 30
0.000000
  0
SEQEND
  8
0
  0
POLYLINE
  8
49
 66
1
 10
0.000000
 20
0.000000
 30
0.000000
 40
0.002000
 41
0.002000
 70
0
  0
VERTEX
  8
49
 10
1.042708
 20
1.274143
 30
0.000000
 42
1.000000
  0
VERTEX
  8
49
 10
1.043737
 20
1.275857
 30
0.000000
  0
SEQEND
  8
0
  0
POLYLINE
  8
49
 66
1
 10
0.000000
 20
0.000000
 30
0.000000
 40
0.004000
 41
0.004000
 70
0
  0
VERTEX
  8
49
 10
1.039389
 20
1.292889
 30
0.000000
 42
0.691672
  0
VERTEX
  8
49
 10
1.036833
 20
1.278833
 30
0.000000
  0
SEQEND
  8
0
  0
POLYLINE
  8
49
 66
1
 10
0.000000
 20
0.000000
 30
0.000000
 40
0.002000
 41
0.002000
 70
0
  0
VERTEX
  8
49
 10
1.039569
 20
1.291905
 30
0.000000
 42
1.000000
  0
VERTEX
  8
49
 10
1.039209
 20
1.293872
 30
0.000000
  0
SEQEND
  8
0
  0
POLYLINE
  8
49
 66
1
 10
0.000000
 20
0.000000
 30
0.000000
 40
0.002000
 41
0.002000
 70
0
  0
VERTEX
  8
49
 10
1.036319
 20
1.277976
 30
0.000000
 42
1.000000
  0
VERTEX
  8
49
 10
1.037348
 20
1.279691
 30
0.000000
  0
SEQEND
  8
0
  0
POLYLINE
  8
49
 66
1
 10
0.000000
 20
0.000000
 30
0.000000
 40
0.004000
 41
0.004000
 70
0
  0
VERTEX
  8
49
 10
1.053445
 20
1.290333
 30
0.000000
 42
0.182258
  0
VERTEX
  8
49
 10
1.039389
 20
1.292889
 30
0.000000
  0
SEQEND
  8
0
  0
POLYLINE
  8
49
 66
1
 10
0.000000
 20
0.000000
 30
0.000000
 40
0.002000
 41
0.002000
 70
0
  0
VERTEX
  8
49
 10
1.052930
 20
1.289476
 30
0.000000
 42
1.000000
  0
VERTEX
  8
49
 10
1.053959
 20
1.291191
 30
0.000000
  0
SEQEND
  8
0
  0
POLYLINE
  8
49
 66
1
 10
0.000000
 20
0.000000
 30
0.000000
 40
0.002000
 41
0.002000
 70
0
  0
VERTEX
  8
49
 10
1.039209
 20
1.293872
 30
0.000000
 42
1.000000
  0
VERTEX
  8
49
 10
1.039569
 20
1.291905
 30
0.000000
  0
SEQEND
  8
0
  0
POLYLINE
  8
49
 66
1
 10
0.000000
 20
0.000000
 30
0.000000
 40
0.004000
 41
0.004000
 70
0
  0
VERTEX
  8
49
 10
1.043222
 20
1.275000
 30
0.000000
  0
VERTEX
  8
49
 10
1.049611
 20
1.271167
 30
0.000000
  0
SEQEND
  8
0
  0
POLYLINE
  8
49
 66
1
 10
0.000000
 20
0.000000
 30
0.000000
 40
0.002000
 41
0.002000
 70
0
  0
VERTEX
  8
49
 10
1.049097
 20
1.270309
 30
0.000000
 42
1.000000
  0
VERTEX
  8
49
 10
1.050126
 20
1.272024
 30
0.000000
  0
SEQEND
  8
0
  0
POLYLINE
  8
49
 66
1
 10
0.000000
 20
0.000000
 30
0.000000
 40
0.002000
 41
0.002000
 70
0
  0
VERTEX
  8
49
 10
1.043737
 20
1.275857
 30
0.000000
 42
1.000000
  0
VERTEX
  8
49
 10
1.042708
 20
1.274143
 30
0.000000
  0
SEQEND
  8
0
  0
POLYLINE
  8
49
 66
1
 10
0.000000
 20
0.000000
 30
0.000000
 40
0.004000
 41
0.004000
 70
0
  0
VERTEX
  8
49
 10
1.047056
 20
1.257111
 30
0.000000
 42
0.691669
  0
VERTEX
  8
49
 10
1.049611
 20
1.271167
 30
0.000000
  0
SEQEND
  8
0
  0
POLYLINE
  8
49
 66
1
 10
0.000000
 20
0.000000
 30
0.000000
 40
0.002000
 41
0.002000
 70
0
  0
VERTEX
  8
49
 10
1.046876
 20
1.258095
 30
0.000000
 42
1.000000
  0
VERTEX
  8
49
 10
1.047235
 20
1.256127
 30
0.000000
  0
SEQEND
  8
0
  0
POLYLINE
  8
49
 66
1
 10
0.000000
 20
0.000000
 30
0.000000
 40
0.002000
 41
0.002000
 70
0
  0
VERTEX
  8
49
 10
1.050126
 20
1.272024
 30
0.000000
 42
1.000000
  0
VERTEX
  8
49
 10
1.049097
 20
1.270309
 30
0.000000
  0
SEQEND
  8
0
  0
POLYLINE
  8
49
 66
1
 10
0.000000
 20
0.000000
 30
0.000000
 40
0.004000
 41
0.004000
 70
0
  0
VERTEX
  8
49
 10
1.033000
 20
1.259667
 30
0.000000
 42
0.182260
  0
VERTEX
  8
49
 10
1.047056
 20
1.257111
 30
0.000000
  0
SEQEND
  8
0
  0
POLYLINE
  8
49
 66
1
 10
0.000000
 20
0.000000
 30
0.000000
 40
0.002000
 41
0.002000
 70
0
  0
VERTEX
  8
49
 10
1.033515
 20
1.260524
 30
0.000000
 42
1.000000
  0
VERTEX
  8
49
 10
1.032486
 20
1.258809
 30
0.000000
  0
SEQEND
  8
0
  0
POLYLINE
  8
49
 66
1
 10
0.000000
 20
0.000000
 30
0.000000
 40
0.002000
 41
0.002000
 70
0
  0
VERTEX
  8
49
 10
1.047235
 20
1.256127
 30
0.000000
 42
1.000000
  0
VERTEX
  8
49
 10
1.046876
 20
1.258095
 30
0.000000
  0
SEQEND
  8
0
  0
POLYLINE
  8
49
 66
1
 10
0.000000
 20
0.000000
 30
0.000000
 40
0.004000
 41
0.004000
 70
0
  0
VERTEX
  8
49
 10
1.098000
 20
1.286500
 30
0.000000
 42
0.414214
  0
VERTEX
  8
49
 10
1.086500
 20
1.298000
 30
0.000000
  0
SEQEND
  8
0
  0
POLYLINE
  8
49
 66
1
 10
0.000000
 20
0.000000
 30
0.000000
 40
0.002000
 41
0.002000
 70
0
  0
VERTEX
  8
49
 10
1.097000
 20
1.286500
 30
0.000000
 42
1.000000
  0
VERTEX
  8
49
 10
1.099000
 20
1.286500
 30
0.000000
  0
SEQEND
  8
0
  0
POLYLINE
  8
49
 66
1
 10
0.000000
 20
0.000000
 30
0.000000
 40
0.002000
 41
0.002000
 70
0
  0
VERTEX
  8
49
 10
1.086500
 20
1.299000
 30
0.000000
 42
1.000000
  0
VERTEX
  8
49
 10
1.086500
 20
1.297000
 30
0.000000
  0
SEQEND
  8
0
  0
POLYLINE
  8
49
 66
1
 10
0.000000
 20
0.000000
 30
0.000000
 40
0.004000
 41
0.004000
 70
0
  0
VERTEX
  8
49
 10
1.086500
 20
1.298000
 30
0.000000
 42
0.325184
  0
VERTEX
  8
49
 10
1.072444
 20
1.287778
 30
0.000000
  0
SEQEND
  8
0
  0
POLYLINE
  8
49
 66
1
 10
0.000000
 20
0.000000
 30
0.000000
 40
0.002000
 41
0.002000
 70
0
  0
VERTEX
  8
49
 10
1.086500
 20
1.297000
 30
0.000000
 42
1.000000
  0
VERTEX
  8
49
 10
1.086500
 20
1.299000
 30
0.000000
  0
SEQEND
  8
0
  0
POLYLINE
  8
49
 66
1
 10
0.000000
 20
0.000000
 30
0.000000
 40
0.002000
 41
0.002000
 70
0
  0
VERTEX
  8
49
 10
1.071493
 20
1.288086
 30
0.000000
 42
1.000000
  0
VERTEX
  8
49
 10
1.073396
 20
1.287470
 30
0.000000
  0
SEQEND
  8
0
  0
POLYLINE
  8
49
 66
1
 10
0.000000
 20
0.000000
 30
0.000000
 40
0.004000
 41
0.004000
 70
0
  0
VERTEX
  8
49
 10
1.094167
 20
1.277555
 30
0.000000
 42
0.205250
  0
VERTEX
  8
49
 10
1.098000
 20
1.286500
 30
0.000000
  0
SEQEND
  8
0
  0
POLYLINE
  8
49
 66
1
 10
0.000000
 20
0.000000
 30
0.000000
 40
0.002000
 41
0.002000
 70
0
  0
VERTEX
  8
49
 10
1.093477
 20
1.278280
 30
0.000000
 42
1.000000
  0
VERTEX
  8
49
 10
1.094856
 20
1.276831
 30
0.000000
  0
SEQEND
  8
0
  0
POLYLINE
  8
49
 66
1
 10
0.000000
 20
0.000000
 30
0.000000
 40
0.002000
 41
0.002000
 70
0
  0
VERTEX
  8
49
 10
1.099000
 20
1.286500
 30
0.000000
 42
1.000000
  0
VERTEX
  8
49
 10
1.097000
 20
1.286500
 30
0.000000
  0
SEQEND
  8
0
  0
POLYLINE
  8
49
 66
1
 10
0.000000
 20
0.000000
 30
0.000000
 40
0.004000
 41
0.004000
 70
0
  0
VERTEX
  8
49
 10
1.094167
 20
1.277555
 30
0.000000
  0
VERTEX
  8
49
 10
1.072445
 20
1.252000
 30
0.000000
  0
SEQEND
  8
0
  0
POLYLINE
  8
49
 66
1
 10
0.000000
 20
0.000000
 30
0.000000
 40
0.002000
 41
0.002000
 70
0
  0
VERTEX
  8
49
 10
1.071683
 20
1.252648
 30
0.000000
 42
1.000000
  0
VERTEX
  8
49
 10
1.073206
 20
1.251352
 30
0.000000
  0
SEQEND
  8
0
  0
POLYLINE
  8
49
 66
1
 10
0.000000
 20
0.000000
 30
0.000000
 40
0.002000
 41
0.002000
 70
0
  0
VERTEX
  8
49
 10
1.094929
 20
1.276908
 30
0.000000
 42
1.000000
  0
VERTEX
  8
49
 10
1.093405
 20
1.278203
 30
0.000000
  0
SEQEND
  8
0
  0
POLYLINE
  8
49
 66
1
 10
0.000000
 20
0.000000
 30
0.000000
 40
0.004000
 41
0.004000
 70
0
  0
VERTEX
  8
49
 10
1.072445
 20
1.252000
 30
0.000000
  0
VERTEX
  8
49
 10
1.098000
 20
1.252000
 30
0.000000
  0
SEQEND
  8
0
  0
POLYLINE
  8
49
 66
1
 10
0.000000
 20
0.000000
 30
0.000000
 40
0.002000
 41
0.002000
 70
0
  0
VERTEX
  8
49
 10
1.098000
 20
1.251000
 30
0.000000
 42
1.000000
  0
VERTEX
  8
49
 10
1.098000
 20
1.253000
 30
0.000000
  0
SEQEND
  8
0
  0
POLYLINE
  8
49
 66
1
 10
0.000000
 20
0.000000
 30
0.000000
 40
0.002000
 41
0.002000
 70
0
  0
VERTEX
  8
49
 10
1.072445
 20
1.253000
 30
0.000000
 42
1.000000
  0
VERTEX
  8
49
 10
1.072445
 20
1.251000
 30
0.000000
  0
SEQEND
  8
0
  0
POLYLINE
  8
1
 66
1
 10
0.000000
 20
0.000000
 30
0.000000
 40
0.006000
 41
0.006000
 70
0
  0
VERTEX
  8
1
 10
1.302000
 20
1.692000
 30
0.000000
  0
VERTEX
  8
1
 10
1.302000
 20
1.650000
 30
0.000000
  0
SEQEND
  8
0
  0
POLYLINE
  8
1
 66
1
 10
0.000000
 20
0.000000
 30
0.000000
 40
0.003000
 41
0.003000
 70
0
  0
VERTEX
  8
1
 10
1.300500
 20
1.650000
 30
0.000000
 42
1.000000
  0
VERTEX
  8
1
 10
1.303500
 20
1.650000
 30
0.000000
  0
SEQEND
  8
0
  0
POLYLINE
  8
1
 66
1
 10
0.000000
 20
0.000000
 30
0.000000
 40
0.003000
 41
0.003000
 70
0
  0
VERTEX
  8
1
 10
1.303500
 20
1.692000
 30
0.000000
 42
1.000000
  0
VERTEX
  8
1
 10
1.300500
 20
1.692000
 30
0.000000
  0
SEQEND
  8
0
  0
POLYLINE
  8
1
 66
1
 10
0.000000
 20
0.000000
 30
0.000000
 40
0.006000
 41
0.006000
 70
0
  0
VERTEX
  8
1
 10
1.398000
 20
1.788000
 30
0.000000
  0
VERTEX
  8
1
 10
1.302000
 20
1.692000
 30
0.000000
  0
SEQEND
  8
0
  0
POLYLINE
  8
1
 66
1
 10
0.000000
 20
0.000000
 30
0.000000
 40
0.003000
 41
0.003000
 70
0
  0
VERTEX
  8
1
 10
1.300939
 20
1.693061
 30
0.000000
 42
1.000000
  0
VERTEX
  8
1
 10
1.303061
 20
1.690939
 30
0.000000
  0
SEQEND
  8
0
  0
POLYLINE
  8
1
 66
1
 10
0.000000
 20
0.000000
 30
0.000000
 40
0.003000
 41
0.003000
 70
0
  0
VERTEX
  8
1
 10
1.399061
 20
1.786939
 30
0.000000
 42
1.000000
  0
VERTEX
  8
1
 10
1.396939
 20
1.789061
 30
0.000000
  0
SEQEND
  8
0
  0
POLYLINE
  8
1
 66
1
 10
0.000000
 20
0.000000
 30
0.000000
 40
0.006000
 41
0.006000
 70
0
  0
VERTEX
  8
1
 10
1.398000
 20
1.800000
 30
0.000000
  0
VERTEX
  8
1
 10
1.398000
 20
1.788000
 30
0.000000
  0
SEQEND
  8
0
  0
POLYLINE
  8
1
 66
1
 10
0.000000
 20
0.000000
 30
0.000000
 40
0.003000
 41
0.003000
 70
0
  0
VERTEX
  8
1
 10
1.396500
 20
1.788000
 30
0.000000
 42
1.000000
  0
VERTEX
  8
1
 10
1.399500
 20
1.788000
 30
0.000000
  0
SEQEND
  8
0
  0
POLYLINE
  8
1
 66
1
 10
0.000000
 20
0.000000
 30
0.000000
 40
0.003000
 41
0.003000
 70
0
  0
VERTEX
  8
1
 10
1.399500
 20
1.800000
 30
0.000000
 42
1.000000
  0
VERTEX
  8
1
 10
1.396500
 20
1.800000
 30
0.000000
  0
SEQEND
  8
0
  0
POLYLINE
  8
1
 66
1
 10
0.000000
 20
0.000000
 30
0.000000
 40
0.006000
 41
0.006000
 70
0
  0
VERTEX
  8
1
 10
1.398000
 20
1.800000
 30
0.000000
  0
VERTEX
  8
1
 10
1.400000
 20
1.800000
 30
0.000000
  0
SEQEND
  8
0
  0
POLYLINE
  8
1
 66
1
 10
0.000000
 20
0.000000
 30
0.000000
 40
0.003000
 41
0.003000
 70
0
  0
VERTEX
  8
1
 10
1.400000
 20
1.798500
 30
0.000000
 42
1.000000
  0
VERTEX
  8
1
 10
1.400000
 20
1.801500
 30
0.000000
  0
SEQEND
  8
0
  0
POLYLINE
  8
1
 66
1
 10
0.000000
 20
0.000000
 30
0.000000
 40
0.003000
 41
0.003000
 70
0
  0
VERTEX
  8
1
 10
1.398000
 20
1.801500
 30
0.000000
 42
1.000000
  0
VERTEX
  8
1
 10
1.398000
 20
1.798500
 30
0.000000
  0
SEQEND
  8
0
  0
POLYLINE
  8
1
 66
1
 10
0.000000
 20
0.000000
 30
0.000000
 40
0.006000
 41
0.006000
 70
0
  0
VERTEX
  8
1
 10
1.620000
 20
1.128000
 30
0.000000
  0
VERTEX
  8
1
 10
1.620000
 20
0.750000
 30
0.000000
  0
SEQEND
  8
0
  0
POLYLINE
  8
1
 66
1
 10
0.000000
 20
0.000000
 30
0.000000
 40
0.003000
 41
0.003000
 70
0
  0
VERTEX
  8
1
 10
1.618500
 20
0.750000
 30
0.000000
 42
1.000000
  0
VERTEX
  8
1
 10
1.621500
 20
0.750000
 30
0.000000
  0
SEQEND
  8
0
  0
POLYLINE
  8
1
 66
1
 10
0.000000
 20
0.000000
 30
0.000000
 40
0.003000
 41
0.003000
 70
0
  0
VERTEX
  8
1
 10
1.621500
 20
1.128000
 30
0.000000
 42
1.000000
  0
VERTEX
  8
1
 10
1.618500
 20
1.128000
 30
0.000000
  0
SEQEND
  8
0
  0
POLYLINE
  8
1
 66
1
 10
0.000000
 20
0.000000
 30
0.000000
 40
0.006000
 41
0.006000
 70
0
  0
VERTEX
  8
1
 10
1.440000
 20
1.308000
 30
0.000000
  0
VERTEX
  8
1
 10
1.620000
 20
1.128000
 30
0.000000
  0
SEQEND
  8
0
  0
POLYLINE
  8
1
 66
1
 10
0.000000
 20
0.000000
 30
0.000000
 40
0.003000
 41
0.003000
 70
0
  0
VERTEX
  8
1
 10
1.618939
 20
1.126939
 30
0.000000
 42
1.000000
  0
VERTEX
  8
1
 10
1.621061
 20
1.129061
 30
0.000000
  0
SEQEND
  8
0
  0
POLYLINE
  8
1
 66
1
 10
0.000000
 20
0.000000
 30
0.000000
 40
0.003000
 41
0.003000
 70
0
  0
VERTEX
  8
1
 10
1.441061
 20
1.309061
 30
0.000000
 42
1.000000
  0
VERTEX
  8
1
 10
1.438939
 20
1.306939
 30
0.000000
  0
SEQEND
  8
0
  0
POLYLINE
  8
1
 66
1
 10
0.000000
 20
0.000000
 30
0.000000
 40
0.006000
 41
0.006000
 70
0
  0
VERTEX
  8
1
 10
1.440000
 20
1.620000
 30
0.000000
  0
VERTEX
  8
1
 10
1.440000
 20
1.308000
 30
0.000000
  0
SEQEND
  8
0
  0
POLYLINE
  8
1
 66
1
 10
0.000000
 20
0.000000
 30
0.000000
 40
0.003000
 41
0.003000
 70
0
  0
VERTEX
  8
1
 10
1.438500
 20
1.308000
 30
0.000000
 42
1.000000
  0
VERTEX
  8
1
 10
1.441500
 20
1.308000
 30
0.000000
  0
SEQEND
  8
0
  0
POLYLINE
  8
1
 66
1
 10
0.000000
 20
0.000000
 30
0.000000
 40
0.003000
 41
0.003000
 70
0
  0
VERTEX
  8
1
 10
1.441500
 20
1.620000
 30
0.000000
 42
1.000000
  0
VERTEX
  8
1
 10
1.438500
 20
1.620000
 30
0.000000
  0
SEQEND
  8
0
  0
POLYLINE
  8
1
 66
1
 10
0.000000
 20
0.000000
 30
0.000000
 40
0.006000
 41
0.006000
 70
0
  0
VERTEX
  8
1
 10
1.410000
 20
1.650000
 30
0.000000
  0
VERTEX
  8
1
 10
1.440000
 20
1.620000
 30
0.000000
  0
SEQEND
  8
0
  0
POLYLINE
  8
1
 66
1
 10
0.000000
 20
0.000000
 30
0.000000
 40
0.003000
 41
0.003000
 70
0
  0
VERTEX
  8
1
 10
1.438939
 20
1.618939
 30
0.000000
 42
1.000000
  0
VERTEX
  8
1
 10
1.441061
 20
1.621061
 30
0.000000
  0
SEQEND
  8
0
  0
POLYLINE
  8
1
 66
1
 10
0.000000
 20
0.000000
 30
0.000000
 40
0.003000
 41
0.003000
 70
0
  0
VERTEX
  8
1
 10
1.411061
 20
1.651061
 30
0.000000
 42
1.000000
  0
VERTEX
  8
1
 10
1.408939
 20
1.648939
 30
0.000000
  0
SEQEND
  8
0
  0
POLYLINE
  8
1
 66
1
 10
0.000000
 20
0.000000
 30
0.000000
 40
0.006000
 41
0.006000
 70
0
  0
VERTEX
  8
1
 10
1.302000
 20
1.650000
 30
0.000000
  0
VERTEX
  8
1
 10
1.410000
 20
1.650000
 30
0.000000
  0
SEQEND
  8
0
  0
POLYLINE
  8
1
 66
1
 10
0.000000
 20
0.000000
 30
0.000000
 40
0.003000
 41
0.003000
 70
0
  0
VERTEX
  8
1
 10
1.410000
 20
1.648500
 30
0.000000
 42
1.000000
  0
VERTEX
  8
1
 10
1.410000
 20
1.651500
 30
0.000000
  0
SEQEND
  8
0
  0
POLYLINE
  8
1
 66
1
 10
0.000000
 20
0.000000
 30
0.000000
 40
0.003000
 41
0.003000
 70
0
  0
VERTEX
  8
1
 10
1.302000
 20
1.651500
 30
0.000000
 42
1.000000
  0
VERTEX
  8
1
 10
1.302000
 20
1.648500
 30
0.000000
  0
SEQEND
  8
0
  0
POLYLINE
  8
1
 66
1
 10
0.000000
 20
0.000000
 30
0.000000
 40
0.006000
 41
0.006000
 70
0
  0
VERTEX
  8
1
 10
1.620000
 20
0.750000
 30
0.000000
  0
VERTEX
  8
1
 10
1.625000
 20
0.750000
 30
0.000000
  0
SEQEND
  8
0
  0
POLYLINE
  8
1
 66
1
 10
0.000000
 20
0.000000
 30
0.000000
 40
0.003000
 41
0.003000
 70
0
  0
VERTEX
  8
1
 10
1.625000
 20
0.748500
 30
0.000000
 42
1.000000
  0
VERTEX
  8
1
 10
1.625000
 20
0.751500
 30
0.000000
  0
SEQEND
  8
0
  0
POLYLINE
  8
1
 66
1
 10
0.000000
 20
0.000000
 30
0.000000
 40
0.003000
 41
0.003000
 70
0
  0
VERTEX
  8
1
 10
1.620000
 20
0.751500
 30
0.000000
 42
1.000000
  0
VERTEX
  8
1
 10
1.620000
 20
0.748500
 30
0.000000
  0
SEQEND
  8
0
  0
POLYLINE
  8
1
 66
1
 10
0.000000
 20
0.000000
 30
0.000000
 40
0.006000
 41
0.006000
 70
0
  0
VERTEX
  8
1
 10
1.302000
 20
1.650000
 30
0.000000
  0
VERTEX
  8
1
 10
1.300000
 20
1.650000
 30
0.000000
  0
SEQEND
  8
0
  0
POLYLINE
  8
1
 66
1
 10
0.000000
 20
0.000000
 30
0.000000
 40
0.003000
 41
0.003000
 70
0
  0
VERTEX
  8
1
 10
1.300000
 20
1.651500
 30
0.000000
 42
1.000000
  0
VERTEX
  8
1
 10
1.300000
 20
1.648500
 30
0.000000
  0
SEQEND
  8
0
  0
POLYLINE
  8
1
 66
1
 10
0.000000
 20
0.000000
 30
0.000000
 40
0.003000
 41
0.003000
 70
0
  0
VERTEX
  8
1
 10
1.302000
 20
1.648500
 30
0.000000
 42
1.000000
  0
VERTEX
  8
1
 10
1.302000
 20
1.651500
 30
0.000000
  0
SEQEND
  8
0
  0
POLYLINE
  8
1
 66
1
 10
0.000000
 20
0.000000
 30
0.000000
 40
0.006000
 41
0.006000
 70
0
  0
VERTEX
  8
1
 10
1.302000
 20
1.794000
 30
0.000000
  0
VERTEX
  8
1
 10
1.302000
 20
1.752000
 30
0.000000
  0
SEQEND
  8
0
  0
POLYLINE
  8
1
 66
1
 10
0.000000
 20
0.000000
 30
0.000000
 40
0.003000
 41
0.003000
 70
0
  0
VERTEX
  8
1
 10
1.300500
 20
1.752000
 30
0.000000
 42
1.000000
  0
VERTEX
  8
1
 10
1.303500
 20
1.752000
 30
0.000000
  0
SEQEND
  8
0
  0
POLYLINE
  8
1
 66
1
 10
0.000000
 20
0.000000
 30
0.000000
 40
0.003000
 41
0.003000
 70
0
  0
VERTEX
  8
1
 10
1.303500
 20
1.794000
 30
0.000000
 42
1.000000
  0
VERTEX
  8
1
 10
1.300500
 20
1.794000
 30
0.000000
  0
SEQEND
  8
0
  0
POLYLINE
  8
1
 66
1
 10
0.000000
 20
0.000000
 30
0.000000
 40
0.006000
 41
0.006000
 70
0
  0
VERTEX
  8
1
 10
1.404000
 20
1.896000
 30
0.000000
  0
VERTEX
  8
1
 10
1.302000
 20
1.794000
 30
0.000000
  0
SEQEND
  8
0
  0
POLYLINE
  8
1
 66
1
 10
0.000000
 20
0.000000
 30
0.000000
 40
0.003000
 41
0.003000
 70
0
  0
VERTEX
  8
1
 10
1.300939
 20
1.795061
 30
0.000000
 42
1.000000
  0
VERTEX
  8
1
 10
1.303061
 20
1.792939
 30
0.000000
  0
SEQEND
  8
0
  0
POLYLINE
  8
1
 66
1
 10
0.000000
 20
0.000000
 30
0.000000
 40
0.003000
 41
0.003000
 70
0
  0
VERTEX
  8
1
 10
1.405061
 20
1.894939
 30
0.000000
 42
1.000000
  0
VERTEX
  8
1
 10
1.402939
 20
1.897061
 30
0.000000
  0
SEQEND
  8
0
  0
POLYLINE
  8
1
 66
1
 10
0.000000
 20
0.000000
 30
0.000000
 40
0.006000
 41
0.006000
 70
0
  0
VERTEX
  8
1
 10
1.302000
 20
1.752000
 30
0.000000
  0
VERTEX
  8
1
 10
1.300000
 20
1.750000
 30
0.000000
  0
SEQEND
  8
0
  0
POLYLINE
  8
1
 66
1
 10
0.000000
 20
0.000000
 30
0.000000
 40
0.003000
 41
0.003000
 70
0
  0
VERTEX
  8
1
 10
1.298939
 20
1.751061
 30
0.000000
 42
1.000000
  0
VERTEX
  8
1
 10
1.301061
 20
1.748939
 30
0.000000
  0
SEQEND
  8
0
  0
POLYLINE
  8
1
 66
1
 10
0.000000
 20
0.000000
 30
0.000000
 40
0.003000
 41
0.003000
 70
0
  0
VERTEX
  8
1
 10
1.303061
 20
1.750939
 30
0.000000
 42
1.000000
  0
VERTEX
  8
1
 10
1.300939
 20
1.753061
 30
0.000000
  0
SEQEND
  8
0
  0
POLYLINE
  8
1
 66
1
 10
0.000000
 20
0.000000
 30
0.000000
 40
0.006000
 41
0.006000
 70
0
  0
VERTEX
  8
1
 10
1.404000
 20
1.896000
 30
0.000000
  0
VERTEX
  8
1
 10
1.400000
 20
1.900000
 30
0.000000
  0
SEQEND
  8
0
  0
POLYLINE
  8
1
 66
1
 10
0.000000
 20
0.000000
 30
0.000000
 40
0.003000
 41
0.003000
 70
0
  0
VERTEX
  8
1
 10
1.401061
 20
1.901061
 30
0.000000
 42
1.000000
  0
VERTEX
  8
1
 10
1.398939
 20
1.898939
 30
0.000000
  0
SEQEND
  8
0
  0
POLYLINE
  8
1
 66
1
 10
0.000000
 20
0.000000
 30
0.000000
 40
0.003000
 41
0.003000
 70
0
  0
VERTEX
  8
1
 10
1.402939
 20
1.894939
 30
0.000000
 42
1.000000
  0
VERTEX
  8
1
 10
1.405061
 20
1.897061
 30
0.000000
  0
SEQEND
  8
0
  0
POLYLINE
  8
16
 66
1
 10
0.000000
 20
0.000000
 30
0.000000
 40
0.006000
 41
0.006000
 70
0
  0
VERTEX
  8
16
 10
1.524000
 20
0.918000
 30
0.000000
  0
VERTEX
  8
16
 10
1.524000
 20
0.750000
 30
0.000000
  0
SEQEND
  8
0
  0
POLYLINE
  8
16
 66
1
 10
0.000000
 20
0.000000
 30
0.000000
 40
0.003000
 41
0.003000
 70
0
  0
VERTEX
  8
16
 10
1.522500
 20
0.750000
 30
0.000000
 42
1.000000
  0
VERTEX
  8
16
 10
1.525500
 20
0.750000
 30
0.000000
  0
SEQEND
  8
0
  0
POLYLINE
  8
16
 66
1
 10
0.000000
 20
0.000000
 30
0.000000
 40
0.003000
 41
0.003000
 70
0
  0
VERTEX
  8
16
 10
1.525500
 20
0.918000
 30
0.000000
 42
1.000000
  0
VERTEX
  8
16
 10
1.522500
 20
0.918000
 30
0.000000
  0
SEQEND
  8
0
  0
POLYLINE
  8
16
 66
1
 10
0.000000
 20
0.000000
 30
0.000000
 40
0.006000
 41
0.006000
 70
0
  0
VERTEX
  8
16
 10
1.344000
 20
1.098000
 30
0.000000
  0
VERTEX
  8
16
 10
1.524000
 20
0.918000
 30
0.000000
  0
SEQEND
  8
0
  0
POLYLINE
  8
16
 66
1
 10
0.000000
 20
0.000000
 30
0.000000
 40
0.003000
 41
0.003000
 70
0
  0
VERTEX
  8
16
 10
1.522939
 20
0.916939
 30
0.000000
 42
1.000000
  0
VERTEX
  8
16
 10
1.525061
 20
0.919061
 30
0.000000
  0
SEQEND
  8
0
  0
POLYLINE
  8
16
 66
1
 10
0.000000
 20
0.000000
 30
0.000000
 40
0.003000
 41
0.003000
 70
0
  0
VERTEX
  8
16
 10
1.345061
 20
1.099061
 30
0.000000
 42
1.000000
  0
VERTEX
  8
16
 10
1.342939
 20
1.096939
 30
0.000000
  0
SEQEND
  8
0
  0
POLYLINE
  8
16
 66
1
 10
0.000000
 20
0.000000
 30
0.000000
 40
0.006000
 41
0.006000
 70
0
  0
VERTEX
  8
16
 10
1.344000
 20
1.704000
 30
0.000000
  0
VERTEX
  8
16
 10
1.344000
 20
1.098000
 30
0.000000
  0
SEQEND
  8
0
  0
POLYLINE
  8
16
 66
1
 10
0.000000
 20
0.000000
 30
0.000000
 40
0.003000
 41
0.003000
 70
0
  0
VERTEX
  8
16
 10
1.342500
 20
1.098000
 30
0.000000
 42
1.000000
  0
VERTEX
  8
16
 10
1.345500
 20
1.098000
 30
0.000000
  0
SEQEND
  8
0
  0
POLYLINE
  8
16
 66
1
 10
0.000000
 20
0.000000
 30
0.000000
 40
0.003000
 41
0.003000
 70
0
  0
VERTEX
  8
16
 10
1.345500
 20
1.704000
 30
0.000000
 42
1.000000
  0
VERTEX
  8
16
 10
1.342500
 20
1.704000
 30
0.000000
  0
SEQEND
  8
0
  0
POLYLINE
  8
16
 66
1
 10
0.000000
 20
0.000000
 30
0.000000
 40
0.006000
 41
0.006000
 70
0
  0
VERTEX
  8
16
 10
1.302000
 20
1.746000
 30
0.000000
  0
VERTEX
  8
16
 10
1.344000
 20
1.704000
 30
0.000000
  0
SEQEND
  8
0
  0
POLYLINE
  8
16
 66
1
 10
0.000000
 20
0.000000
 30
0.000000
 40
0.003000
 41
0.003000
 70
0
  0
VERTEX
  8
16
 10
1.342939
 20
1.702939
 30
0.000000
 42
1.000000
  0
VERTEX
  8
16
 10
1.345061
 20
1.705061
 30
0.000000
  0
SEQEND
  8
0
  0
POLYLINE
  8
16
 66
1
 10
0.000000
 20
0.000000
 30
0.000000
 40
0.003000
 41
0.003000
 70
0
  0
VERTEX
  8
16
 10
1.303061
 20
1.747061
 30
0.000000
 42
1.000000
  0
VERTEX
  8
16
 10
1.300939
 20
1.744939
 30
0.000000
  0
SEQEND
  8
0
  0
POLYLINE
  8
16
 66
1
 10
0.000000
 20
0.000000
 30
0.000000
 40
0.006000
 41
0.006000
 70
0
  0
VERTEX
  8
16
 10
1.524000
 20
0.750000
 30
0.000000
  0
VERTEX
  8
16
 10
1.525000
 20
0.750000
 30
0.000000
  0
SEQEND
  8
0
  0
POLYLINE
  8
16
 66
1
 10
0.000000
 20
0.000000
 30
0.000000
 40
0.003000
 41
0.003000
 70
0
  0
VERTEX
  8
16
 10
1.525000
 20
0.748500
 30
0.000000
 42
1.000000
  0
VERTEX
  8
16
 10
1.525000
 20
0.751500
 30
0.000000
  0
SEQEND
  8
0
  0
POLYLINE
  8
16
 66
1
 10
0.000000
 20
0.000000
 30
0.000000
 40
0.003000
 41
0.003000
 70
0
  0
VERTEX
  8
16
 10
1.524000
 20
0.751500
 30
0.000000
 42
1.000000
  0
VERTEX
  8
16
 10
1.524000
 20
0.748500
 30
0.000000
  0
SEQEND
  8
0
  0
POLYLINE
  8
16
 66
1
 10
0.000000
 20
0.000000
 30
0.000000
 40
0.006000
 41
0.006000
 70
0
  0
VERTEX
  8
16
 10
1.302000
 20
1.746000
 30
0.000000
  0
VERTEX
  8
16
 10
1.300000
 20
1.750000
 30
0.000000
  0
SEQEND
  8
0
  0
POLYLINE
  8
16
 66
1
 10
0.000000
 20
0.000000
 30
0.000000
 40
0.003000
 41
0.003000
 70
0
  0
VERTEX
  8
16
 10
1.301342
 20
1.750671
 30
0.000000
 42
1.000000
  0
VERTEX
  8
16
 10
1.298658
 20
1.749329
 30
0.000000
  0
SEQEND
  8
0
  0
POLYLINE
  8
16
 66
1
 10
0.000000
 20
0.000000
 30
0.000000
 40
0.003000
 41
0.003000
 70
0
  0
VERTEX
  8
16
 10
1.300658
 20
1.745329
 30
0.000000
 42
1.000000
  0
VERTEX
  8
16
 10
1.303342
 20
1.746671
 30
0.000000
  0
SEQEND
  8
0
  0
POLYLINE
  8
1
 66
1
 10
0.000000
 20
0.000000
 30
0.000000
 40
0.006000
 41
0.006000
 70
0
  0
VERTEX
  8
1
 10
1.302000
 20
1.494000
 30
0.000000
  0
VERTEX
  8
1
 10
1.302000
 20
1.452000
 30
0.000000
  0
SEQEND
  8
0
  0
POLYLINE
  8
1
 66
1
 10
0.000000
 20
0.000000
 30
0.000000
 40
0.003000
 41
0.003000
 70
0
  0
VERTEX
  8
1
 10
1.300500
 20
1.452000
 30
0.000000
 42
1.000000
  0
VERTEX
  8
1
 10
1.303500
 20
1.452000
 30
0.000000
  0
SEQEND
  8
0
  0
POLYLINE
  8
1
 66
1
 10
0.000000
 20
0.000000
 30
0.000000
 40
0.003000
 41
0.003000
 70
0
  0
VERTEX
  8
1
 10
1.303500
 20
1.494000
 30
0.000000
 42
1.000000
  0
VERTEX
  8
1
 10
1.300500
 20
1.494000
 30
0.000000
  0
SEQEND
  8
0
  0
POLYLINE
  8
1
 66
1
 10
0.000000
 20
0.000000
 30
0.000000
 40
0.006000
 41
0.006000
 70
0
  0
VERTEX
  8
1
 10
1.404000
 20
1.596000
 30
0.000000
  0
VERTEX
  8
1
 10
1.302000
 20
1.494000
 30
0.000000
  0
SEQEND
  8
0
  0
POLYLINE
  8
1
 66
1
 10
0.000000
 20
0.000000
 30
0.000000
 40
0.003000
 41
0.003000
 70
0
  0
VERTEX
  8
1
 10
1.300939
 20
1.495061
 30
0.000000
 42
1.000000
  0
VERTEX
  8
1
 10
1.303061
 20
1.492939
 30
0.000000
  0
SEQEND
  8
0
  0
POLYLINE
  8
1
 66
1
 10
0.000000
 20
0.000000
 30
0.000000
 40
0.003000
 41
0.003000
 70
0
  0
VERTEX
  8
1
 10
1.405061
 20
1.594939
 30
0.000000
 42
1.000000
  0
VERTEX
  8
1
 10
1.402939
 20
1.597061
 30
0.000000
  0
SEQEND
  8
0
  0
POLYLINE
  8
1
 66
1
 10
0.000000
 20
0.000000
 30
0.000000
 40
0.006000
 41
0.006000
 70
0
  0
VERTEX
  8
1
 10
1.302000
 20
1.452000
 30
0.000000
  0
VERTEX
  8
1
 10
1.300000
 20
1.450000
 30
0.000000
  0
SEQEND
  8
0
  0
POLYLINE
  8
1
 66
1
 10
0.000000
 20
0.000000
 30
0.000000
 40
0.003000
 41
0.003000
 70
0
  0
VERTEX
  8
1
 10
1.298939
 20
1.451061
 30
0.000000
 42
1.000000
  0
VERTEX
  8
1
 10
1.301061
 20
1.448939
 30
0.000000
  0
SEQEND
  8
0
  0
POLYLINE
  8
1
 66
1
 10
0.000000
 20
0.000000
 30
0.000000
 40
0.003000
 41
0.003000
 70
0
  0
VERTEX
  8
1
 10
1.303061
 20
1.450939
 30
0.000000
 42
1.000000
  0
VERTEX
  8
1
 10
1.300939
 20
1.453061
 30
0.000000
  0
SEQEND
  8
0
  0
POLYLINE
  8
1
 66
1
 10
0.000000
 20
0.000000
 30
0.000000
 40
0.006000
 41
0.006000
 70
0
  0
VERTEX
  8
1
 10
1.404000
 20
1.596000
 30
0.000000
  0
VERTEX
  8
1
 10
1.400000
 20
1.600000
 30
0.000000
  0
SEQEND
  8
0
  0
POLYLINE
  8
1
 66
1
 10
0.000000
 20
0.000000
 30
0.000000
 40
0.003000
 41
0.003000
 70
0
  0
VERTEX
  8
1
 10
1.401061
 20
1.601061
 30
0.000000
 42
1.000000
  0
VERTEX
  8
1
 10
1.398939
 20
1.598939
 30
0.000000
  0
SEQEND
  8
0
  0
POLYLINE
  8
1
 66
1
 10
0.000000
 20
0.000000
 30
0.000000
 40
0.003000
 41
0.003000
 70
0
  0
VERTEX
  8
1
 10
1.402939
 20
1.594939
 30
0.000000
 42
1.000000
  0
VERTEX
  8
1
 10
1.405061
 20
1.597061
 30
0.000000
  0
SEQEND
  8
0
  0
POLYLINE
  8
1
 66
1
 10
0.000000
 20
0.000000
 30
0.000000
 40
0.006000
 41
0.006000
 70
0
  0
VERTEX
  8
1
 10
0.234000
 20
0.906000
 30
0.000000
  0
VERTEX
  8
1
 10
0.078000
 20
0.750000
 30
0.000000
  0
SEQEND
  8
0
  0
POLYLINE
  8
1
 66
1
 10
0.000000
 20
0.000000
 30
0.000000
 40
0.003000
 41
0.003000
 70
0
  0
VERTEX
  8
1
 10
0.076939
 20
0.751061
 30
0.000000
 42
1.000000
  0
VERTEX
  8
1
 10
0.079061
 20
0.748939
 30
0.000000
  0
SEQEND
  8
0
  0
POLYLINE
  8
1
 66
1
 10
0.000000
 20
0.000000
 30
0.000000
 40
0.003000
 41
0.003000
 70
0
  0
VERTEX
  8
1
 10
0.235061
 20
0.904939
 30
0.000000
 42
1.000000
  0
VERTEX
  8
1
 10
0.232939
 20
0.907061
 30
0.000000
  0
SEQEND
  8
0
  0
POLYLINE
  8
1
 66
1
 10
0.000000
 20
0.000000
 30
0.000000
 40
0.006000
 41
0.006000
 70
0
  0
VERTEX
  8
1
 10
0.756000
 20
0.906000
 30
0.000000
  0
VERTEX
  8
1
 10
0.234000
 20
0.906000
 30
0.000000
  0
SEQEND
  8
0
  0
POLYLINE
  8
1
 66
1
 10
0.000000
 20
0.000000
 30
0.000000
 40
0.003000
 41
0.003000
 70
0
  0
VERTEX
  8
1
 10
0.234000
 20
0.907500
 30
0.000000
 42
1.000000
  0
VERTEX
  8
1
 10
0.234000
 20
0.904500
 30
0.000000
  0
SEQEND
  8
0
  0
POLYLINE
  8
1
 66
1
 10
0.000000
 20
0.000000
 30
0.000000
 40
0.003000
 41
0.003000
 70
0
  0
VERTEX
  8
1
 10
0.756000
 20
0.904500
 30
0.000000
 42
1.000000
  0
VERTEX
  8
1
 10
0.756000
 20
0.907500
 30
0.000000
  0
SEQEND
  8
0
  0
POLYLINE
  8
1
 66
1
 10
0.000000
 20
0.000000
 30
0.000000
 40
0.006000
 41
0.006000
 70
0
  0
VERTEX
  8
1
 10
1.300000
 20
1.450000
 30
0.000000
  0
VERTEX
  8
1
 10
0.756000
 20
0.906000
 30
0.000000
  0
SEQEND
  8
0
  0
POLYLINE
  8
1
 66
1
 10
0.000000
 20
0.000000
 30
0.000000
 40
0.003000
 41
0.003000
 70
0
  0
VERTEX
  8
1
 10
0.754939
 20
0.907061
 30
0.000000
 42
1.000000
  0
VERTEX
  8
1
 10
0.757061
 20
0.904939
 30
0.000000
  0
SEQEND
  8
0
  0
POLYLINE
  8
1
 66
1
 10
0.000000
 20
0.000000
 30
0.000000
 40
0.003000
 41
0.003000
 70
0
  0
VERTEX
  8
1
 10
1.301061
 20
1.448939
 30
0.000000
 42
1.000000
  0
VERTEX
  8
1
 10
1.298939
 20
1.451061
 30
0.000000
  0
SEQEND
  8
0
  0
POLYLINE
  8
1
 66
1
 10
0.000000
 20
0.000000
 30
0.000000
 40
0.006000
 41
0.006000
 70
0
  0
VERTEX
  8
1
 10
0.078000
 20
0.750000
 30
0.000000
  0
VERTEX
  8
1
 10
0.075000
 20
0.750000
 30
0.000000
  0
SEQEND
  8
0
  0
POLYLINE
  8
1
 66
1
 10
0.000000
 20
0.000000
 30
0.000000
 40
0.003000
 41
0.003000
 70
0
  0
VERTEX
  8
1
 10
0.075000
 20
0.751500
 30
0.000000
 42
1.000000
  0
VERTEX
  8
1
 10
0.075000
 20
0.748500
 30
0.000000
  0
SEQEND
  8
0
  0
POLYLINE
  8
1
 66
1
 10
0.000000
 20
0.000000
 30
0.000000
 40
0.003000
 41
0.003000
 70
0
  0
VERTEX
  8
1
 10
0.078000
 20
0.748500
 30
0.000000
 42
1.000000
  0
VERTEX
  8
1
 10
0.078000
 20
0.751500
 30
0.000000
  0
SEQEND
  8
0
  0
POLYLINE
  8
1
 66
1
 10
0.000000
 20
0.000000
 30
0.000000
 40
0.006000
 41
0.006000
 70
0
  0
VERTEX
  8
1
 10
0.396000
 20
1.098000
 30
0.000000
  0
VERTEX
  8
1
 10
0.396000
 20
1.050000
 30
0.000000
  0
SEQEND
  8
0
  0
POLYLINE
  8
1
 66
1
 10
0.000000
 20
0.000000
 30
0.000000
 40
0.003000
 41
0.003000
 70
0
  0
VERTEX
  8
1
 10
0.394500
 20
1.050000
 30
0.000000
 42
1.000000
  0
VERTEX
  8
1
 10
0.397500
 20
1.050000
 30
0.000000
  0
SEQEND
  8
0
  0
POLYLINE
  8
1
 66
1
 10
0.000000
 20
0.000000
 30
0.000000
 40
0.003000
 41
0.003000
 70
0
  0
VERTEX
  8
1
 10
0.397500
 20
1.098000
 30
0.000000
 42
1.000000
  0
VERTEX
  8
1
 10
0.394500
 20
1.098000
 30
0.000000
  0
SEQEND
  8
0
  0
POLYLINE
  8
1
 66
1
 10
0.000000
 20
0.000000
 30
0.000000
 40
0.006000
 41
0.006000
 70
0
  0
VERTEX
  8
1
 10
0.300000
 20
1.194000
 30
0.000000
  0
VERTEX
  8
1
 10
0.396000
 20
1.098000
 30
0.000000
  0
SEQEND
  8
0
  0
POLYLINE
  8
1
 66
1
 10
0.000000
 20
0.000000
 30
0.000000
 40
0.003000
 41
0.003000
 70
0
  0
VERTEX
  8
1
 10
0.394939
 20
1.096939
 30
0.000000
 42
1.000000
  0
VERTEX
  8
1
 10
0.397061
 20
1.099061
 30
0.000000
  0
SEQEND
  8
0
  0
POLYLINE
  8
1
 66
1
 10
0.000000
 20
0.000000
 30
0.000000
 40
0.003000
 41
0.003000
 70
0
  0
VERTEX
  8
1
 10
0.301061
 20
1.195061
 30
0.000000
 42
1.000000
  0
VERTEX
  8
1
 10
0.298939
 20
1.192939
 30
0.000000
  0
SEQEND
  8
0
  0
POLYLINE
  8
1
 66
1
 10
0.000000
 20
0.000000
 30
0.000000
 40
0.006000
 41
0.006000
 70
0
  0
VERTEX
  8
1
 10
0.300000
 20
1.200000
 30
0.000000
  0
VERTEX
  8
1
 10
0.300000
 20
1.194000
 30
0.000000
  0
SEQEND
  8
0
  0
POLYLINE
  8
1
 66
1
 10
0.000000
 20
0.000000
 30
0.000000
 40
0.003000
 41
0.003000
 70
0
  0
VERTEX
  8
1
 10
0.298500
 20
1.194000
 30
0.000000
 42
1.000000
  0
VERTEX
  8
1
 10
0.301500
 20
1.194000
 30
0.000000
  0
SEQEND
  8
0
  0
POLYLINE
  8
1
 66
1
 10
0.000000
 20
0.000000
 30
0.000000
 40
0.003000
 41
0.003000
 70
0
  0
VERTEX
  8
1
 10
0.301500
 20
1.200000
 30
0.000000
 42
1.000000
  0
VERTEX
  8
1
 10
0.298500
 20
1.200000
 30
0.000000
  0
SEQEND
  8
0
  0
POLYLINE
  8
1
 66
1
 10
0.000000
 20
0.000000
 30
0.000000
 40
0.006000
 41
0.006000
 70
0
  0
VERTEX
  8
1
 10
0.396000
 20
1.050000
 30
0.000000
  0
VERTEX
  8
1
 10
0.400000
 20
1.050000
 30
0.000000
  0
SEQEND
  8
0
  0
POLYLINE
  8
1
 66
1
 10
0.000000
 20
0.000000
 30
0.000000
 40
0.003000
 41
0.003000
 70
0
  0
VERTEX
  8
1
 10
0.400000
 20
1.048500
 30
0.000000
 42
1.000000
  0
VERTEX
  8
1
 10
0.400000
 20
1.051500
 30
0.000000
  0
SEQEND
  8
0
  0
POLYLINE
  8
1
 66
1
 10
0.000000
 20
0.000000
 30
0.000000
 40
0.003000
 41
0.003000
 70
0
  0
VERTEX
  8
1
 10
0.396000
 20
1.051500
 30
0.000000
 42
1.000000
  0
VERTEX
  8
1
 10
0.396000
 20
1.048500
 30
0.000000
  0
SEQEND
  8
0
  0
POLYLINE
  8
16
 66
1
 10
0.000000
 20
0.000000
 30
0.000000
 40
0.006000
 41
0.006000
 70
0
  0
VERTEX
  8
16
 10
0.258000
 20
2.388000
 30
0.000000
  0
VERTEX
  8
16
 10
0.126000
 20
2.520000
 30
0.000000
  0
SEQEND
  8
0
  0
POLYLINE
  8
16
 66
1
 10
0.000000
 20
0.000000
 30
0.000000
 40
0.003000
 41
0.003000
 70
0
  0
VERTEX
  8
16
 10
0.127061
 20
2.521061
 30
0.000000
 42
1.000000
  0
VERTEX
  8
16
 10
0.124939
 20
2.518939
 30
0.000000
  0
SEQEND
  8
0
  0
POLYLINE
  8
16
 66
1
 10
0.000000
 20
0.000000
 30
0.000000
 40
0.003000
 41
0.003000
 70
0
  0
VERTEX
  8
16
 10
0.256939
 20
2.386939
 30
0.000000
 42
1.000000
  0
VERTEX
  8
16
 10
0.259061
 20
2.389061
 30
0.000000
  0
SEQEND
  8
0
  0
POLYLINE
  8
16
 66
1
 10
0.000000
 20
0.000000
 30
0.000000
 40
0.006000
 41
0.006000
 70
0
  0
VERTEX
  8
16
 10
0.258000
 20
1.242000
 30
0.000000
  0
VERTEX
  8
16
 10
0.258000
 20
2.388000
 30
0.000000
  0
SEQEND
  8
0
  0
POLYLINE
  8
16
 66
1
 10
0.000000
 20
0.000000
 30
0.000000
 40
0.003000
 41
0.003000
 70
0
  0
VERTEX
  8
16
 10
0.259500
 20
2.388000
 30
0.000000
 42
1.000000
  0
VERTEX
  8
16
 10
0.256500
 20
2.388000
 30
0.000000
  0
SEQEND
  8
0
  0
POLYLINE
  8
16
 66
1
 10
0.000000
 20
0.000000
 30
0.000000
 40
0.003000
 41
0.003000
 70
0
  0
VERTEX
  8
16
 10
0.256500
 20
1.242000
 30
0.000000
 42
1.000000
  0
VERTEX
  8
16
 10
0.259500
 20
1.242000
 30
0.000000
  0
SEQEND
  8
0
  0
POLYLINE
  8
16
 66
1
 10
0.000000
 20
0.000000
 30
0.000000
 40
0.006000
 41
0.006000
 70
0
  0
VERTEX
  8
16
 10
0.300000
 20
1.200000
 30
0.000000
  0
VERTEX
  8
16
 10
0.258000
 20
1.242000
 30
0.000000
  0
SEQEND
  8
0
  0
POLYLINE
  8
16
 66
1
 10
0.000000
 20
0.000000
 30
0.000000
 40
0.003000
 41
0.003000
 70
0
  0
VERTEX
  8
16
 10
0.259061
 20
1.243061
 30
0.000000
 42
1.000000
  0
VERTEX
  8
16
 10
0.256939
 20
1.240939
 30
0.000000
  0
SEQEND
  8
0
  0
POLYLINE
  8
16
 66
1
 10
0.000000
 20
0.000000
 30
0.000000
 40
0.003000
 41
0.003000
 70
0
  0
VERTEX
  8
16
 10
0.298939
 20
1.198939
 30
0.000000
 42
1.000000
  0
VERTEX
  8
16
 10
0.301061
 20
1.201061
 30
0.000000
  0
SEQEND
  8
0
  0
POLYLINE
  8
16
 66
1
 10
0.000000
 20
0.000000
 30
0.000000
 40
0.006000
 41
0.006000
 70
0
  0
VERTEX
  8
16
 10
0.126000
 20
2.520000
 30
0.000000
  0
VERTEX
  8
16
 10
0.125000
 20
2.525000
 30
0.000000
  0
SEQEND
  8
0
  0
POLYLINE
  8
16
 66
1
 10
0.000000
 20
0.000000
 30
0.000000
 40
0.003000
 41
0.003000
 70
0
  0
VERTEX
  8
16
 10
0.126471
 20
2.525294
 30
0.000000
 42
1.000000
  0
VERTEX
  8
16
 10
0.123529
 20
2.524706
 30
0.000000
  0
SEQEND
  8
0
  0
POLYLINE
  8
16
 66
1
 10
0.000000
 20
0.000000
 30
0.000000
 40
0.003000
 41
0.003000
 70
0
  0
VERTEX
  8
16
 10
0.124529
 20
2.519706
 30
0.000000
 42
1.000000
  0
VERTEX
  8
16
 10
0.127471
 20
2.520294
 30
0.000000
  0
SEQEND
  8
0
  0
POLYLINE
  8
16
 66
1
 10
0.000000
 20
0.000000
 30
0.000000
 40
0.006000
 41
0.006000
 70
0
  0
VERTEX
  8
16
 10
0.180000
 20
0.834000
 30
0.000000
  0
VERTEX
  8
16
 10
0.180000
 20
0.750000
 30
0.000000
  0
SEQEND
  8
0
  0
POLYLINE
  8
16
 66
1
 10
0.000000
 20
0.000000
 30
0.000000
 40
0.003000
 41
0.003000
 70
0
  0
VERTEX
  8
16
 10
0.178500
 20
0.750000
 30
0.000000
 42
1.000000
  0
VERTEX
  8
16
 10
0.181500
 20
0.750000
 30
0.000000
  0
SEQEND
  8
0
  0
POLYLINE
  8
16
 66
1
 10
0.000000
 20
0.000000
 30
0.000000
 40
0.003000
 41
0.003000
 70
0
  0
VERTEX
  8
16
 10
0.181500
 20
0.834000
 30
0.000000
 42
1.000000
  0
VERTEX
  8
16
 10
0.178500
 20
0.834000
 30
0.000000
  0
SEQEND
  8
0
  0
POLYLINE
  8
16
 66
1
 10
0.000000
 20
0.000000
 30
0.000000
 40
0.006000
 41
0.006000
 70
0
  0
VERTEX
  8
16
 10
0.396000
 20
1.050000
 30
0.000000
  0
VERTEX
  8
16
 10
0.180000
 20
0.834000
 30
0.000000
  0
SEQEND
  8
0
  0
POLYLINE
  8
16
 66
1
 10
0.000000
 20
0.000000
 30
0.000000
 40
0.003000
 41
0.003000
 70
0
  0
VERTEX
  8
16
 10
0.178939
 20
0.835061
 30
0.000000
 42
1.000000
  0
VERTEX
  8
16
 10
0.181061
 20
0.832939
 30
0.000000
  0
SEQEND
  8
0
  0
POLYLINE
  8
16
 66
1
 10
0.000000
 20
0.000000
 30
0.000000
 40
0.003000
 41
0.003000
 70
0
  0
VERTEX
  8
16
 10
0.397061
 20
1.048939
 30
0.000000
 42
1.000000
  0
VERTEX
  8
16
 10
0.394939
 20
1.051061
 30
0.000000
  0
SEQEND
  8
0
  0
POLYLINE
  8
16
 66
1
 10
0.000000
 20
0.000000
 30
0.000000
 40
0.006000
 41
0.006000
 70
0
  0
VERTEX
  8
16
 10
0.180000
 20
0.750000
 30
0.000000
  0
VERTEX
  8
16
 10
0.175000
 20
0.750000
 30
0.000000
  0
SEQEND
  8
0
  0
POLYLINE
  8
16
 66
1
 10
0.000000
 20
0.000000
 30
0.000000
 40
0.003000
 41
0.003000
 70
0
  0
VERTEX
  8
16
 10
0.175000
 20
0.751500
 30
0.000000
 42
1.000000
  0
VERTEX
  8
16
 10
0.175000
 20
0.748500
 30
0.000000
  0
SEQEND
  8
0
  0
POLYLINE
  8
16
 66
1
 10
0.000000
 20
0.000000
 30
0.000000
 40
0.003000
 41
0.003000
 70
0
  0
VERTEX
  8
16
 10
0.180000
 20
0.748500
 30
0.000000
 42
1.000000
  0
VERTEX
  8
16
 10
0.180000
 20
0.751500
 30
0.000000
  0
SEQEND
  8
0
  0
POLYLINE
  8
16
 66
1
 10
0.000000
 20
0.000000
 30
0.000000
 40
0.006000
 41
0.006000
 70
0
  0
VERTEX
  8
16
 10
0.396000
 20
1.050000
 30
0.000000
  0
VERTEX
  8
16
 10
0.400000
 20
1.050000
 30
0.000000
  0
SEQEND
  8
0
  0
POLYLINE
  8
16
 66
1
 10
0.000000
 20
0.000000
 30
0.000000
 40
0.003000
 41
0.003000
 70
0
  0
VERTEX
  8
16
 10
0.400000
 20
1.048500
 30
0.000000
 42
1.000000
  0
VERTEX
  8
16
 10
0.400000
 20
1.051500
 30
0.000000
  0
SEQEND
  8
0
  0
POLYLINE
  8
16
 66
1
 10
0.000000
 20
0.000000
 30
0.000000
 40
0.003000
 41
0.003000
 70
0
  0
VERTEX
  8
16
 10
0.396000
 20
1.051500
 30
0.000000
 42
1.000000
  0
VERTEX
  8
16
 10
0.396000
 20
1.048500
 30
0.000000
  0
SEQEND
  8
0
  0
POLYLINE
  8
1
 66
1
 10
0.000000
 20
0.000000
 30
0.000000
 40
0.006000
 41
0.006000
 70
0
  0
VERTEX
  8
1
 10
0.300000
 20
1.050000
 30
0.000000
  0
VERTEX
  8
1
 10
0.300000
 20
1.100000
 30
0.000000
  0
SEQEND
  8
0
  0
POLYLINE
  8
1
 66
1
 10
0.000000
 20
0.000000
 30
0.000000
 40
0.003000
 41
0.003000
 70
0
  0
VERTEX
  8
1
 10
0.301500
 20
1.100000
 30
0.000000
 42
1.000000
  0
VERTEX
  8
1
 10
0.298500
 20
1.100000
 30
0.000000
  0
SEQEND
  8
0
  0
POLYLINE
  8
1
 66
1
 10
0.000000
 20
0.000000
 30
0.000000
 40
0.003000
 41
0.003000
 70
0
  0
VERTEX
  8
1
 10
0.298500
 20
1.050000
 30
0.000000
 42
1.000000
  0
VERTEX
  8
1
 10
0.301500
 20
1.050000
 30
0.000000
  0
SEQEND
  8
0
  0
POLYLINE
  8
1
 66
1
 10
0.000000
 20
0.000000
 30
0.000000
 40
0.006000
 41
0.006000
 70
0
  0
VERTEX
  8
1
 10
0.400000
 20
0.950000
 30
0.000000
  0
VERTEX
  8
1
 10
0.300000
 20
1.050000
 30
0.000000
  0
SEQEND
  8
0
  0
POLYLINE
  8
1
 66
1
 10
0.000000
 20
0.000000
 30
0.000000
 40
0.003000
 41
0.003000
 70
0
  0
VERTEX
  8
1
 10
0.301061
 20
1.051061
 30
0.000000
 42
1.000000
  0
VERTEX
  8
1
 10
0.298939
 20
1.048939
 30
0.000000
  0
SEQEND
  8
0
  0
POLYLINE
  8
1
 66
1
 10
0.000000
 20
0.000000
 30
0.000000
 40
0.003000
 41
0.003000
 70
0
  0
VERTEX
  8
1
 10
0.398939
 20
0.948939
 30
0.000000
 42
1.000000
  0
VERTEX
  8
1
 10
0.401061
 20
0.951061
 30
0.000000
  0
SEQEND
  8
0
  0
POLYLINE
  8
1
 66
1
 10
0.000000
 20
0.000000
 30
0.000000
 40
0.006000
 41
0.006000
 70
0
  0
VERTEX
  8
1
 10
0.126000
 20
2.274000
 30
0.000000
  0
VERTEX
  8
1
 10
0.126000
 20
2.424000
 30
0.000000
  0
SEQEND
  8
0
  0
POLYLINE
  8
1
 66
1
 10
0.000000
 20
0.000000
 30
0.000000
 40
0.003000
 41
0.003000
 70
0
  0
VERTEX
  8
1
 10
0.127500
 20
2.424000
 30
0.000000
 42
1.000000
  0
VERTEX
  8
1
 10
0.124500
 20
2.424000
 30
0.000000
  0
SEQEND
  8
0
  0
POLYLINE
  8
1
 66
1
 10
0.000000
 20
0.000000
 30
0.000000
 40
0.003000
 41
0.003000
 70
0
  0
VERTEX
  8
1
 10
0.124500
 20
2.274000
 30
0.000000
 42
1.000000
  0
VERTEX
  8
1
 10
0.127500
 20
2.274000
 30
0.000000
  0
SEQEND
  8
0
  0
POLYLINE
  8
1
 66
1
 10
0.000000
 20
0.000000
 30
0.000000
 40
0.006000
 41
0.006000
 70
0
  0
VERTEX
  8
1
 10
0.258000
 20
2.142000
 30
0.000000
  0
VERTEX
  8
1
 10
0.126000
 20
2.274000
 30
0.000000
  0
SEQEND
  8
0
  0
POLYLINE
  8
1
 66
1
 10
0.000000
 20
0.000000
 30
0.000000
 40
0.003000
 41
0.003000
 70
0
  0
VERTEX
  8
1
 10
0.127061
 20
2.275061
 30
0.000000
 42
1.000000
  0
VERTEX
  8
1
 10
0.124939
 20
2.272939
 30
0.000000
  0
SEQEND
  8
0
  0
POLYLINE
  8
1
 66
1
 10
0.000000
 20
0.000000
 30
0.000000
 40
0.003000
 41
0.003000
 70
0
  0
VERTEX
  8
1
 10
0.256939
 20
2.140939
 30
0.000000
 42
1.000000
  0
VERTEX
  8
1
 10
0.259061
 20
2.143061
 30
0.000000
  0
SEQEND
  8
0
  0
POLYLINE
  8
1
 66
1
 10
0.000000
 20
0.000000
 30
0.000000
 40
0.006000
 41
0.006000
 70
0
  0
VERTEX
  8
1
 10
0.258000
 20
1.146000
 30
0.000000
  0
VERTEX
  8
1
 10
0.258000
 20
2.142000
 30
0.000000
  0
SEQEND
  8
0
  0
POLYLINE
  8
1
 66
1
 10
0.000000
 20
0.000000
 30
0.000000
 40
0.003000
 41
0.003000
 70
0
  0
VERTEX
  8
1
 10
0.259500
 20
2.142000
 30
0.000000
 42
1.000000
  0
VERTEX
  8
1
 10
0.256500
 20
2.142000
 30
0.000000
  0
SEQEND
  8
0
  0
POLYLINE
  8
1
 66
1
 10
0.000000
 20
0.000000
 30
0.000000
 40
0.003000
 41
0.003000
 70
0
  0
VERTEX
  8
1
 10
0.256500
 20
1.146000
 30
0.000000
 42
1.000000
  0
VERTEX
  8
1
 10
0.259500
 20
1.146000
 30
0.000000
  0
SEQEND
  8
0
  0
POLYLINE
  8
1
 66
1
 10
0.000000
 20
0.000000
 30
0.000000
 40
0.006000
 41
0.006000
 70
0
  0
VERTEX
  8
1
 10
0.300000
 20
1.104000
 30
0.000000
  0
VERTEX
  8
1
 10
0.258000
 20
1.146000
 30
0.000000
  0
SEQEND
  8
0
  0
POLYLINE
  8
1
 66
1
 10
0.000000
 20
0.000000
 30
0.000000
 40
0.003000
 41
0.003000
 70
0
  0
VERTEX
  8
1
 10
0.259061
 20
1.147061
 30
0.000000
 42
1.000000
  0
VERTEX
  8
1
 10
0.256939
 20
1.144939
 30
0.000000
  0
SEQEND
  8
0
  0
POLYLINE
  8
1
 66
1
 10
0.000000
 20
0.000000
 30
0.000000
 40
0.003000
 41
0.003000
 70
0
  0
VERTEX
  8
1
 10
0.298939
 20
1.102939
 30
0.000000
 42
1.000000
  0
VERTEX
  8
1
 10
0.301061
 20
1.105061
 30
0.000000
  0
SEQEND
  8
0
  0
POLYLINE
  8
1
 66
1
 10
0.000000
 20
0.000000
 30
0.000000
 40
0.006000
 41
0.006000
 70
0
  0
VERTEX
  8
1
 10
0.126000
 20
2.424000
 30
0.000000
  0
VERTEX
  8
1
 10
0.125000
 20
2.425000
 30
0.000000
  0
SEQEND
  8
0
  0
POLYLINE
  8
1
 66
1
 10
0.000000
 20
0.000000
 30
0.000000
 40
0.003000
 41
0.003000
 70
0
  0
VERTEX
  8
1
 10
0.126061
 20
2.426061
 30
0.000000
 42
1.000000
  0
VERTEX
  8
1
 10
0.123939
 20
2.423939
 30
0.000000
  0
SEQEND
  8
0
  0
POLYLINE
  8
1
 66
1
 10
0.000000
 20
0.000000
 30
0.000000
 40
0.003000
 41
0.003000
 70
0
  0
VERTEX
  8
1
 10
0.124939
 20
2.422939
 30
0.000000
 42
1.000000
  0
VERTEX
  8
1
 10
0.127061
 20
2.425061
 30
0.000000
  0
SEQEND
  8
0
  0
POLYLINE
  8
1
 66
1
 10
0.000000
 20
0.000000
 30
0.000000
 40
0.006000
 41
0.006000
 70
0
  0
VERTEX
  8
1
 10
0.300000
 20
1.104000
 30
0.000000
  0
VERTEX
  8
1
 10
0.300000
 20
1.100000
 30
0.000000
  0
SEQEND
  8
0
  0
POLYLINE
  8
1
 66
1
 10
0.000000
 20
0.000000
 30
0.000000
 40
0.003000
 41
0.003000
 70
0
  0
VERTEX
  8
1
 10
0.298500
 20
1.100000
 30
0.000000
 42
1.000000
  0
VERTEX
  8
1
 10
0.301500
 20
1.100000
 30
0.000000
  0
SEQEND
  8
0
  0
POLYLINE
  8
1
 66
1
 10
0.000000
 20
0.000000
 30
0.000000
 40
0.003000
 41
0.003000
 70
0
  0
VERTEX
  8
1
 10
0.301500
 20
1.104000
 30
0.000000
 42
1.000000
  0
VERTEX
  8
1
 10
0.298500
 20
1.104000
 30
0.000000
  0
SEQEND
  8
0
  0
POLYLINE
  8
1
 66
1
 10
0.000000
 20
0.000000
 30
0.000000
 40
0.006000
 41
0.006000
 70
0
  0
VERTEX
  8
1
 10
1.302000
 20
2.196000
 30
0.000000
  0
VERTEX
  8
1
 10
1.302000
 20
2.190000
 30
0.000000
  0
SEQEND
  8
0
  0
POLYLINE
  8
1
 66
1
 10
0.000000
 20
0.000000
 30
0.000000
 40
0.003000
 41
0.003000
 70
0
  0
VERTEX
  8
1
 10
1.300500
 20
2.190000
 30
0.000000
 42
1.000000
  0
VERTEX
  8
1
 10
1.303500
 20
2.190000
 30
0.000000
  0
SEQEND
  8
0
  0
POLYLINE
  8
1
 66
1
 10
0.000000
 20
0.000000
 30
0.000000
 40
0.003000
 41
0.003000
 70
0
  0
VERTEX
  8
1
 10
1.303500
 20
2.196000
 30
0.000000
 42
1.000000
  0
VERTEX
  8
1
 10
1.300500
 20
2.196000
 30
0.000000
  0
SEQEND
  8
0
  0
POLYLINE
  8
1
 66
1
 10
0.000000
 20
0.000000
 30
0.000000
 40
0.006000
 41
0.006000
 70
0
  0
VERTEX
  8
1
 10
1.302000
 20
2.190000
 30
0.000000
  0
VERTEX
  8
1
 10
1.302000
 20
2.154000
 30
0.000000
  0
SEQEND
  8
0
  0
POLYLINE
  8
1
 66
1
 10
0.000000
 20
0.000000
 30
0.000000
 40
0.003000
 41
0.003000
 70
0
  0
VERTEX
  8
1
 10
1.300500
 20
2.154000
 30
0.000000
 42
1.000000
  0
VERTEX
  8
1
 10
1.303500
 20
2.154000
 30
0.000000
  0
SEQEND
  8
0
  0
POLYLINE
  8
1
 66
1
 10
0.000000
 20
0.000000
 30
0.000000
 40
0.003000
 41
0.003000
 70
0
  0
VERTEX
  8
1
 10
1.303500
 20
2.190000
 30
0.000000
 42
1.000000
  0
VERTEX
  8
1
 10
1.300500
 20
2.190000
 30
0.000000
  0
SEQEND
  8
0
  0
POLYLINE
  8
1
 66
1
 10
0.000000
 20
0.000000
 30
0.000000
 40
0.006000
 41
0.006000
 70
0
  0
VERTEX
  8
1
 10
1.404000
 20
2.298000
 30
0.000000
  0
VERTEX
  8
1
 10
1.302000
 20
2.196000
 30
0.000000
  0
SEQEND
  8
0
  0
POLYLINE
  8
1
 66
1
 10
0.000000
 20
0.000000
 30
0.000000
 40
0.003000
 41
0.003000
 70
0
  0
VERTEX
  8
1
 10
1.300939
 20
2.197061
 30
0.000000
 42
1.000000
  0
VERTEX
  8
1
 10
1.303061
 20
2.194939
 30
0.000000
  0
SEQEND
  8
0
  0
POLYLINE
  8
1
 66
1
 10
0.000000
 20
0.000000
 30
0.000000
 40
0.003000
 41
0.003000
 70
0
  0
VERTEX
  8
1
 10
1.405061
 20
2.296939
 30
0.000000
 42
1.000000
  0
VERTEX
  8
1
 10
1.402939
 20
2.299061
 30
0.000000
  0
SEQEND
  8
0
  0
POLYLINE
  8
1
 66
1
 10
0.000000
 20
0.000000
 30
0.000000
 40
0.006000
 41
0.006000
 70
0
  0
VERTEX
  8
1
 10
1.302000
 20
2.154000
 30
0.000000
  0
VERTEX
  8
1
 10
1.300000
 20
2.150000
 30
0.000000
  0
SEQEND
  8
0
  0
POLYLINE
  8
1
 66
1
 10
0.000000
 20
0.000000
 30
0.000000
 40
0.003000
 41
0.003000
 70
0
  0
VERTEX
  8
1
 10
1.298658
 20
2.150671
 30
0.000000
 42
1.000000
  0
VERTEX
  8
1
 10
1.301342
 20
2.149329
 30
0.000000
  0
SEQEND
  8
0
  0
POLYLINE
  8
1
 66
1
 10
0.000000
 20
0.000000
 30
0.000000
 40
0.003000
 41
0.003000
 70
0
  0
VERTEX
  8
1
 10
1.303342
 20
2.153329
 30
0.000000
 42
1.000000
  0
VERTEX
  8
1
 10
1.300658
 20
2.154671
 30
0.000000
  0
SEQEND
  8
0
  0
POLYLINE
  8
1
 66
1
 10
0.000000
 20
0.000000
 30
0.000000
 40
0.006000
 41
0.006000
 70
0
  0
VERTEX
  8
1
 10
1.404000
 20
2.298000
 30
0.000000
  0
VERTEX
  8
1
 10
1.400000
 20
2.300000
 30
0.000000
  0
SEQEND
  8
0
  0
POLYLINE
  8
1
 66
1
 10
0.000000
 20
0.000000
 30
0.000000
 40
0.003000
 41
0.003000
 70
0
  0
VERTEX
  8
1
 10
1.400671
 20
2.301342
 30
0.000000
 42
1.000000
  0
VERTEX
  8
1
 10
1.399329
 20
2.298658
 30
0.000000
  0
SEQEND
  8
0
  0
POLYLINE
  8
1
 66
1
 10
0.000000
 20
0.000000
 30
0.000000
 40
0.003000
 41
0.003000
 70
0
  0
VERTEX
  8
1
 10
1.403329
 20
2.296658
 30
0.000000
 42
1.000000
  0
VERTEX
  8
1
 10
1.404671
 20
2.299342
 30
0.000000
  0
SEQEND
  8
0
  0
POLYLINE
  8
1
 66
1
 10
0.000000
 20
0.000000
 30
0.000000
 40
0.006000
 41
0.006000
 70
0
  0
VERTEX
  8
1
 10
0.870000
 20
2.622000
 30
0.000000
  0
VERTEX
  8
1
 10
0.126000
 20
2.622000
 30
0.000000
  0
SEQEND
  8
0
  0
POLYLINE
  8
1
 66
1
 10
0.000000
 20
0.000000
 30
0.000000
 40
0.003000
 41
0.003000
 70
0
  0
VERTEX
  8
1
 10
0.126000
 20
2.623500
 30
0.000000
 42
1.000000
  0
VERTEX
  8
1
 10
0.126000
 20
2.620500
 30
0.000000
  0
SEQEND
  8
0
  0
POLYLINE
  8
1
 66
1
 10
0.000000
 20
0.000000
 30
0.000000
 40
0.003000
 41
0.003000
 70
0
  0
VERTEX
  8
1
 10
0.870000
 20
2.620500
 30
0.000000
 42
1.000000
  0
VERTEX
  8
1
 10
0.870000
 20
2.623500
 30
0.000000
  0
SEQEND
  8
0
  0
POLYLINE
  8
1
 66
1
 10
0.000000
 20
0.000000
 30
0.000000
 40
0.006000
 41
0.006000
 70
0
  0
VERTEX
  8
1
 10
1.302000
 20
2.190000
 30
0.000000
  0
VERTEX
  8
1
 10
0.870000
 20
2.622000
 30
0.000000
  0
SEQEND
  8
0
  0
POLYLINE
  8
1
 66
1
 10
0.000000
 20
0.000000
 30
0.000000
 40
0.003000
 41
0.003000
 70
0
  0
VERTEX
  8
1
 10
0.871061
 20
2.623061
 30
0.000000
 42
1.000000
  0
VERTEX
  8
1
 10
0.868939
 20
2.620939
 30
0.000000
  0
SEQEND
  8
0
  0
POLYLINE
  8
1
 66
1
 10
0.000000
 20
0.000000
 30
0.000000
 40
0.003000
 41
0.003000
 70
0
  0
VERTEX
  8
1
 10
1.300939
 20
2.188939
 30
0.000000
 42
1.000000
  0
VERTEX
  8
1
 10
1.303061
 20
2.191061
 30
0.000000
  0
SEQEND
  8
0
  0
POLYLINE
  8
1
 66
1
 10
0.000000
 20
0.000000
 30
0.000000
 40
0.006000
 41
0.006000
 70
0
  0
VERTEX
  8
1
 10
0.126000
 20
2.622000
 30
0.000000
  0
VERTEX
  8
1
 10
0.125000
 20
2.625000
 30
0.000000
  0
SEQEND
  8
0
  0
POLYLINE
  8
1
 66
1
 10
0.000000
 20
0.000000
 30
0.000000
 40
0.003000
 41
0.003000
 70
0
  0
VERTEX
  8
1
 10
0.126423
 20
2.625474
 30
0.000000
 42
1.000000
  0
VERTEX
  8
1
 10
0.123577
 20
2.624526
 30
0.000000
  0
SEQEND
  8
0
  0
POLYLINE
  8
1
 66
1
 10
0.000000
 20
0.000000
 30
0.000000
 40
0.003000
 41
0.003000
 70
0
  0
VERTEX
  8
1
 10
0.124577
 20
2.621526
 30
0.000000
 42
1.000000
  0
VERTEX
  8
1
 10
0.127423
 20
2.622474
 30
0.000000
  0
SEQEND
  8
0
  0
POLYLINE
  8
1
 66
1
 10
0.000000
 20
0.000000
 30
0.000000
 40
0.006000
 41
0.006000
 70
0
  0
VERTEX
  8
1
 10
1.302000
 20
2.292000
 30
0.000000
  0
VERTEX
  8
1
 10
1.302000
 20
2.250000
 30
0.000000
  0
SEQEND
  8
0
  0
POLYLINE
  8
1
 66
1
 10
0.000000
 20
0.000000
 30
0.000000
 40
0.003000
 41
0.003000
 70
0
  0
VERTEX
  8
1
 10
1.300500
 20
2.250000
 30
0.000000
 42
1.000000
  0
VERTEX
  8
1
 10
1.303500
 20
2.250000
 30
0.000000
  0
SEQEND
  8
0
  0
POLYLINE
  8
1
 66
1
 10
0.000000
 20
0.000000
 30
0.000000
 40
0.003000
 41
0.003000
 70
0
  0
VERTEX
  8
1
 10
1.303500
 20
2.292000
 30
0.000000
 42
1.000000
  0
VERTEX
  8
1
 10
1.300500
 20
2.292000
 30
0.000000
  0
SEQEND
  8
0
  0
POLYLINE
  8
1
 66
1
 10
0.000000
 20
0.000000
 30
0.000000
 40
0.006000
 41
0.006000
 70
0
  0
VERTEX
  8
1
 10
1.398000
 20
2.388000
 30
0.000000
  0
VERTEX
  8
1
 10
1.302000
 20
2.292000
 30
0.000000
  0
SEQEND
  8
0
  0
POLYLINE
  8
1
 66
1
 10
0.000000
 20
0.000000
 30
0.000000
 40
0.003000
 41
0.003000
 70
0
  0
VERTEX
  8
1
 10
1.300939
 20
2.293061
 30
0.000000
 42
1.000000
  0
VERTEX
  8
1
 10
1.303061
 20
2.290939
 30
0.000000
  0
SEQEND
  8
0
  0
POLYLINE
  8
1
 66
1
 10
0.000000
 20
0.000000
 30
0.000000
 40
0.003000
 41
0.003000
 70
0
  0
VERTEX
  8
1
 10
1.399061
 20
2.386939
 30
0.000000
 42
1.000000
  0
VERTEX
  8
1
 10
1.396939
 20
2.389061
 30
0.000000
  0
SEQEND
  8
0
  0
POLYLINE
  8
1
 66
1
 10
0.000000
 20
0.000000
 30
0.000000
 40
0.006000
 41
0.006000
 70
0
  0
VERTEX
  8
1
 10
1.398000
 20
2.400000
 30
0.000000
  0
VERTEX
  8
1
 10
1.398000
 20
2.388000
 30
0.000000
  0
SEQEND
  8
0
  0
POLYLINE
  8
1
 66
1
 10
0.000000
 20
0.000000
 30
0.000000
 40
0.003000
 41
0.003000
 70
0
  0
VERTEX
  8
1
 10
1.396500
 20
2.388000
 30
0.000000
 42
1.000000
  0
VERTEX
  8
1
 10
1.399500
 20
2.388000
 30
0.000000
  0
SEQEND
  8
0
  0
POLYLINE
  8
1
 66
1
 10
0.000000
 20
0.000000
 30
0.000000
 40
0.003000
 41
0.003000
 70
0
  0
VERTEX
  8
1
 10
1.399500
 20
2.400000
 30
0.000000
 42
1.000000
  0
VERTEX
  8
1
 10
1.396500
 20
2.400000
 30
0.000000
  0
SEQEND
  8
0
  0
POLYLINE
  8
1
 66
1
 10
0.000000
 20
0.000000
 30
0.000000
 40
0.006000
 41
0.006000
 70
0
  0
VERTEX
  8
1
 10
1.302000
 20
2.250000
 30
0.000000
  0
VERTEX
  8
1
 10
1.300000
 20
2.250000
 30
0.000000
  0
SEQEND
  8
0
  0
POLYLINE
  8
1
 66
1
 10
0.000000
 20
0.000000
 30
0.000000
 40
0.003000
 41
0.003000
 70
0
  0
VERTEX
  8
1
 10
1.300000
 20
2.251500
 30
0.000000
 42
1.000000
  0
VERTEX
  8
1
 10
1.300000
 20
2.248500
 30
0.000000
  0
SEQEND
  8
0
  0
POLYLINE
  8
1
 66
1
 10
0.000000
 20
0.000000
 30
0.000000
 40
0.003000
 41
0.003000
 70
0
  0
VERTEX
  8
1
 10
1.302000
 20
2.248500
 30
0.000000
 42
1.000000
  0
VERTEX
  8
1
 10
1.302000
 20
2.251500
 30
0.000000
  0
SEQEND
  8
0
  0
POLYLINE
  8
1
 66
1
 10
0.000000
 20
0.000000
 30
0.000000
 40
0.006000
 41
0.006000
 70
0
  0
VERTEX
  8
1
 10
1.398000
 20
2.400000
 30
0.000000
  0
VERTEX
  8
1
 10
1.400000
 20
2.400000
 30
0.000000
  0
SEQEND
  8
0
  0
POLYLINE
  8
1
 66
1
 10
0.000000
 20
0.000000
 30
0.000000
 40
0.003000
 41
0.003000
 70
0
  0
VERTEX
  8
1
 10
1.400000
 20
2.398500
 30
0.000000
 42
1.000000
  0
VERTEX
  8
1
 10
1.400000
 20
2.401500
 30
0.000000
  0
SEQEND
  8
0
  0
POLYLINE
  8
1
 66
1
 10
0.000000
 20
0.000000
 30
0.000000
 40
0.003000
 41
0.003000
 70
0
  0
VERTEX
  8
1
 10
1.398000
 20
2.401500
 30
0.000000
 42
1.000000
  0
VERTEX
  8
1
 10
1.398000
 20
2.398500
 30
0.000000
  0
SEQEND
  8
0
  0
POLYLINE
  8
1
 66
1
 10
0.000000
 20
0.000000
 30
0.000000
 40
0.006000
 41
0.006000
 70
0
  0
VERTEX
  8
1
 10
0.870000
 20
2.724000
 30
0.000000
  0
VERTEX
  8
1
 10
0.126000
 20
2.724000
 30
0.000000
  0
SEQEND
  8
0
  0
POLYLINE
  8
1
 66
1
 10
0.000000
 20
0.000000
 30
0.000000
 40
0.003000
 41
0.003000
 70
0
  0
VERTEX
  8
1
 10
0.126000
 20
2.725500
 30
0.000000
 42
1.000000
  0
VERTEX
  8
1
 10
0.126000
 20
2.722500
 30
0.000000
  0
SEQEND
  8
0
  0
POLYLINE
  8
1
 66
1
 10
0.000000
 20
0.000000
 30
0.000000
 40
0.003000
 41
0.003000
 70
0
  0
VERTEX
  8
1
 10
0.870000
 20
2.722500
 30
0.000000
 42
1.000000
  0
VERTEX
  8
1
 10
0.870000
 20
2.725500
 30
0.000000
  0
SEQEND
  8
0
  0
POLYLINE
  8
1
 66
1
 10
0.000000
 20
0.000000
 30
0.000000
 40
0.006000
 41
0.006000
 70
0
  0
VERTEX
  8
1
 10
1.302000
 20
2.292000
 30
0.000000
  0
VERTEX
  8
1
 10
0.870000
 20
2.724000
 30
0.000000
  0
SEQEND
  8
0
  0
POLYLINE
  8
1
 66
1
 10
0.000000
 20
0.000000
 30
0.000000
 40
0.003000
 41
0.003000
 70
0
  0
VERTEX
  8
1
 10
0.871061
 20
2.725061
 30
0.000000
 42
1.000000
  0
VERTEX
  8
1
 10
0.868939
 20
2.722939
 30
0.000000
  0
SEQEND
  8
0
  0
POLYLINE
  8
1
 66
1
 10
0.000000
 20
0.000000
 30
0.000000
 40
0.003000
 41
0.003000
 70
0
  0
VERTEX
  8
1
 10
1.300939
 20
2.290939
 30
0.000000
 42
1.000000
  0
VERTEX
  8
1
 10
1.303061
 20
2.293061
 30
0.000000
  0
SEQEND
  8
0
  0
POLYLINE
  8
1
 66
1
 10
0.000000
 20
0.000000
 30
0.000000
 40
0.006000
 41
0.006000
 70
0
  0
VERTEX
  8
1
 10
0.126000
 20
2.724000
 30
0.000000
  0
VERTEX
  8
1
 10
0.125000
 20
2.725000
 30
0.000000
  0
SEQEND
  8
0
  0
POLYLINE
  8
1
 66
1
 10
0.000000
 20
0.000000
 30
0.000000
 40
0.003000
 41
0.003000
 70
0
  0
VERTEX
  8
1
 10
0.126061
 20
2.726061
 30
0.000000
 42
1.000000
  0
VERTEX
  8
1
 10
0.123939
 20
2.723939
 30
0.000000
  0
SEQEND
  8
0
  0
POLYLINE
  8
1
 66
1
 10
0.000000
 20
0.000000
 30
0.000000
 40
0.003000
 41
0.003000
 70
0
  0
VERTEX
  8
1
 10
0.124939
 20
2.722939
 30
0.000000
 42
1.000000
  0
VERTEX
  8
1
 10
0.127061
 20
2.725061
 30
0.000000
  0
SEQEND
  8
0
  0
POLYLINE
  8
1
 66
1
 10
0.000000
 20
0.000000
 30
0.000000
 40
0.006000
 41
0.006000
 70
0
  0
VERTEX
  8
1
 10
0.312000
 20
0.312000
 30
0.000000
  0
VERTEX
  8
1
 10
0.312000
 20
0.288000
 30
0.000000
  0
SEQEND
  8
0
  0
POLYLINE
  8
1
 66
1
 10
0.000000
 20
0.000000
 30
0.000000
 40
0.003000
 41
0.003000
 70
0
  0
VERTEX
  8
1
 10
0.310500
 20
0.288000
 30
0.000000
 42
1.000000
  0
VERTEX
  8
1
 10
0.313500
 20
0.288000
 30
0.000000
  0
SEQEND
  8
0
  0
POLYLINE
  8
1
 66
1
 10
0.000000
 20
0.000000
 30
0.000000
 40
0.003000
 41
0.003000
 70
0
  0
VERTEX
  8
1
 10
0.313500
 20
0.312000
 30
0.000000
 42
1.000000
  0
VERTEX
  8
1
 10
0.310500
 20
0.312000
 30
0.000000
  0
SEQEND
  8
0
  0
POLYLINE
  8
1
 66
1
 10
0.000000
 20
0.000000
 30
0.000000
 40
0.006000
 41
0.006000
 70
0
  0
VERTEX
  8
1
 10
0.180000
 20
0.444000
 30
0.000000
  0
VERTEX
  8
1
 10
0.312000
 20
0.312000
 30
0.000000
  0
SEQEND
  8
0
  0
POLYLINE
  8
1
 66
1
 10
0.000000
 20
0.000000
 30
0.000000
 40
0.003000
 41
0.003000
 70
0
  0
VERTEX
  8
1
 10
0.310939
 20
0.310939
 30
0.000000
 42
1.000000
  0
VERTEX
  8
1
 10
0.313061
 20
0.313061
 30
0.000000
  0
SEQEND
  8
0
  0
POLYLINE
  8
1
 66
1
 10
0.000000
 20
0.000000
 30
0.000000
 40
0.003000
 41
0.003000
 70
0
  0
VERTEX
  8
1
 10
0.181061
 20
0.445061
 30
0.000000
 42
1.000000
  0
VERTEX
  8
1
 10
0.178939
 20
0.442939
 30
0.000000
  0
SEQEND
  8
0
  0
POLYLINE
  8
1
 66
1
 10
0.000000
 20
0.000000
 30
0.000000
 40
0.006000
 41
0.006000
 70
0
  0
VERTEX
  8
1
 10
0.180000
 20
0.468000
 30
0.000000
  0
VERTEX
  8
1
 10
0.180000
 20
0.444000
 30
0.000000
  0
SEQEND
  8
0
  0
POLYLINE
  8
1
 66
1
 10
0.000000
 20
0.000000
 30
0.000000
 40
0.003000
 41
0.003000
 70
0
  0
VERTEX
  8
1
 10
0.178500
 20
0.444000
 30
0.000000
 42
1.000000
  0
VERTEX
  8
1
 10
0.181500
 20
0.444000
 30
0.000000
  0
SEQEND
  8
0
  0
POLYLINE
  8
1
 66
1
 10
0.000000
 20
0.000000
 30
0.000000
 40
0.003000
 41
0.003000
 70
0
  0
VERTEX
  8
1
 10
0.181500
 20
0.468000
 30
0.000000
 42
1.000000
  0
VERTEX
  8
1
 10
0.178500
 20
0.468000
 30
0.000000
  0
SEQEND
  8
0
  0
POLYLINE
  8
1
 66
1
 10
0.000000
 20
0.000000
 30
0.000000
 40
0.006000
 41
0.006000
 70
0
  0
VERTEX
  8
1
 10
0.312000
 20
0.288000
 30
0.000000
  0
VERTEX
  8
1
 10
0.312500
 20
0.287500
 30
0.000000
  0
SEQEND
  8
0
  0
POLYLINE
  8
1
 66
1
 10
0.000000
 20
0.000000
 30
0.000000
 40
0.003000
 41
0.003000
 70
0
  0
VERTEX
  8
1
 10
0.311439
 20
0.286439
 30
0.000000
 42
1.000000
  0
VERTEX
  8
1
 10
0.313561
 20
0.288561
 30
0.000000
  0
SEQEND
  8
0
  0
POLYLINE
  8
1
 66
1
 10
0.000000
 20
0.000000
 30
0.000000
 40
0.003000
 41
0.003000
 70
0
  0
VERTEX
  8
1
 10
0.313061
 20
0.289061
 30
0.000000
 42
1.000000
  0
VERTEX
  8
1
 10
0.310939
 20
0.286939
 30
0.000000
  0
SEQEND
  8
0
  0
POLYLINE
  8
1
 66
1
 10
0.000000
 20
0.000000
 30
0.000000
 40
0.006000
 41
0.006000
 70
0
  0
VERTEX
  8
1
 10
0.180000
 20
0.468000
 30
0.000000
  0
VERTEX
  8
1
 10
0.175000
 20
0.470000
 30
0.000000
  0
SEQEND
  8
0
  0
POLYLINE
  8
1
 66
1
 10
0.000000
 20
0.000000
 30
0.000000
 40
0.003000
 41
0.003000
 70
0
  0
VERTEX
  8
1
 10
0.175557
 20
0.471393
 30
0.000000
 42
1.000000
  0
VERTEX
  8
1
 10
0.174443
 20
0.468607
 30
0.000000
  0
SEQEND
  8
0
  0
POLYLINE
  8
1
 66
1
 10
0.000000
 20
0.000000
 30
0.000000
 40
0.003000
 41
0.003000
 70
0
  0
VERTEX
  8
1
 10
0.179443
 20
0.466607
 30
0.000000
 42
1.000000
  0
VERTEX
  8
1
 10
0.180557
 20
0.469393
 30
0.000000
  0
SEQEND
  8
0
  0
POLYLINE
  8
16
 66
1
 10
0.000000
 20
0.000000
 30
0.000000
 40
0.006000
 41
0.006000
 70
0
  0
VERTEX
  8
16
 10
0.174000
 20
0.372000
 30
0.000000
  0
VERTEX
  8
16
 10
0.312000
 20
0.372000
 30
0.000000
  0
SEQEND
  8
0
  0
POLYLINE
  8
16
 66
1
 10
0.000000
 20
0.000000
 30
0.000000
 40
0.003000
 41
0.003000
 70
0
  0
VERTEX
  8
16
 10
0.312000
 20
0.370500
 30
0.000000
 42
1.000000
  0
VERTEX
  8
16
 10
0.312000
 20
0.373500
 30
0.000000
  0
SEQEND
  8
0
  0
POLYLINE
  8
16
 66
1
 10
0.000000
 20
0.000000
 30
0.000000
 40
0.003000
 41
0.003000
 70
0
  0
VERTEX
  8
16
 10
0.174000
 20
0.373500
 30
0.000000
 42
1.000000
  0
VERTEX
  8
16
 10
0.174000
 20
0.370500
 30
0.000000
  0
SEQEND
  8
0
  0
POLYLINE
  8
16
 66
1
 10
0.000000
 20
0.000000
 30
0.000000
 40
0.006000
 41
0.006000
 70
0
  0
VERTEX
  8
16
 10
0.078000
 20
0.468000
 30
0.000000
  0
VERTEX
  8
16
 10
0.174000
 20
0.372000
 30
0.000000
  0
SEQEND
  8
0
  0
POLYLINE
  8
16
 66
1
 10
0.000000
 20
0.000000
 30
0.000000
 40
0.003000
 41
0.003000
 70
0
  0
VERTEX
  8
16
 10
0.172939
 20
0.370939
 30
0.000000
 42
1.000000
  0
VERTEX
  8
16
 10
0.175061
 20
0.373061
 30
0.000000
  0
SEQEND
  8
0
  0
POLYLINE
  8
16
 66
1
 10
0.000000
 20
0.000000
 30
0.000000
 40
0.003000
 41
0.003000
 70
0
  0
VERTEX
  8
16
 10
0.079061
 20
0.469061
 30
0.000000
 42
1.000000
  0
VERTEX
  8
16
 10
0.076939
 20
0.466939
 30
0.000000
  0
SEQEND
  8
0
  0
POLYLINE
  8
16
 66
1
 10
0.000000
 20
0.000000
 30
0.000000
 40
0.006000
 41
0.006000
 70
0
  0
VERTEX
  8
16
 10
0.312000
 20
0.372000
 30
0.000000
  0
VERTEX
  8
16
 10
0.312500
 20
0.366240
 30
0.000000
  0
SEQEND
  8
0
  0
POLYLINE
  8
16
 66
1
 10
0.000000
 20
0.000000
 30
0.000000
 40
0.003000
 41
0.003000
 70
0
  0
VERTEX
  8
16
 10
0.311006
 20
0.366110
 30
0.000000
 42
1.000000
  0
VERTEX
  8
16
 10
0.313994
 20
0.366370
 30
0.000000
  0
SEQEND
  8
0
  0
POLYLINE
  8
16
 66
1
 10
0.000000
 20
0.000000
 30
0.000000
 40
0.003000
 41
0.003000
 70
0
  0
VERTEX
  8
16
 10
0.313494
 20
0.372130
 30
0.000000
 42
1.000000
  0
VERTEX
  8
16
 10
0.310506
 20
0.371870
 30
0.000000
  0
SEQEND
  8
0
  0
POLYLINE
  8
16
 66
1
 10
0.000000
 20
0.000000
 30
0.000000
 40
0.006000
 41
0.006000
 70
0
  0
VERTEX
  8
16
 10
0.078000
 20
0.468000
 30
0.000000
  0
VERTEX
  8
16
 10
0.075000
 20
0.470000
 30
0.000000
  0
SEQEND
  8
0
  0
POLYLINE
  8
16
 66
1
 10
0.000000
 20
0.000000
 30
0.000000
 40
0.003000
 41
0.003000
 70
0
  0
VERTEX
  8
16
 10
0.075832
 20
0.471248
 30
0.000000
 42
1.000000
  0
VERTEX
  8
16
 10
0.074168
 20
0.468752
 30
0.000000
  0
SEQEND
  8
0
  0
POLYLINE
  8
16
 66
1
 10
0.000000
 20
0.000000
 30
0.000000
 40
0.003000
 41
0.003000
 70
0
  0
VERTEX
  8
16
 10
0.077168
 20
0.466752
 30
0.000000
 42
1.000000
  0
VERTEX
  8
16
 10
0.078832
 20
0.469248
 30
0.000000
  0
SEQEND
  8
0
  0
POLYLINE
  8
1
 66
1
 10
0.000000
 20
0.000000
 30
0.000000
 40
0.006000
 41
0.006000
 70
0
  0
VERTEX
  8
1
 10
1.488000
 20
0.432000
 30
0.000000
  0
VERTEX
  8
1
 10
1.488000
 20
0.318000
 30
0.000000
  0
SEQEND
  8
0
  0
POLYLINE
  8
1
 66
1
 10
0.000000
 20
0.000000
 30
0.000000
 40
0.003000
 41
0.003000
 70
0
  0
VERTEX
  8
1
 10
1.486500
 20
0.318000
 30
0.000000
 42
1.000000
  0
VERTEX
  8
1
 10
1.489500
 20
0.318000
 30
0.000000
  0
SEQEND
  8
0
  0
POLYLINE
  8
1
 66
1
 10
0.000000
 20
0.000000
 30
0.000000
 40
0.003000
 41
0.003000
 70
0
  0
VERTEX
  8
1
 10
1.489500
 20
0.432000
 30
0.000000
 42
1.000000
  0
VERTEX
  8
1
 10
1.486500
 20
0.432000
 30
0.000000
  0
SEQEND
  8
0
  0
POLYLINE
  8
1
 66
1
 10
0.000000
 20
0.000000
 30
0.000000
 40
0.006000
 41
0.006000
 70
0
  0
VERTEX
  8
1
 10
1.524000
 20
0.468000
 30
0.000000
  0
VERTEX
  8
1
 10
1.488000
 20
0.432000
 30
0.000000
  0
SEQEND
  8
0
  0
POLYLINE
  8
1
 66
1
 10
0.000000
 20
0.000000
 30
0.000000
 40
0.003000
 41
0.003000
 70
0
  0
VERTEX
  8
1
 10
1.486939
 20
0.433061
 30
0.000000
 42
1.000000
  0
VERTEX
  8
1
 10
1.489061
 20
0.430939
 30
0.000000
  0
SEQEND
  8
0
  0
POLYLINE
  8
1
 66
1
 10
0.000000
 20
0.000000
 30
0.000000
 40
0.003000
 41
0.003000
 70
0
  0
VERTEX
  8
1
 10
1.525061
 20
0.466939
 30
0.000000
 42
1.000000
  0
VERTEX
  8
1
 10
1.522939
 20
0.469061
 30
0.000000
  0
SEQEND
  8
0
  0
POLYLINE
  8
1
 66
1
 10
0.000000
 20
0.000000
 30
0.000000
 40
0.006000
 41
0.006000
 70
0
  0
VERTEX
  8
1
 10
1.488000
 20
0.318000
 30
0.000000
  0
VERTEX
  8
1
 10
1.487500
 20
0.314500
 30
0.000000
  0
SEQEND
  8
0
  0
POLYLINE
  8
1
 66
1
 10
0.000000
 20
0.000000
 30
0.000000
 40
0.003000
 41
0.003000
 70
0
  0
VERTEX
  8
1
 10
1.486015
 20
0.314712
 30
0.000000
 42
1.000000
  0
VERTEX
  8
1
 10
1.488985
 20
0.314288
 30
0.000000
  0
SEQEND
  8
0
  0
POLYLINE
  8
1
 66
1
 10
0.000000
 20
0.000000
 30
0.000000
 40
0.003000
 41
0.003000
 70
0
  0
VERTEX
  8
1
 10
1.489485
 20
0.317788
 30
0.000000
 42
1.000000
  0
VERTEX
  8
1
 10
1.486515
 20
0.318212
 30
0.000000
  0
SEQEND
  8
0
  0
POLYLINE
  8
1
 66
1
 10
0.000000
 20
0.000000
 30
0.000000
 40
0.006000
 41
0.006000
 70
0
  0
VERTEX
  8
1
 10
1.524000
 20
0.468000
 30
0.000000
  0
VERTEX
  8
1
 10
1.525000
 20
0.470000
 30
0.000000
  0
SEQEND
  8
0
  0
POLYLINE
  8
1
 66
1
 10
0.000000
 20
0.000000
 30
0.000000
 40
0.003000
 41
0.003000
 70
0
  0
VERTEX
  8
1
 10
1.526342
 20
0.469329
 30
0.000000
 42
1.000000
  0
VERTEX
  8
1
 10
1.523658
 20
0.470671
 30
0.000000
  0
SEQEND
  8
0
  0
POLYLINE
  8
1
 66
1
 10
0.000000
 20
0.000000
 30
0.000000
 40
0.003000
 41
0.003000
 70
0
  0
VERTEX
  8
1
 10
1.522658
 20
0.468671
 30
0.000000
 42
1.000000
  0
VERTEX
  8
1
 10
1.525342
 20
0.467329
 30
0.000000
  0
SEQEND
  8
0
  0
POLYLINE
  8
1
 66
1
 10
0.000000
 20
0.000000
 30
0.000000
 40
0.006000
 41
0.006000
 70
0
  0
VERTEX
  8
1
 10
1.488000
 20
0.258000
 30
0.000000
  0
VERTEX
  8
1
 10
1.488000
 20
0.138000
 30
0.000000
  0
SEQEND
  8
0
  0
POLYLINE
  8
1
 66
1
 10
0.000000
 20
0.000000
 30
0.000000
 40
0.003000
 41
0.003000
 70
0
  0
VERTEX
  8
1
 10
1.486500
 20
0.138000
 30
0.000000
 42
1.000000
  0
VERTEX
  8
1
 10
1.489500
 20
0.138000
 30
0.000000
  0
SEQEND
  8
0
  0
POLYLINE
  8
1
 66
1
 10
0.000000
 20
0.000000
 30
0.000000
 40
0.003000
 41
0.003000
 70
0
  0
VERTEX
  8
1
 10
1.489500
 20
0.258000
 30
0.000000
 42
1.000000
  0
VERTEX
  8
1
 10
1.486500
 20
0.258000
 30
0.000000
  0
SEQEND
  8
0
  0
POLYLINE
  8
1
 66
1
 10
0.000000
 20
0.000000
 30
0.000000
 40
0.006000
 41
0.006000
 70
0
  0
VERTEX
  8
1
 10
1.620000
 20
0.390000
 30
0.000000
  0
VERTEX
  8
1
 10
1.488000
 20
0.258000
 30
0.000000
  0
SEQEND
  8
0
  0
POLYLINE
  8
1
 66
1
 10
0.000000
 20
0.000000
 30
0.000000
 40
0.003000
 41
0.003000
 70
0
  0
VERTEX
  8
1
 10
1.486939
 20
0.259061
 30
0.000000
 42
1.000000
  0
VERTEX
  8
1
 10
1.489061
 20
0.256939
 30
0.000000
  0
SEQEND
  8
0
  0
POLYLINE
  8
1
 66
1
 10
0.000000
 20
0.000000
 30
0.000000
 40
0.003000
 41
0.003000
 70
0
  0
VERTEX
  8
1
 10
1.621061
 20
0.388939
 30
0.000000
 42
1.000000
  0
VERTEX
  8
1
 10
1.618939
 20
0.391061
 30
0.000000
  0
SEQEND
  8
0
  0
POLYLINE
  8
1
 66
1
 10
0.000000
 20
0.000000
 30
0.000000
 40
0.006000
 41
0.006000
 70
0
  0
VERTEX
  8
1
 10
1.620000
 20
0.468000
 30
0.000000
  0
VERTEX
  8
1
 10
1.620000
 20
0.390000
 30
0.000000
  0
SEQEND
  8
0
  0
POLYLINE
  8
1
 66
1
 10
0.000000
 20
0.000000
 30
0.000000
 40
0.003000
 41
0.003000
 70
0
  0
VERTEX
  8
1
 10
1.618500
 20
0.390000
 30
0.000000
 42
1.000000
  0
VERTEX
  8
1
 10
1.621500
 20
0.390000
 30
0.000000
  0
SEQEND
  8
0
  0
POLYLINE
  8
1
 66
1
 10
0.000000
 20
0.000000
 30
0.000000
 40
0.003000
 41
0.003000
 70
0
  0
VERTEX
  8
1
 10
1.621500
 20
0.468000
 30
0.000000
 42
1.000000
  0
VERTEX
  8
1
 10
1.618500
 20
0.468000
 30
0.000000
  0
SEQEND
  8
0
  0
POLYLINE
  8
1
 66
1
 10
0.000000
 20
0.000000
 30
0.000000
 40
0.006000
 41
0.006000
 70
0
  0
VERTEX
  8
1
 10
1.488000
 20
0.138000
 30
0.000000
  0
VERTEX
  8
1
 10
1.487500
 20
0.137500
 30
0.000000
  0
SEQEND
  8
0
  0
POLYLINE
  8
1
 66
1
 10
0.000000
 20
0.000000
 30
0.000000
 40
0.003000
 41
0.003000
 70
0
  0
VERTEX
  8
1
 10
1.486439
 20
0.138561
 30
0.000000
 42
1.000000
  0
VERTEX
  8
1
 10
1.488561
 20
0.136439
 30
0.000000
  0
SEQEND
  8
0
  0
POLYLINE
  8
1
 66
1
 10
0.000000
 20
0.000000
 30
0.000000
 40
0.003000
 41
0.003000
 70
0
  0
VERTEX
  8
1
 10
1.489061
 20
0.136939
 30
0.000000
 42
1.000000
  0
VERTEX
  8
1
 10
1.486939
 20
0.139061
 30
0.000000
  0
SEQEND
  8
0
  0
POLYLINE
  8
1
 66
1
 10
0.000000
 20
0.000000
 30
0.000000
 40
0.006000
 41
0.006000
 70
0
  0
VERTEX
  8
1
 10
1.620000
 20
0.468000
 30
0.000000
  0
VERTEX
  8
1
 10
1.625000
 20
0.470000
 30
0.000000
  0
SEQEND
  8
0
  0
POLYLINE
  8
1
 66
1
 10
0.000000
 20
0.000000
 30
0.000000
 40
0.003000
 41
0.003000
 70
0
  0
VERTEX
  8
1
 10
1.625557
 20
0.468607
 30
0.000000
 42
1.000000
  0
VERTEX
  8
1
 10
1.624443
 20
0.471393
 30
0.000000
  0
SEQEND
  8
0
  0
POLYLINE
  8
1
 66
1
 10
0.000000
 20
0.000000
 30
0.000000
 40
0.003000
 41
0.003000
 70
0
  0
VERTEX
  8
1
 10
1.619443
 20
0.469393
 30
0.000000
 42
1.000000
  0
VERTEX
  8
1
 10
1.620557
 20
0.466607
 30
0.000000
  0
SEQEND
  8
0
  0
ENDSEC
  0
EOF
